transaction_id,customer_id,transaction_date,transaction_time,transaction_amount,transaction_type,merchant_category,account_age_days,customer_age,location,device_type,payment_method,previous_transaction_amount,transactions_last_24h,is_international,is_fraud,amount_difference,amount_ratio,high_value_transaction,high_frequency,unusual_amount,transaction_month,transaction_day,transaction_dayofweek,fraud_probability,predicted_fraud
TXN105910,CUST12079,2025-08-04,03:29:32,170.77,Transfer,Travel,695,45,Chennai,Desktop,UPI,124.58,2,0,0,46.19000000000001,1.3598502946329034,0,0,0,8,4,0,0.006879453,0
TXN106540,CUST11027,2025-08-27,01:54:55,298.54,Purchase,Restaurant,705,26,Hyderabad,Mobile,Wallet,880.28,1,0,0,-581.74,0.33875726216412494,0,0,0,8,27,2,0.0018285731,0
TXN102928,CUST10929,2025-04-17,14:09:23,1013.22,Purchase,Grocery,2501,34,Chennai,ATM,UPI,245.23,0,0,0,767.99,4.114933192543557,0,0,1,4,17,3,0.002371685,0
TXN102209,CUST10521,2025-03-22,09:58:31,116.4,Purchase,Utilities,3624,28,Chennai,ATM,Wallet,366.02,4,0,0,-249.61999999999998,0.3171489292136669,0,0,0,3,22,5,0.033710837,0
TXN106650,CUST12087,2025-08-31,02:01:15,400.26,Purchase,Healthcare,1206,22,Hyderabad,Mobile,Credit Card,39.0,1,0,0,361.26,10.006499999999999,0,0,1,8,31,6,0.005351339,0
TXN103671,CUST11435,2025-05-14,15:18:22,110.84,Transfer,Utilities,1329,60,Delhi,Mobile,Debit Card,56.61,3,0,0,54.230000000000004,1.923971532720014,0,0,0,5,14,2,0.0024735008,0
TXN106449,CUST11520,2025-08-23,18:24:35,415.49,Bill Payment,Other,3080,31,Bengaluru,ATM,UPI,37.03,2,0,0,378.46000000000004,10.925322114120432,0,0,1,8,23,5,0.03145276,0
TXN106594,CUST11542,2025-08-29,01:05:40,189.58,Transfer,Fuel,188,31,Hyderabad,Mobile,Debit Card,225.77,1,0,0,-36.19,0.8360012347312255,0,0,0,8,29,4,0.0052865143,0
TXN102680,CUST11298,2025-04-08,13:28:55,146.73,Deposit,Utilities,1565,54,Jaipur,ATM,Debit Card,80.8,1,0,0,65.92999999999999,1.793765281173594,0,0,0,4,8,1,0.005512747,0
TXN108395,CUST12428,2025-11-02,14:36:19,214.37,Purchase,Healthcare,1683,60,Kolkata,Mobile,Net Banking,179.75,3,0,0,34.620000000000005,1.186002766251729,0,0,0,11,2,6,0.0076965764,0
TXN105673,CUST10115,2025-07-26,12:25:42,55.15,Withdrawal,Entertainment,1117,37,Bengaluru,Mobile,Debit Card,26.03,2,0,0,29.119999999999997,2.040325564187939,0,0,0,7,26,5,0.0005411885,0
TXN107975,CUST10665,2025-10-18,07:39:24,154.75,Purchase,Entertainment,2296,72,Jaipur,Desktop,UPI,35.17,2,0,0,119.58,4.278407520044236,0,0,1,10,18,5,0.0052433712,0
TXN103884,CUST11424,2025-05-22,09:24:06,146.46,Withdrawal,Travel,2522,57,Ahmedabad,Mobile,Cash,39.85,2,0,0,106.61000000000001,3.5853121175030602,0,0,1,5,22,3,0.00011002157,0
TXN101114,CUST12051,2025-02-10,13:17:15,243.78,Transfer,Healthcare,3281,54,Bengaluru,Mobile,Debit Card,60.74,0,0,0,183.04,3.9484936831875608,0,0,1,2,10,0,0.00078180217,0
TXN109670,CUST11663,2025-12-19,00:33:24,82.48,Bill Payment,Utilities,2308,54,Mumbai,ATM,Wallet,90.84,4,0,0,-8.36,0.8980836236933798,0,0,0,12,19,4,0.026795309,0
TXN102874,CUST12466,2025-04-15,14:58:38,136.19,Withdrawal,Other,462,40,Delhi,Mobile,Wallet,192.16,3,0,0,-55.97,0.7050631600745496,0,0,0,4,15,1,0.0063202106,0
TXN109894,CUST10265,2025-12-27,04:15:46,106.72,Transfer,Entertainment,3456,70,Nagpur,Mobile,UPI,354.15,2,0,0,-247.42999999999998,0.30049274954244687,0,0,0,12,27,5,0.001409381,0
TXN106518,CUST11755,2025-08-26,06:41:39,197.03,Bill Payment,Grocery,3446,50,Hyderabad,Desktop,Debit Card,143.94,2,0,0,53.09,1.3593900924520492,0,0,0,8,26,1,0.0007200289,0
TXN100434,CUST11440,2025-01-16,19:10:49,107.59,Transfer,Entertainment,3401,64,Nagpur,Mobile,Cash,126.09,3,0,0,-18.5,0.8465654260760092,0,0,0,1,16,3,0.0007669295,0
TXN107990,CUST12322,2025-10-18,20:45:43,154.71,Transfer,Grocery,1645,50,Delhi,Mobile,Cash,90.77,3,0,0,63.94000000000001,1.6858450474011117,0,0,0,10,18,5,0.0017339365,0
TXN100948,CUST10711,2025-02-04,12:15:20,112.09,Purchase,Utilities,3197,62,Hyderabad,ATM,Net Banking,82.22,2,0,0,29.870000000000005,1.3469118000480653,0,0,0,2,4,1,0.0007211812,0
TXN105185,CUST10929,2025-07-08,18:04:08,252.76,Bill Payment,Other,2236,66,Hyderabad,ATM,Wallet,102.59,3,0,0,150.17,2.4400038613765807,0,0,0,7,8,1,0.011891949,0
TXN101020,CUST11724,2025-02-07,03:09:40,120.83,Withdrawal,Online Shopping,1879,54,Hyderabad,Desktop,Debit Card,169.85,3,0,0,-49.019999999999996,0.7072285630670179,0,0,0,2,7,4,0.00039588925,0
TXN107398,CUST12279,2025-09-27,07:32:20,409.97,Transfer,Healthcare,3392,61,Hyderabad,Mobile,Debit Card,169.66,1,0,0,240.31000000000003,2.4022618071018402,0,0,0,9,27,5,0.0007972057,0
TXN107842,CUST10889,2025-10-13,11:27:22,61.19,Purchase,Online Shopping,1479,59,Nagpur,Mobile,Credit Card,124.12,2,0,0,-62.93000000000001,0.48905051150895135,0,0,0,10,13,0,0.0024997937,0
TXN106683,CUST11607,2025-09-01,06:51:09,123.05,Deposit,Fuel,3554,64,Chennai,Mobile,Net Banking,135.58,1,0,0,-12.530000000000015,0.9009371796749157,0,0,0,9,1,0,0.0047088484,0
TXN106119,CUST11461,2025-08-11,18:05:34,581.44,Purchase,Entertainment,1586,34,Nagpur,ATM,Cash,155.38,1,1,1,426.06000000000006,3.718122522061645,0,0,1,8,11,0,0.98565197,1
TXN107834,CUST11909,2025-10-13,04:28:00,454.84,Purchase,Travel,1479,22,Mumbai,Mobile,Debit Card,144.11,3,0,0,310.72999999999996,3.1344497277927084,0,0,1,10,13,0,0.0011679628,0
TXN100873,CUST11319,2025-02-01,18:43:44,234.84,Bill Payment,Electronics,3186,66,Hyderabad,Mobile,Net Banking,625.12,3,0,0,-390.28,0.3750718712067974,0,0,0,2,1,5,0.0005557995,0
TXN103300,CUST10330,2025-05-01,03:10:05,36.17,Purchase,Utilities,1978,73,Jaipur,Mobile,Wallet,45.03,1,0,0,-8.86,0.785791874864219,0,0,0,5,1,3,0.0033421968,0
TXN108077,CUST11585,2025-10-22,00:46:22,176.68,Withdrawal,Online Shopping,3416,18,Chennai,ATM,Cash,115.91,1,0,0,60.77000000000001,1.5112479685227953,0,0,0,10,22,2,0.03784694,0
TXN102149,CUST10855,2025-03-20,05:33:14,82.47,Bill Payment,Travel,3237,19,Mumbai,Desktop,Wallet,141.28,2,0,0,-58.81,0.5796317121169525,0,0,0,3,20,3,0.013614738,0
TXN108046,CUST11339,2025-10-20,21:41:18,136.94,Withdrawal,Online Shopping,274,72,Hyderabad,Tablet,Net Banking,158.89,2,0,0,-21.94999999999999,0.856463818875477,0,0,0,10,20,0,0.02464683,0
TXN109230,CUST12046,2025-12-03,00:08:03,91.19,Transfer,Travel,2904,24,Delhi,Mobile,Net Banking,108.8,2,0,0,-17.61,0.8305100182149362,0,0,0,12,3,2,0.0034467361,0
TXN108036,CUST12437,2025-10-20,12:57:06,133.9,Purchase,Restaurant,3390,20,Kolkata,Mobile,Cash,113.46,1,0,0,20.440000000000012,1.1698409924864583,0,0,0,10,20,0,0.0035622483,0
TXN104474,CUST11719,2025-06-12,20:52:38,62.46,Purchase,Fuel,83,44,Kolkata,ATM,UPI,99.28,1,0,0,-36.82,0.622856003191065,0,0,0,6,12,3,0.00796004,0
TXN102127,CUST11768,2025-03-19,10:19:58,425.18,Transfer,Online Shopping,2358,68,Pune,Mobile,Cash,218.71,2,0,0,206.47,1.9351872923399025,0,0,0,3,19,2,0.0007330634,0
TXN102056,CUST11276,2025-03-16,20:18:04,259.73,Purchase,Restaurant,3311,50,Nagpur,Mobile,Debit Card,413.08,5,1,0,-153.34999999999997,0.6272459428129831,0,0,0,3,16,6,0.0043322137,0
TXN109127,CUST11672,2025-11-29,06:08:40,130.94,Purchase,Healthcare,2728,60,Bengaluru,Mobile,Credit Card,77.55,3,0,0,53.39,1.6669637173774665,0,0,0,11,29,5,0.00040185015,0
TXN109954,CUST11980,2025-12-29,08:41:02,189.6,Purchase,Entertainment,287,59,Pune,Desktop,Credit Card,333.74,3,0,0,-144.14000000000001,0.566409750851407,0,0,0,12,29,0,0.00812572,0
TXN107466,CUST10817,2025-09-29,18:56:59,96.85,Purchase,Travel,174,75,Kolkata,ATM,Credit Card,181.82,2,0,0,-84.97,0.5297560441964774,0,0,0,9,29,0,0.0082011325,0
TXN102921,CUST10125,2025-04-17,08:02:26,140.99,Deposit,Healthcare,1482,62,Nagpur,Mobile,UPI,230.13,1,0,0,-89.13999999999999,0.6100030285986242,0,0,0,4,17,3,0.0012562734,0
TXN102667,CUST12046,2025-04-08,02:07:27,50.55,Purchase,Restaurant,1257,24,Chennai,Mobile,UPI,75.29,3,0,0,-24.74000000000001,0.6626032245379472,0,0,0,4,8,1,0.0017493073,0
TXN100195,CUST11147,2025-01-08,02:22:08,188.7,Transfer,Fuel,1058,28,Kolkata,Mobile,Cash,90.79,3,0,1,97.90999999999998,2.055779496677198,0,0,0,1,8,2,0.0005951548,0
TXN105698,CUST11907,2025-07-27,10:16:14,225.46,Purchase,Healthcare,2542,33,Chennai,Mobile,Credit Card,428.85,2,0,0,-203.39000000000001,0.5245085494940095,0,0,0,7,27,6,0.004550572,0
TXN109435,CUST11698,2025-12-10,11:14:25,463.08,Bill Payment,Healthcare,2881,38,Kolkata,Desktop,Credit Card,132.21,2,0,0,330.87,3.476315591922528,0,0,1,12,10,2,0.0022278777,0
TXN107350,CUST11554,2025-09-25,13:36:07,378.67,Bill Payment,Electronics,451,39,Pune,ATM,Cash,372.41,1,0,0,6.259999999999991,1.0140863929728716,0,0,0,9,25,3,0.004442538,0
TXN102903,CUST10359,2025-04-16,16:18:51,55.37,Withdrawal,Online Shopping,3454,31,Hyderabad,Mobile,Wallet,101.2,6,0,0,-45.830000000000005,0.5417808219178082,0,0,0,4,16,2,0.0092415055,0
TXN108181,CUST11667,2025-10-25,19:38:10,49.8,Transfer,Restaurant,1441,65,Nagpur,ATM,Cash,29.76,5,0,0,20.039999999999996,1.6189856957087125,0,0,0,10,25,5,0.021866618,0
TXN101297,CUST11607,2025-02-17,05:10:21,144.71,Purchase,Healthcare,2450,38,Nagpur,Desktop,Cash,24.03,2,0,0,120.68,5.781462245305633,0,0,1,2,17,0,0.0004033925,0
TXN101879,CUST10719,2025-03-10,09:39:30,79.95,Transfer,Entertainment,2713,69,Nagpur,Mobile,Cash,173.96,3,1,0,-94.01,0.45696159122085045,0,0,0,3,10,0,0.0055162045,0
TXN101640,CUST10185,2025-03-01,16:50:50,149.15,Bill Payment,Other,1555,21,Mumbai,Desktop,Wallet,184.28,4,0,0,-35.129999999999995,0.8049978411053541,0,0,0,3,1,5,0.011435668,0
TXN105123,CUST11901,2025-07-06,11:54:01,211.02,Transfer,Travel,2098,30,Delhi,Mobile,Net Banking,118.44,1,0,0,92.58000000000001,1.7667448091091762,0,0,0,7,6,6,0.009673254,0
TXN101135,CUST11772,2025-02-11,07:38:06,628.98,Purchase,Restaurant,2935,25,Ahmedabad,Mobile,Cash,88.49,1,0,0,540.49,7.028494803888703,0,0,1,2,11,1,0.0012241319,0
TXN103336,CUST11072,2025-05-02,10:37:15,108.48,Purchase,Grocery,1092,71,Nagpur,Mobile,Wallet,154.54,2,0,0,-46.05999999999999,0.6974411726886975,0,0,0,5,2,4,0.0024415837,0
TXN108485,CUST12104,2025-11-05,21:14:14,291.97,Bill Payment,Other,584,21,Hyderabad,Desktop,UPI,110.54,5,0,0,181.43,2.61762596377981,0,0,0,11,5,2,0.0022589732,0
TXN108090,CUST11088,2025-10-22,12:07:50,239.05,Purchase,Electronics,2282,26,Hyderabad,Desktop,UPI,67.1,2,0,0,171.95000000000002,3.510279001468429,0,0,1,10,22,2,0.00080141623,0
TXN102111,CUST10464,2025-03-18,20:21:14,145.45,Withdrawal,Restaurant,2900,37,Delhi,Desktop,Debit Card,50.11,0,0,0,95.33999999999999,2.8458227352768537,0,0,0,3,18,1,0.00023771709,0
TXN106419,CUST10024,2025-08-22,16:11:57,140.19,Deposit,Utilities,2874,66,Chennai,Mobile,Net Banking,719.6,1,0,0,-579.4100000000001,0.19454621149042464,0,0,0,8,22,4,0.002881189,0
TXN107006,CUST11745,2025-09-13,01:03:13,214.75,Deposit,Online Shopping,1304,63,Hyderabad,ATM,Wallet,82.38,2,0,0,132.37,2.575557687694891,0,0,0,9,13,5,0.055273343,0
TXN105409,CUST11634,2025-07-16,21:46:29,449.84,Purchase,Entertainment,2379,75,Ahmedabad,Mobile,Wallet,147.12,1,0,0,302.71999999999997,3.0369970294355926,0,0,1,7,16,2,0.0008099442,0
TXN105033,CUST12237,2025-07-03,05:16:06,85.62,Purchase,Grocery,2804,37,Delhi,Desktop,Cash,179.48,3,0,0,-93.85999999999999,0.4744015957446809,0,0,0,7,3,3,0.0010419948,0
TXN108937,CUST11189,2025-11-22,08:08:38,228.28,Purchase,Restaurant,194,57,Pune,Tablet,Net Banking,273.37,2,0,0,-45.09,0.8320151620075081,0,0,0,11,22,5,0.002181179,0
TXN100597,CUST11617,2025-01-22,17:35:28,1187.18,Purchase,Utilities,1553,50,Nagpur,Mobile,Credit Card,132.53,4,0,0,1054.65,8.890736164157868,0,0,1,1,22,2,0.05529061,0
TXN106260,CUST10989,2025-08-16,21:16:58,477.02,Purchase,Travel,1562,53,Mumbai,ATM,Credit Card,21.34,5,0,0,455.68,21.352730528200535,0,0,1,8,16,5,0.05465833,0
TXN105914,CUST11744,2025-08-04,06:59:13,96.76,Purchase,Online Shopping,1289,40,Pune,Mobile,Credit Card,97.21,0,0,0,-0.44999999999998863,0.9852357193768456,0,0,0,8,4,0,0.005446195,0
TXN108436,CUST10849,2025-11-04,02:25:35,665.58,Purchase,Other,3235,39,Kolkata,Mobile,UPI,34.87,3,0,0,630.71,18.555338723166994,0,0,1,11,4,1,0.0028589594,0
TXN106337,CUST12429,2025-08-19,16:33:24,75.08,Purchase,Travel,2251,35,Delhi,Desktop,Net Banking,130.8,3,0,0,-55.72000000000001,0.5696509863429438,0,0,0,8,19,1,0.0016033959,0
TXN106901,CUST12208,2025-09-09,05:18:59,86.81,Transfer,Electronics,1490,21,Bengaluru,Mobile,UPI,85.96,2,0,0,0.8500000000000085,0.9982750689972402,0,0,0,9,9,1,0.0038941381,0
TXN105052,CUST11367,2025-07-03,21:52:06,143.92,Withdrawal,Restaurant,2114,68,Mumbai,Mobile,Debit Card,158.67,2,0,0,-14.75,0.9013590530469092,0,0,0,7,3,3,0.0009883648,0
TXN108350,CUST12185,2025-10-31,23:17:22,176.41,Bill Payment,Electronics,749,18,Jaipur,ATM,Net Banking,229.11,2,0,0,-52.70000000000002,0.7666333492677414,0,0,0,10,31,4,0.03456941,0
TXN107637,CUST10136,2025-10-06,00:21:01,43.49,Transfer,Utilities,847,23,Chennai,Tablet,Debit Card,34.39,0,0,0,9.100000000000001,1.228878214184798,0,0,0,10,6,0,0.0056633065,0
TXN103241,CUST10161,2025-04-28,23:37:14,69.51,Purchase,Utilities,2058,51,Delhi,ATM,UPI,15.17,3,0,0,54.34,4.298701298701299,0,0,1,4,28,0,0.0031166498,0
TXN100709,CUST10060,2025-01-26,19:26:39,104.95,Purchase,Fuel,796,38,Delhi,ATM,Credit Card,50.88,4,0,0,54.07,2.022937548188126,0,0,0,1,26,6,0.0023224817,0
TXN108710,CUST12377,2025-11-14,01:49:01,65.19,Purchase,Online Shopping,3560,30,Chennai,Mobile,Debit Card,329.06,2,1,0,-263.87,0.19750954371932375,0,0,0,11,14,4,0.0011764057,0
TXN109382,CUST11594,2025-12-08,12:56:05,200.39,Purchase,Grocery,1533,38,Chennai,Mobile,Cash,68.36,3,0,0,132.02999999999997,2.8891291810841984,0,0,0,12,8,0,0.00063131744,0
TXN103624,CUST10374,2025-05-12,22:14:34,624.25,Bill Payment,Restaurant,2794,73,Ahmedabad,Mobile,Cash,195.34,1,0,0,428.90999999999997,3.1794336355302026,0,0,1,5,12,0,0.0012136619,0
TXN102997,CUST12482,2025-04-20,02:26:27,50.55,Transfer,Utilities,2361,35,Ahmedabad,Mobile,Wallet,465.88,5,0,0,-415.33,0.10827193283070596,0,0,0,4,20,6,0.041101787,0
TXN100912,CUST11646,2025-02-03,04:48:10,143.8,Deposit,Restaurant,2367,71,Ahmedabad,Mobile,UPI,411.77,3,0,0,-267.96999999999997,0.34837803134917755,0,0,0,2,3,0,0.0007169221,0
TXN103117,CUST11036,2025-04-24,11:17:00,41.54,Purchase,Grocery,2646,27,Bengaluru,Mobile,Wallet,122.14,2,0,0,-80.6,0.3373396134481078,0,0,0,4,24,3,0.0035006797,0
TXN104387,CUST10721,2025-06-09,16:51:59,27.89,Bill Payment,Healthcare,3536,75,Kolkata,Desktop,Wallet,150.6,0,1,0,-122.71,0.18397097625329817,0,0,0,6,9,0,0.024263574,0
TXN105164,CUST12405,2025-07-07,23:43:17,172.11,Transfer,Online Shopping,558,51,Nagpur,Mobile,Credit Card,44.05,4,0,0,128.06,3.820421753607104,0,0,1,7,7,0,0.0019285842,0
TXN109462,CUST11477,2025-12-11,10:49:47,166.17,Transfer,Travel,1108,52,Bengaluru,Mobile,Wallet,278.41,1,0,0,-112.24000000000004,0.5947174403206756,0,0,0,12,11,3,0.009796352,0
TXN102260,CUST11653,2025-03-24,06:32:00,62.71,Deposit,Online Shopping,2311,33,Nagpur,Desktop,Credit Card,25.86,1,0,0,36.85,2.33469843633656,0,0,0,3,24,0,0.0006224737,0
TXN101025,CUST10989,2025-02-07,07:31:46,111.7,Transfer,Electronics,711,67,Hyderabad,ATM,Debit Card,58.69,2,0,0,53.010000000000005,1.8713352320321663,0,0,0,2,7,4,0.004695345,0
TXN103165,CUST12341,2025-04-26,05:13:13,53.41,Deposit,Fuel,3046,74,Mumbai,Mobile,UPI,88.33,1,0,0,-34.92,0.5978954438598455,0,0,0,4,26,5,0.0040906076,0
TXN101353,CUST11711,2025-02-19,06:05:56,307.16,Purchase,Utilities,1508,58,Delhi,Desktop,Wallet,316.23,2,0,0,-9.069999999999993,0.9682564700690351,0,0,0,2,19,2,0.0008074936,0
TXN108042,CUST10252,2025-10-20,18:11:37,62.49,Purchase,Healthcare,1992,49,Pune,Mobile,Cash,111.83,1,0,0,-49.339999999999996,0.5538420632810424,0,0,0,10,20,0,0.0024719846,0
TXN109986,CUST10412,2025-12-30,12:38:31,664.77,Transfer,Other,2036,35,Mumbai,Mobile,Net Banking,37.74,0,0,0,627.03,17.159783169850282,0,0,1,12,30,1,0.0062721283,0
TXN105268,CUST10579,2025-07-11,18:35:06,198.52,Deposit,Healthcare,2467,35,Hyderabad,Mobile,Credit Card,69.59,3,0,0,128.93,2.8122963592576853,0,0,0,7,11,4,0.0005620051,0
TXN106996,CUST10719,2025-09-12,16:19:00,245.87,Purchase,Restaurant,3302,68,Hyderabad,Mobile,Net Banking,101.67,2,0,0,144.2,2.3947599103925197,0,0,0,9,12,4,0.0017204677,0
TXN109598,CUST10712,2025-12-16,09:39:04,285.25,Deposit,Grocery,2813,66,Jaipur,Desktop,Cash,154.89,2,0,0,130.36,1.8298158958239785,0,0,0,12,16,1,0.00046054705,0
TXN104560,CUST10869,2025-06-16,00:00:51,118.46,Purchase,Online Shopping,1784,27,Kolkata,Desktop,Credit Card,50.14,2,0,0,68.32,2.316386390301134,0,0,0,6,16,0,0.0006433428,0
TXN100254,CUST11603,2025-01-10,05:54:59,126.0,Purchase,Healthcare,878,49,Bengaluru,Tablet,Cash,68.58,2,0,0,57.42,1.8108651911468814,0,0,0,1,10,4,0.0008461129,0
TXN108257,CUST10618,2025-10-28,14:02:11,68.41,Transfer,Utilities,1407,72,Chennai,ATM,UPI,138.15,2,0,0,-69.74000000000001,0.4916277398490837,0,0,0,10,28,1,0.019287605,0
TXN102942,CUST12495,2025-04-18,02:23:17,21.0,Purchase,Other,1042,58,Hyderabad,Mobile,Debit Card,67.16,1,0,0,-46.16,0.3080985915492958,0,0,0,4,18,4,0.0002190432,0
TXN105170,CUST12264,2025-07-08,04:57:49,78.02,Purchase,Travel,1787,63,Kolkata,Mobile,Debit Card,32.13,2,0,0,45.88999999999999,2.354965288258376,0,0,0,7,8,1,0.00012262347,0
TXN101700,CUST12203,2025-03-03,21:16:06,142.61,Transfer,Online Shopping,3022,56,Ahmedabad,ATM,Net Banking,660.65,1,0,0,-518.04,0.21553691528753877,0,0,0,3,3,0,0.006184075,0
TXN103181,CUST11697,2025-04-26,19:11:58,18.32,Transfer,Electronics,1386,56,Pune,ATM,Credit Card,89.02,0,0,0,-70.69999999999999,0.20351033103754723,0,0,0,4,26,5,0.015546392,0
TXN105703,CUST10078,2025-07-27,14:38:20,66.6,Purchase,Entertainment,1551,37,Kolkata,Desktop,UPI,183.15,4,0,0,-116.55000000000001,0.361661688840619,0,0,0,7,27,6,0.0012672172,0
TXN107255,CUST10672,2025-09-22,02:36:06,226.58,Transfer,Utilities,132,30,Ahmedabad,Mobile,Cash,245.12,0,0,0,-18.539999999999992,0.9206078335771168,0,0,0,9,22,0,0.016046643,0
TXN106740,CUST11134,2025-09-03,08:39:10,203.35,Bill Payment,Electronics,2338,68,Kolkata,Mobile,Net Banking,43.78,1,0,0,159.57,4.541089772219741,0,0,1,9,3,2,0.0022320824,0
TXN105609,CUST12220,2025-07-24,04:30:44,55.23,Purchase,Utilities,2311,48,Mumbai,Tablet,Debit Card,168.79,4,0,0,-113.56,0.3252841745685847,0,0,0,7,24,3,0.0015256898,0
TXN101870,CUST11243,2025-03-10,01:47:43,135.96,Purchase,Other,3343,27,Kolkata,Mobile,Debit Card,47.88,2,0,0,88.08000000000001,2.781505728314239,0,0,0,3,10,0,0.00011006888,0
TXN104549,CUST11008,2025-06-15,14:24:13,25.94,Transfer,Travel,2957,50,Ahmedabad,Mobile,Wallet,53.05,3,0,0,-27.109999999999996,0.4799259944495838,0,0,0,6,15,6,0.019765276,0
TXN102179,CUST10991,2025-03-21,07:45:53,60.0,Purchase,Utilities,1283,36,Pune,Mobile,Cash,59.27,3,0,0,0.7299999999999969,0.9955201592832255,0,0,0,3,21,4,0.0010874481,0
TXN107339,CUST12205,2025-09-25,03:59:29,760.74,Purchase,Utilities,1551,50,Hyderabad,ATM,Wallet,29.81,3,0,1,730.9300000000001,24.691333982473225,0,0,1,9,25,3,0.91841793,1
TXN108293,CUST12030,2025-10-29,21:29:21,114.78,Transfer,Other,2787,72,Mumbai,Mobile,Credit Card,327.36,4,0,0,-212.58,0.34955536606163967,0,0,0,10,29,2,0.0006940336,0
TXN108943,CUST10463,2025-11-22,13:23:10,51.75,Bill Payment,Entertainment,1608,40,Chennai,Desktop,Credit Card,315.05,5,0,0,-263.3,0.16373991457047934,0,0,0,11,22,5,0.00094874826,0
TXN105292,CUST10428,2025-07-12,15:33:12,23.48,Purchase,Electronics,770,46,Delhi,Mobile,Credit Card,271.67,3,0,0,-248.19000000000003,0.08611141673084681,0,0,0,7,12,5,0.0013092346,0
TXN101635,CUST11441,2025-03-01,12:28:43,81.22,Transfer,Restaurant,3374,63,Ahmedabad,ATM,Credit Card,615.19,2,0,0,-533.97,0.13180999367078336,0,0,0,3,1,5,0.0022187752,0
TXN103062,CUST12334,2025-04-22,11:13:50,207.9,Bill Payment,Restaurant,2854,47,Mumbai,Mobile,Wallet,95.3,1,0,0,112.60000000000001,2.1588785046728973,0,0,0,4,22,1,0.0040353783,0
TXN109765,CUST10061,2025-12-22,11:33:25,233.65,Deposit,Travel,3377,20,Pune,Mobile,UPI,70.45,2,0,0,163.2,3.270118964310707,0,0,1,12,22,0,0.00061901717,0
TXN102187,CUST11613,2025-03-21,14:45:15,21.98,Purchase,Grocery,3097,35,Delhi,Mobile,Credit Card,64.55,1,0,0,-42.56999999999999,0.3353165522501907,0,0,0,3,21,4,0.001150088,0
TXN102367,CUST12125,2025-03-28,04:01:04,108.89,Purchase,Fuel,1931,62,Chennai,ATM,Cash,100.31,4,0,0,8.579999999999998,1.0748198598361465,0,0,0,3,28,4,0.0038999338,0
TXN109194,CUST12239,2025-12-01,16:40:54,92.59,Transfer,Fuel,3626,49,Nagpur,Desktop,Cash,256.3,3,0,0,-163.71,0.3598523124757093,0,0,0,12,1,0,0.0015031641,0
TXN106733,CUST12144,2025-09-03,02:32:13,300.69,Withdrawal,Online Shopping,1548,36,Kolkata,Desktop,Credit Card,88.43,2,0,0,212.26,3.362294532036229,0,0,1,9,3,2,0.0013562713,0
TXN103492,CUST10270,2025-05-08,02:54:58,281.4,Purchase,Fuel,1558,31,Hyderabad,Desktop,UPI,76.33,1,1,0,205.07,3.638949954739428,0,0,1,5,8,3,0.024340114,0
TXN104795,CUST10238,2025-06-24,13:19:51,237.09,Transfer,Entertainment,1079,40,Ahmedabad,Mobile,Wallet,211.79,2,0,0,25.30000000000001,1.1141970957281828,0,0,0,6,24,1,0.0100316955,0
TXN100769,CUST10125,2025-01-28,23:51:56,98.16,Purchase,Electronics,3617,28,Delhi,Tablet,Wallet,56.34,0,0,0,41.81999999999999,1.711893965817928,0,0,0,1,28,1,0.016348224,0
TXN106391,CUST10880,2025-08-21,15:44:09,301.61,Withdrawal,Restaurant,514,75,Chennai,Tablet,Net Banking,26.6,1,0,0,275.01,10.927898550724638,0,0,1,8,21,3,0.015216992,0
TXN103744,CUST11779,2025-05-17,07:05:07,1137.6,Bill Payment,Travel,3494,25,Pune,Mobile,UPI,84.93,1,0,0,1052.6699999999998,13.238682648667519,0,0,1,5,17,5,0.011863514,0
TXN103284,CUST11697,2025-04-30,13:11:21,154.42,Bill Payment,Grocery,530,60,Hyderabad,Mobile,UPI,212.59,4,0,0,-58.170000000000016,0.7229739220000936,0,0,0,4,30,2,0.0011386946,0
TXN107216,CUST10833,2025-09-20,16:31:40,42.16,Withdrawal,Grocery,2682,31,Delhi,Tablet,Credit Card,116.62,0,0,0,-74.46000000000001,0.3584424417616051,0,0,0,9,20,5,0.007245077,0
TXN102710,CUST11655,2025-04-09,15:41:33,542.08,Purchase,Travel,2599,58,Kolkata,Desktop,Net Banking,82.62,1,0,0,459.46000000000004,6.482659650801244,0,0,1,4,9,2,0.00048487616,0
TXN108857,CUST10315,2025-11-19,10:14:56,33.86,Bill Payment,Grocery,1667,75,Nagpur,Tablet,Cash,120.62,2,0,0,-86.76,0.27840815655319845,0,0,0,11,19,2,0.0005928043,0
TXN107591,CUST10323,2025-10-04,08:09:38,163.85,Withdrawal,Entertainment,1840,72,Jaipur,ATM,Debit Card,228.41,1,0,0,-64.56,0.7142234427444314,0,0,0,10,4,5,0.010461749,0
TXN102972,CUST10364,2025-04-19,04:35:55,56.1,Purchase,Entertainment,3163,56,Bengaluru,Desktop,UPI,410.78,5,0,0,-354.67999999999995,0.1362377968818301,0,0,0,4,19,5,0.00070302415,0
TXN109389,CUST11835,2025-12-08,19:03:02,401.46,Purchase,Healthcare,1405,73,Chennai,Mobile,Net Banking,323.24,3,0,0,78.21999999999997,1.2381569207994076,0,0,0,12,8,0,0.0019332535,0
TXN107888,CUST11772,2025-10-15,03:38:45,322.55,Purchase,Grocery,3572,28,Hyderabad,ATM,Wallet,129.73,3,0,0,192.82000000000002,2.467299013233382,0,0,0,10,15,2,0.012678182,0
TXN100629,CUST11893,2025-01-23,21:32:57,235.96,Transfer,Travel,676,31,Nagpur,ATM,Wallet,350.96,1,0,1,-114.99999999999997,0.6704170928514604,0,0,0,1,23,3,0.9404866,1
TXN102728,CUST12044,2025-04-10,07:25:08,167.45,Purchase,Travel,2599,63,Jaipur,Desktop,UPI,177.73,2,0,0,-10.280000000000001,0.9368880434174452,0,0,0,4,10,3,0.00075093517,0
TXN103574,CUST10581,2025-05-11,02:33:31,61.76,Purchase,Electronics,513,44,Bengaluru,Mobile,Credit Card,157.13,1,0,0,-95.37,0.3905647252260798,0,0,0,5,11,6,0.004256567,0
TXN107059,CUST12008,2025-09-14,23:21:32,39.16,Deposit,Fuel,2150,40,Hyderabad,Desktop,Debit Card,145.78,1,0,0,-106.62,0.26679384112276877,0,0,0,9,14,6,0.0022614412,0
TXN103954,CUST11167,2025-05-24,22:33:35,51.63,Purchase,Grocery,673,19,Kolkata,Mobile,UPI,101.74,1,0,0,-50.10999999999999,0.5025306599182403,0,0,0,5,24,5,0.0019529467,0
TXN100982,CUST10116,2025-02-05,17:57:39,857.0,Bill Payment,Entertainment,3437,26,Chennai,Mobile,UPI,43.55,2,0,0,813.45,19.236812570145904,0,0,1,2,5,2,0.002838651,0
TXN106591,CUST12379,2025-08-28,22:28:24,264.33,Purchase,Electronics,202,75,Bengaluru,Mobile,Credit Card,24.02,2,0,0,240.30999999999997,10.564748201438848,0,0,1,8,28,3,0.015977599,0
TXN102539,CUST10904,2025-04-03,10:17:32,361.12,Purchase,Online Shopping,1734,32,Kolkata,ATM,Credit Card,211.29,1,0,0,149.83,1.701069292006218,0,0,0,4,3,3,0.0029286025,0
TXN100659,CUST11848,2025-01-24,23:45:35,146.4,Transfer,Entertainment,1329,69,Bengaluru,Mobile,UPI,105.56,0,0,0,40.84,1.3738738738738738,0,0,0,1,24,4,0.024128327,0
TXN105094,CUST12487,2025-07-05,10:33:48,199.88,Purchase,Healthcare,1206,20,Hyderabad,Desktop,Wallet,23.96,2,0,0,175.92,8.00801282051282,0,0,1,7,5,5,0.01642481,0
TXN100780,CUST10110,2025-01-29,09:28:34,136.59,Withdrawal,Utilities,236,42,Ahmedabad,Mobile,Credit Card,386.72,4,0,0,-250.13000000000002,0.3522903125967193,0,0,0,1,29,2,0.0066277003,0
TXN107577,CUST10209,2025-10-03,19:55:45,142.8,Purchase,Electronics,3302,31,Mumbai,Mobile,Net Banking,87.94,1,0,0,54.860000000000014,1.6055767933438274,0,0,0,10,3,4,0.006033917,0
TXN104544,CUST11686,2025-06-15,10:02:07,114.25,Transfer,Online Shopping,3412,69,Jaipur,Mobile,Credit Card,77.47,2,0,0,36.78,1.4559704345609787,0,0,0,6,15,6,0.010326978,0
TXN102475,CUST10176,2025-04-01,02:22:34,119.68,Transfer,Travel,1210,54,Delhi,Mobile,Wallet,1210.26,2,0,0,-1090.58,0.09880620180638344,0,0,0,4,1,1,0.014901407,0
TXN102495,CUST11727,2025-04-01,19:50:59,338.04,Purchase,Fuel,2143,18,Jaipur,Tablet,Credit Card,193.52,3,0,0,144.52,1.7378161628624307,0,0,0,4,1,1,0.0035173679,0
TXN102616,CUST10895,2025-04-06,05:33:58,321.94,Withdrawal,Restaurant,2447,56,Ahmedabad,Mobile,Credit Card,397.54,2,0,0,-75.60000000000002,0.8077984643950419,0,0,0,4,6,6,0.0043106438,0
TXN106308,CUST10657,2025-08-18,15:13:11,129.28,Transfer,Entertainment,724,36,Ahmedabad,Mobile,UPI,222.36,2,0,0,-93.08000000000001,0.5787965616045845,0,0,0,8,18,0,0.0035936898,0
TXN102265,CUST11830,2025-03-24,10:54:06,139.19,Bill Payment,Electronics,2802,57,Delhi,Mobile,UPI,268.69,1,0,0,-129.5,0.5161110905113279,0,0,0,3,24,0,0.001302478,0
TXN102533,CUST12315,2025-04-03,05:03:00,482.64,Withdrawal,Utilities,1467,60,Pune,Tablet,Net Banking,464.34,2,0,0,18.30000000000001,1.0371771178063351,0,0,0,4,3,3,0.001251228,0
TXN106573,CUST11502,2025-08-28,06:44:49,1022.51,Deposit,Healthcare,240,31,Jaipur,Mobile,Cash,124.85,1,0,0,897.66,8.124831148192293,0,0,1,8,28,3,0.008497544,0
TXN105155,CUST10347,2025-07-07,15:51:30,679.26,Bill Payment,Fuel,1205,75,Pune,Mobile,Cash,234.75,3,0,0,444.51,2.881272534464475,0,0,0,7,7,0,0.00044338938,0
TXN103733,CUST11920,2025-05-16,21:28:29,621.34,Deposit,Utilities,2043,49,Mumbai,Mobile,UPI,476.85,5,0,0,144.49,1.3002825154337134,0,0,0,5,16,4,0.005213689,0
TXN101969,CUST10285,2025-03-13,16:17:25,186.48,Purchase,Grocery,732,72,Pune,Mobile,Wallet,38.59,4,0,0,147.89,4.710280373831775,0,0,1,3,13,3,0.0048909355,0
TXN101970,CUST10148,2025-03-13,17:09:50,402.54,Purchase,Travel,2126,52,Mumbai,Tablet,Credit Card,87.31,1,0,0,315.23,4.558260672630507,0,0,1,3,13,3,0.00091250247,0
TXN100368,CUST10830,2025-01-14,09:31:01,42.63,Deposit,Online Shopping,109,75,Jaipur,Desktop,Debit Card,134.94,1,0,0,-92.31,0.3135942327497426,0,0,0,1,14,1,0.013416913,0
TXN106140,CUST10919,2025-08-12,12:26:25,53.62,Withdrawal,Travel,2986,26,Jaipur,Mobile,Wallet,191.9,5,0,0,-138.28,0.27796785899429755,0,0,0,8,12,1,0.0088214055,0
TXN106104,CUST10636,2025-08-11,04:59:15,192.53,Purchase,Other,1676,32,Mumbai,Mobile,Debit Card,168.13,3,0,0,24.400000000000006,1.1383551114527286,0,0,0,8,11,0,0.006066615,0
TXN101791,CUST12190,2025-03-07,04:46:26,122.0,Purchase,Healthcare,3243,57,Chennai,ATM,Credit Card,158.6,2,0,0,-36.599999999999994,0.7644110275689223,0,0,0,3,7,4,0.0033021148,0
TXN102281,CUST11428,2025-03-25,00:52:51,151.32,Purchase,Grocery,1173,31,Kolkata,Mobile,Wallet,290.64,1,0,0,-139.32,0.5188588670964203,0,0,0,3,25,1,0.0043614935,0
TXN108187,CUST12022,2025-10-26,00:52:42,105.65,Bill Payment,Fuel,3490,34,Nagpur,ATM,Credit Card,123.33,2,0,0,-17.679999999999993,0.8497546851122014,0,0,0,10,26,6,0.012060982,0
TXN103667,CUST12064,2025-05-14,11:48:41,161.98,Purchase,Healthcare,468,64,Hyderabad,Mobile,Net Banking,676.46,3,0,0,-514.48,0.23909898739408966,0,0,0,5,14,2,0.0074469806,0
TXN109806,CUST11801,2025-12-23,23:22:42,248.63,Deposit,Online Shopping,1547,31,Jaipur,ATM,Credit Card,250.11,2,1,1,-1.4800000000000182,0.9901238501055314,0,0,0,12,23,1,0.99205583,1
TXN109911,CUST10634,2025-12-27,19:06:55,247.34,Transfer,Restaurant,1435,41,Ahmedabad,ATM,Wallet,36.65,2,0,1,210.69,6.569455511288181,0,0,1,12,27,5,0.98112303,1
TXN101197,CUST11750,2025-02-13,13:48:13,120.28,Transfer,Fuel,2003,59,Chennai,ATM,Debit Card,41.9,4,0,0,78.38,2.803729603729604,0,0,0,2,13,3,0.010638324,0
TXN102184,CUST12376,2025-03-21,12:07:59,105.88,Purchase,Entertainment,2518,44,Bengaluru,Mobile,Cash,132.65,1,0,0,-26.77000000000001,0.7922184811073699,0,0,0,3,21,4,0.0019854486,0
TXN102628,CUST10155,2025-04-06,16:03:01,229.93,Transfer,Other,1220,52,Delhi,Mobile,Cash,87.36,1,0,0,142.57,2.6021955636034404,0,0,0,4,6,6,0.0025736147,0
TXN100738,CUST11715,2025-01-27,20:46:52,51.67,Purchase,Entertainment,3619,46,Hyderabad,Desktop,Debit Card,86.34,4,0,0,-34.67,0.5915960613693612,0,0,0,1,27,0,0.0005342563,0
TXN105149,CUST10537,2025-07-07,10:36:58,622.39,Purchase,Online Shopping,621,54,Pune,Mobile,Credit Card,60.25,2,0,0,562.14,10.161469387755101,0,0,1,7,7,0,0.0020907978,0
TXN105785,CUST10145,2025-07-30,14:16:53,69.0,Transfer,Fuel,2392,51,Bengaluru,Mobile,Credit Card,205.6,3,0,0,-136.6,0.3339787028073572,0,0,0,7,30,2,0.0005729852,0
TXN109877,CUST11203,2025-12-26,13:24:36,65.81,Purchase,Travel,1980,28,Ahmedabad,Mobile,Cash,418.2,0,1,0,-352.39,0.1569895038167939,0,0,0,12,26,4,0.007926295,0
TXN106333,CUST12262,2025-08-19,13:03:43,60.33,Purchase,Entertainment,1951,67,Jaipur,Tablet,Credit Card,65.55,4,0,0,-5.219999999999999,0.9065364387678437,0,0,0,8,19,1,0.007523103,0
TXN108260,CUST12146,2025-10-28,16:39:27,292.35,Purchase,Healthcare,3155,56,Kolkata,Mobile,Wallet,158.33,1,0,0,134.02,1.8348710224063265,0,0,0,10,28,1,0.00070077187,0
TXN100756,CUST11774,2025-01-28,12:30:27,712.81,Withdrawal,Restaurant,772,73,Jaipur,Desktop,Debit Card,25.18,1,0,0,687.63,27.227272727272727,0,0,1,1,28,1,0.010920993,0
TXN101669,CUST10027,2025-03-02,18:11:03,360.31,Purchase,Online Shopping,446,71,Kolkata,ATM,Net Banking,40.47,3,0,0,319.84000000000003,8.68844948155293,0,0,1,3,2,6,0.08057641,0
TXN105461,CUST12390,2025-07-18,19:12:24,144.85,Transfer,Electronics,1202,46,Delhi,Desktop,Wallet,115.91,3,0,0,28.939999999999998,1.2389872551535368,0,0,0,7,18,4,0.07608173,0
TXN109074,CUST10079,2025-11-27,07:50:21,160.76,Bill Payment,Healthcare,2877,70,Bengaluru,Desktop,UPI,137.98,0,0,0,22.78,1.15671319614333,0,0,0,11,27,3,0.0035499006,0
TXN104068,CUST11363,2025-05-29,02:09:36,173.04,Transfer,Utilities,3102,45,Nagpur,Mobile,Net Banking,135.61,2,0,0,37.42999999999998,1.2666715467388916,0,0,0,5,29,3,0.005777671,0
TXN109981,CUST11057,2025-12-30,08:16:25,222.37,Deposit,Online Shopping,3451,28,Mumbai,Mobile,Credit Card,25.45,2,0,0,196.92000000000002,8.40718336483932,0,0,1,12,30,1,0.0011620988,0
TXN102028,CUST10237,2025-03-15,19:50:16,165.25,Withdrawal,Online Shopping,1074,35,Bengaluru,Mobile,Credit Card,26.23,0,0,0,139.02,6.0686742563349245,0,0,1,3,15,5,0.0003225481,0
TXN105880,CUST11913,2025-08-03,01:16:54,93.48,Purchase,Travel,2048,28,Mumbai,Mobile,Wallet,221.0,1,0,0,-127.52,0.4210810810810811,0,0,0,8,3,6,0.016542096,0
TXN100890,CUST12343,2025-02-02,09:34:54,613.45,Transfer,Fuel,3501,59,Nagpur,Mobile,Credit Card,107.08,4,0,0,506.37000000000006,5.675888230940045,0,0,1,2,2,6,0.12016644,0
TXN103043,CUST10081,2025-04-21,18:37:50,1775.69,Bill Payment,Healthcare,368,19,Bengaluru,Mobile,UPI,129.74,3,0,0,1645.95,13.581841823466421,0,0,1,4,21,0,0.033110265,0
TXN104001,CUST11907,2025-05-26,15:37:23,73.5,Transfer,Restaurant,235,41,Delhi,Mobile,UPI,726.74,0,0,0,-653.24,0.10099760903619424,0,0,0,5,26,0,0.011529084,0
TXN109380,CUST11780,2025-12-08,11:11:15,37.62,Purchase,Healthcare,3416,61,Kolkata,Mobile,Wallet,534.86,3,0,0,-497.24,0.07020490426603963,0,0,0,12,8,0,0.0007722258,0
TXN109143,CUST10416,2025-11-29,20:07:25,1564.81,Bill Payment,Grocery,3494,46,Mumbai,Desktop,Cash,180.07,4,0,1,1384.74,8.642016899541614,0,0,1,11,29,5,0.037028547,0
TXN103555,CUST11856,2025-05-10,09:57:30,139.76,Transfer,Electronics,570,57,Kolkata,Desktop,Debit Card,267.98,2,0,0,-128.22000000000003,0.5195925347609487,0,0,0,5,10,5,0.017185453,0
TXN101954,CUST12493,2025-03-13,03:11:06,346.19,Deposit,Restaurant,2053,24,Hyderabad,Mobile,UPI,117.72,3,0,0,228.47,2.9160208894878705,0,0,0,3,13,3,0.00044430242,0
TXN109452,CUST11420,2025-12-11,02:05:34,5.0,Transfer,Utilities,1647,28,Mumbai,ATM,Credit Card,145.22,1,0,0,-140.22,0.03419504855696895,0,0,0,12,11,3,0.01331685,0
TXN103381,CUST10356,2025-05-04,01:56:13,221.8,Deposit,Other,910,24,Pune,Tablet,UPI,86.72,1,0,0,135.08,2.5284997720018243,0,0,0,5,4,6,0.0011683356,0
TXN102810,CUST10552,2025-04-13,07:03:41,243.22,Purchase,Online Shopping,756,47,Ahmedabad,Mobile,Net Banking,205.85,1,0,0,37.370000000000005,1.1758278946096206,0,0,0,4,13,6,0.006826877,0
TXN100463,CUST10036,2025-01-17,20:31:02,99.55,Transfer,Grocery,3123,35,Delhi,ATM,UPI,110.74,2,0,0,-11.189999999999998,0.8909074637551458,0,0,0,1,17,4,0.058572132,0
TXN102307,CUST11828,2025-03-25,23:35:48,164.49,Purchase,Healthcare,1519,22,Hyderabad,Desktop,Wallet,290.36,1,0,0,-125.87,0.5645593080724877,0,0,0,3,25,1,0.0063759927,0
TXN100433,CUST11291,2025-01-16,18:18:23,277.63,Transfer,Entertainment,2692,27,Mumbai,ATM,UPI,117.76,1,0,0,159.87,2.3377399797911753,0,0,0,1,16,3,0.01754715,0
TXN106475,CUST12021,2025-08-24,17:07:32,97.23,Purchase,Electronics,1812,32,Kolkata,Tablet,Cash,112.73,5,0,0,-15.5,0.8549195462938539,0,0,0,8,24,6,0.003143746,0
TXN107803,CUST10517,2025-10-12,01:22:57,207.92,Transfer,Utilities,667,68,Chennai,Mobile,Debit Card,55.08,2,0,0,152.83999999999997,3.7075606276747504,0,0,1,10,12,6,0.0040492928,0
TXN103343,CUST12052,2025-05-02,16:44:12,209.65,Purchase,Online Shopping,1032,26,Bengaluru,Mobile,Net Banking,33.46,3,0,0,176.19,6.083865351131747,0,0,1,5,2,4,0.0023288124,0
TXN101387,CUST11054,2025-02-20,11:48:15,145.56,Withdrawal,Online Shopping,182,33,Bengaluru,Mobile,Credit Card,51.89,1,0,0,93.67,2.7521270561542823,0,0,0,2,20,3,0.00051845814,0
TXN107319,CUST10213,2025-09-24,10:31:04,245.37,Purchase,Travel,1610,27,Kolkata,Mobile,Wallet,52.18,1,0,0,193.19,4.613952613764574,0,0,1,9,24,2,0.0066038715,0
TXN104134,CUST10650,2025-05-31,11:49:24,45.3,Deposit,Utilities,2943,29,Nagpur,Desktop,Cash,175.89,3,0,0,-130.58999999999997,0.25609135621007406,0,0,0,5,31,5,0.005908763,0
TXN104456,CUST11029,2025-06-12,05:09:03,93.04,Withdrawal,Online Shopping,407,18,Nagpur,Desktop,Debit Card,37.13,1,0,0,55.910000000000004,2.4400734329923943,0,0,0,6,12,3,0.0010673038,0
TXN104253,CUST10649,2025-06-04,19:47:32,148.3,Purchase,Grocery,1596,67,Ahmedabad,Mobile,UPI,15.43,0,0,0,132.87,9.026171637248936,0,0,1,6,4,2,0.0006676437,0
TXN101001,CUST11990,2025-02-06,10:33:39,168.22,Purchase,Healthcare,833,52,Hyderabad,ATM,Wallet,70.99,3,0,0,97.23,2.3367134324211696,0,0,0,2,6,3,0.021568082,0
TXN107503,CUST11367,2025-10-01,03:16:34,1094.32,Purchase,Other,2372,45,Nagpur,ATM,Net Banking,559.39,1,0,0,534.93,1.952782883349096,0,0,0,10,1,2,0.0049063344,0
TXN107084,CUST10277,2025-09-15,21:12:04,51.95,Transfer,Utilities,2185,68,Pune,Mobile,UPI,62.92,3,0,0,-10.969999999999999,0.8127346683354193,0,0,0,9,15,0,0.0026833378,0
TXN107525,CUST12163,2025-10-01,22:29:50,44.04,Purchase,Travel,3527,36,Ahmedabad,ATM,Debit Card,247.79,0,0,0,-203.75,0.17701676112383938,0,0,0,10,1,2,0.0047073066,0
TXN106653,CUST11570,2025-08-31,04:38:31,475.37,Transfer,Travel,3132,55,Ahmedabad,Mobile,Wallet,120.98,5,0,0,354.39,3.897114281029677,0,0,1,8,31,6,0.019193584,0
TXN100133,CUST11051,2025-01-05,20:12:01,85.31,Purchase,Entertainment,67,45,Kolkata,Mobile,Debit Card,216.94,1,0,0,-131.63,0.39143801046159493,0,0,0,1,5,6,0.0015973701,0
TXN103558,CUST11104,2025-05-10,12:34:46,2884.5,Purchase,Online Shopping,1482,44,Mumbai,Desktop,Credit Card,251.1,1,0,0,2633.4,11.441888139627132,0,0,1,5,10,5,0.017262965,0
TXN107685,CUST10232,2025-10-07,18:17:14,137.09,Purchase,Restaurant,1974,32,Nagpur,Mobile,Wallet,334.41,6,0,0,-197.32000000000002,0.4087236516502191,0,0,0,10,7,1,0.0023484922,0
TXN107089,CUST10891,2025-09-16,01:34:11,36.41,Withdrawal,Utilities,1845,61,Ahmedabad,Desktop,UPI,189.26,3,0,0,-152.85,0.1913697046147377,0,0,0,9,16,1,0.0007180599,0
TXN105808,CUST10573,2025-07-31,10:22:34,498.38,Purchase,Online Shopping,1927,40,Chennai,Mobile,Credit Card,81.9,2,0,0,416.48,6.011821471652593,0,0,1,7,31,3,0.0015884013,0
TXN104002,CUST12143,2025-05-26,16:29:48,322.21,Deposit,Utilities,668,63,Jaipur,Mobile,Net Banking,63.15,2,0,0,259.06,5.0227591582229145,0,0,1,5,26,0,0.0012833806,0
TXN106965,CUST11146,2025-09-11,13:13:57,864.69,Transfer,Utilities,1505,44,Nagpur,Desktop,Debit Card,235.31,2,0,0,629.3800000000001,3.659134188142694,0,0,1,9,11,3,0.010627744,0
TXN102119,CUST10182,2025-03-19,03:20:36,1891.23,Transfer,Utilities,945,54,Nagpur,Desktop,Credit Card,109.03,3,1,1,1782.2,17.188312278469507,0,0,1,3,19,2,0.93772286,1
TXN106409,CUST11094,2025-08-22,07:27:44,111.13,Deposit,Other,290,72,Hyderabad,Mobile,Debit Card,49.06,0,0,0,62.06999999999999,2.2199360767079503,0,0,0,8,22,4,0.0032627552,0
TXN102999,CUST12151,2025-04-20,04:11:18,185.12,Purchase,Entertainment,1665,69,Chennai,ATM,Debit Card,237.25,6,0,0,-52.129999999999995,0.7769989506820567,0,0,0,4,20,6,0.008795514,0
TXN104099,CUST11474,2025-05-30,05:14:40,155.4,Bill Payment,Online Shopping,2245,75,Nagpur,Desktop,UPI,57.3,4,0,0,98.10000000000001,2.665523156089194,0,0,0,5,30,4,0.0008979274,0
TXN109629,CUST10126,2025-12-17,12:44:08,168.8,Bill Payment,Entertainment,1131,63,Chennai,ATM,UPI,182.76,2,0,0,-13.95999999999998,0.9185894645189379,0,0,0,12,17,2,0.0031238995,0
TXN106963,CUST10754,2025-09-11,11:29:06,184.75,Withdrawal,Online Shopping,2844,65,Mumbai,Mobile,Debit Card,182.53,4,0,0,2.219999999999999,1.00664741459162,0,0,0,9,11,3,0.004695111,0
TXN102007,CUST11693,2025-03-15,01:29:25,768.77,Purchase,Entertainment,1600,33,Pune,Mobile,Debit Card,118.08,2,0,0,650.6899999999999,6.455911991938192,0,0,1,3,15,5,0.0038375224,0
TXN106789,CUST11240,2025-09-05,03:27:48,291.5,Purchase,Online Shopping,1693,20,Hyderabad,Desktop,Debit Card,136.8,1,0,0,154.7,2.1153846153846154,0,0,0,9,5,4,0.0012988843,0
TXN106918,CUST11752,2025-09-09,20:10:09,265.54,Withdrawal,Fuel,926,22,Kolkata,ATM,Debit Card,92.26,3,1,1,173.28000000000003,2.8473085996139824,0,0,0,9,9,1,0.98243123,1
TXN107917,CUST11313,2025-10-16,04:58:58,111.75,Purchase,Entertainment,3119,68,Kolkata,Mobile,Debit Card,59.52,3,0,0,52.23,1.8464970257766027,0,0,0,10,16,3,0.000383389,0
TXN109681,CUST11693,2025-12-19,10:10:02,302.14,Purchase,Online Shopping,569,34,Jaipur,Tablet,Wallet,97.03,2,0,0,205.10999999999999,3.082117719065592,0,0,1,12,19,4,0.0038900399,0
TXN101370,CUST11285,2025-02-19,20:57:06,24.66,Withdrawal,Online Shopping,2953,49,Nagpur,Tablet,UPI,274.66,0,0,0,-250.00000000000003,0.08945802800551403,0,0,0,2,19,2,0.00034475425,0
TXN107950,CUST10091,2025-10-17,09:48:52,151.46,Deposit,Other,406,52,Bengaluru,Mobile,Cash,197.57,2,0,0,-46.109999999999985,0.7627536888754596,0,0,0,10,17,4,0.0013970635,0
TXN109492,CUST11214,2025-12-12,13:02:25,782.01,Purchase,Travel,3236,20,Ahmedabad,Mobile,UPI,145.88,4,0,0,636.13,5.324142156862745,0,0,1,12,12,4,0.018820068,0
TXN107579,CUST10815,2025-10-03,21:40:35,160.07,Purchase,Entertainment,2705,26,Kolkata,Mobile,Net Banking,357.55,1,0,0,-197.48000000000002,0.4464370380700042,0,0,0,10,3,4,0.009190545,0
TXN108146,CUST11588,2025-10-24,13:03:26,641.52,Transfer,Utilities,1032,60,Jaipur,ATM,Net Banking,46.34,1,0,1,595.18,13.551330798479086,0,0,1,10,24,4,0.94790107,1
TXN102934,CUST11457,2025-04-17,19:23:55,63.12,Bill Payment,Online Shopping,214,49,Mumbai,Mobile,UPI,190.16,6,0,0,-127.03999999999999,0.33019460138104206,0,0,0,4,17,3,0.10287565,0
TXN104265,CUST10010,2025-06-05,06:16:35,81.19,Purchase,Fuel,568,25,Nagpur,Desktop,Net Banking,236.91,1,1,0,-155.72,0.34126350300533814,0,0,0,6,5,3,0.012906609,0
TXN101994,CUST11442,2025-03-14,14:07:57,103.58,Transfer,Restaurant,2291,60,Pune,Desktop,UPI,136.04,3,0,0,-32.459999999999994,0.7558377116170462,0,0,0,3,14,4,0.0024539814,0
TXN106763,CUST10386,2025-09-04,04:44:51,21.89,Transfer,Online Shopping,2831,67,Ahmedabad,Mobile,Credit Card,100.97,0,0,0,-79.08,0.21467098166127294,0,0,0,9,4,3,0.0005255843,0
TXN102182,CUST10359,2025-03-21,10:23:09,106.78,Bill Payment,Grocery,225,54,Mumbai,ATM,Debit Card,107.04,1,0,0,-0.2600000000000051,0.9883376527212143,0,0,0,3,21,4,0.004625903,0
TXN107754,CUST11054,2025-10-10,06:34:18,469.45,Transfer,Healthcare,400,44,Bengaluru,Tablet,Debit Card,166.48,2,0,0,302.97,2.8030212562694055,0,0,0,10,10,4,0.0053755324,0
TXN104016,CUST11892,2025-05-27,04:43:42,213.78,Purchase,Grocery,1727,72,Nagpur,Mobile,Net Banking,86.26,0,0,0,127.52,2.449919779967912,0,0,0,5,27,1,0.003420226,0
TXN100277,CUST10797,2025-01-11,02:00:41,51.4,Purchase,Restaurant,3269,49,Hyderabad,Mobile,Net Banking,317.41,2,0,0,-266.01000000000005,0.16142709085769918,0,0,0,1,11,5,0.0007697891,0
TXN100293,CUST12327,2025-01-11,15:59:25,645.69,Purchase,Utilities,3000,49,Delhi,Tablet,Debit Card,32.86,5,0,0,612.83,19.069403425871236,0,0,1,1,11,5,0.007935077,0
TXN106269,CUST10356,2025-08-17,05:08:46,100.4,Withdrawal,Grocery,2833,55,Bengaluru,Mobile,UPI,144.92,2,0,0,-44.51999999999998,0.6880482456140352,0,0,0,8,17,6,0.0018723194,0
TXN103213,CUST11124,2025-04-27,23:09:27,64.22,Transfer,Grocery,2772,68,Jaipur,Mobile,Cash,69.92,5,0,0,-5.700000000000003,0.9055273547659334,0,0,0,4,27,6,0.003429677,0
TXN102041,CUST11681,2025-03-16,07:11:45,17.22,Bill Payment,Electronics,2486,57,Mumbai,Mobile,Credit Card,38.23,0,0,0,-21.009999999999998,0.4389497833290849,0,0,0,3,16,6,0.0010204522,0
TXN108230,CUST11545,2025-10-27,14:26:49,4696.5,Purchase,Other,3088,37,Mumbai,ATM,Credit Card,108.48,2,0,1,4588.02,42.89824625502375,0,0,1,10,27,0,0.030034514,0
TXN108421,CUST10042,2025-11-03,13:19:16,72.44,Transfer,Utilities,2830,57,Delhi,Mobile,Credit Card,132.57,0,0,0,-60.129999999999995,0.5423373512016172,0,0,0,11,3,0,0.0011317203,0
TXN102245,CUST10212,2025-03-23,17:25:41,159.39,Purchase,Grocery,1772,70,Mumbai,Mobile,Credit Card,490.67,4,0,0,-331.28000000000003,0.324180853011166,0,0,0,3,23,6,0.0029341034,0
TXN107185,CUST10120,2025-09-19,13:26:37,288.76,Purchase,Grocery,646,66,Ahmedabad,Mobile,Net Banking,143.49,0,0,0,145.26999999999998,1.9984774032805037,0,0,0,9,19,4,0.0015566191,0
TXN107590,CUST11214,2025-10-04,07:17:13,151.09,Transfer,Fuel,1764,46,Bengaluru,Mobile,Credit Card,69.13,3,0,0,81.96000000000001,2.1544274918009414,0,0,0,10,4,5,0.0010516695,0
TXN101019,CUST11086,2025-02-07,02:17:14,625.58,Withdrawal,Healthcare,172,34,Mumbai,Mobile,Credit Card,123.81,2,0,0,501.77000000000004,5.012258633122346,0,0,1,2,7,4,0.0012795195,0
TXN103708,CUST11466,2025-05-15,23:37:57,252.28,Withdrawal,Restaurant,2581,40,Chennai,Mobile,Net Banking,58.23,6,0,0,194.05,4.259328043221341,0,0,1,5,15,3,0.003960577,0
TXN102339,CUST12066,2025-03-27,03:33:17,1188.2,Bill Payment,Healthcare,1418,74,Delhi,ATM,Credit Card,129.9,4,0,0,1058.3,9.077158135981666,0,0,1,3,27,3,0.10667178,0
TXN102508,CUST12261,2025-04-02,07:12:28,17.38,Purchase,Other,878,64,Delhi,ATM,UPI,75.71,1,0,0,-58.33,0.22656759223047843,0,0,0,4,2,2,0.0007686533,0
TXN105654,CUST11146,2025-07-25,19:49:42,47.2,Transfer,Grocery,1559,50,Jaipur,Desktop,Net Banking,227.6,1,0,0,-180.39999999999998,0.20647419072615925,0,0,0,7,25,4,0.0029417537,0
TXN100825,CUST12373,2025-01-31,00:47:31,191.66,Transfer,Healthcare,2758,71,Mumbai,ATM,Debit Card,100.69,1,0,0,90.97,1.8847477628085358,0,0,0,1,31,4,0.018819084,0
TXN104792,CUST11387,2025-06-24,10:42:35,642.3,Bill Payment,Online Shopping,492,45,Nagpur,Mobile,Cash,295.97,0,0,0,346.3299999999999,2.1628447317910897,0,0,0,6,24,1,0.0010019414,0
TXN109979,CUST10318,2025-12-30,06:31:34,180.37,Transfer,Electronics,2818,37,Hyderabad,Mobile,Credit Card,34.37,3,0,0,146.0,5.09951936669494,0,0,1,12,30,1,0.0012406176,0
TXN100850,CUST11942,2025-01-31,22:38:03,417.11,Transfer,Travel,1603,45,Delhi,Desktop,Credit Card,61.74,2,0,0,355.37,6.648230793751992,0,0,1,1,31,4,0.018956162,0
TXN102217,CUST10845,2025-03-22,16:57:53,80.41,Purchase,Fuel,1979,72,Mumbai,Mobile,Debit Card,27.75,5,0,1,52.66,2.796869565217391,0,0,0,3,22,5,0.00056750793,0
TXN104789,CUST11881,2025-06-24,08:05:19,75.74,Transfer,Fuel,2073,41,Mumbai,Mobile,UPI,85.05,2,0,1,-9.310000000000002,0.8801859384079024,0,0,0,6,24,1,0.005280169,0
TXN102135,CUST10392,2025-03-19,17:19:21,106.75,Purchase,Entertainment,3198,53,Chennai,Mobile,Cash,116.92,2,0,0,-10.170000000000002,0.9052747625508819,0,0,0,3,19,2,0.0019246038,0
TXN103675,CUST11491,2025-05-14,18:48:03,138.17,Bill Payment,Grocery,375,67,Nagpur,Mobile,UPI,131.16,6,0,0,7.009999999999991,1.045475181598063,0,0,0,5,14,2,0.0038736647,0
TXN106679,CUST12261,2025-09-01,03:21:28,21.77,Purchase,Healthcare,2055,48,Hyderabad,ATM,Credit Card,395.68,2,0,0,-373.91,0.05488050821821115,0,0,0,9,1,0,0.0011711625,0
TXN108287,CUST10583,2025-10-29,16:14:50,429.72,Purchase,Healthcare,1200,75,Jaipur,Mobile,Cash,369.09,0,0,0,60.63000000000005,1.161122970088357,0,0,0,10,29,2,0.04189494,0
TXN104739,CUST10224,2025-06-22,12:24:15,284.41,Purchase,Restaurant,2725,19,Mumbai,Desktop,UPI,47.98,3,1,0,236.43000000000004,5.806655777868519,0,0,1,6,22,6,0.24626438,0
TXN103560,CUST11111,2025-05-10,14:19:37,190.02,Withdrawal,Travel,2229,71,Bengaluru,ATM,Wallet,86.53,2,0,0,103.49000000000001,2.170912829886896,0,0,0,5,10,5,0.019687606,0
TXN104952,CUST11576,2025-06-30,06:29:59,66.25,Purchase,Grocery,3644,29,Ahmedabad,Desktop,UPI,507.58,6,0,0,-441.33,0.13026465846081245,0,0,0,6,30,0,0.0020882464,0
TXN103425,CUST11626,2025-05-05,16:22:45,71.3,Purchase,Healthcare,1232,18,Pune,Mobile,Cash,49.59,6,0,0,21.709999999999994,1.4093694406009092,0,0,0,5,5,0,0.0016517666,0
TXN109280,CUST12307,2025-12-04,19:49:07,225.97,Bill Payment,Travel,1733,57,Kolkata,Mobile,Credit Card,317.09,2,0,0,-91.11999999999998,0.7103964286837059,0,0,0,12,4,3,0.001565157,0
TXN105802,CUST10535,2025-07-31,05:08:02,79.92,Transfer,Entertainment,2545,48,Kolkata,Mobile,UPI,31.06,3,0,0,48.86,2.492825951341235,0,0,0,7,31,3,0.0013517849,0
TXN109493,CUST12015,2025-12-12,13:54:51,94.99,Purchase,Travel,40,39,Jaipur,Mobile,Cash,41.28,5,0,0,53.709999999999994,2.246688741721854,0,0,0,12,12,4,0.005761784,0
TXN100572,CUST11549,2025-01-21,19:44:57,95.65,Transfer,Online Shopping,3503,42,Kolkata,ATM,Net Banking,80.74,0,0,0,14.91000000000001,1.1701737215561538,0,0,0,1,21,1,0.019114107,0
TXN102926,CUST12372,2025-04-17,12:24:33,150.62,Bill Payment,Other,3531,34,Chennai,Mobile,Cash,160.95,6,0,0,-10.329999999999984,0.9300401358443965,0,0,0,4,17,3,0.00426275,0
TXN102301,CUST11404,2025-03-25,18:21:16,211.39,Transfer,Utilities,2470,73,Bengaluru,Mobile,Credit Card,200.41,2,1,0,10.97999999999999,1.0495506677920659,0,0,0,3,25,1,0.029023359,0
TXN109434,CUST10761,2025-12-10,10:21:59,253.87,Purchase,Utilities,1831,41,Ahmedabad,Mobile,Wallet,185.38,2,0,0,68.49000000000001,1.3621096684193583,0,0,0,12,10,2,0.0014402966,0
TXN104275,CUST11851,2025-06-05,15:00:48,982.29,Transfer,Online Shopping,2848,30,Kolkata,Mobile,Cash,85.58,2,0,0,896.7099999999999,11.345460845460845,0,0,1,6,5,3,0.034014963,0
TXN100650,CUST10437,2025-01-24,15:53:48,363.23,Withdrawal,Fuel,2867,20,Chennai,Desktop,Credit Card,111.57,0,0,0,251.66000000000003,3.226703384560718,0,0,1,1,24,4,0.0017249065,0
TXN105473,CUST11964,2025-07-19,05:41:27,98.42,Purchase,Travel,2423,74,Ahmedabad,Mobile,Wallet,132.75,0,0,0,-34.33,0.7358504672897196,0,0,0,7,19,5,0.0029496525,0
TXN105951,CUST10151,2025-08-05,15:18:48,149.99,Deposit,Travel,2079,18,Hyderabad,Mobile,Net Banking,75.93,2,0,0,74.06,1.9496945274925257,0,0,0,8,5,1,0.00051551993,0
TXN105813,CUST11522,2025-07-31,14:44:40,140.25,Deposit,Entertainment,3281,32,Kolkata,Mobile,Wallet,260.67,1,0,0,-120.42000000000002,0.5359804333702755,0,0,0,7,31,3,0.0026149857,0
TXN103815,CUST10679,2025-05-19,21:07:02,183.9,Deposit,Online Shopping,181,19,Delhi,Desktop,Debit Card,277.54,1,0,0,-93.64000000000001,0.6602283334530049,0,0,0,5,19,0,0.0053402055,0
TXN103879,CUST11700,2025-05-22,05:01:59,208.6,Purchase,Electronics,1314,52,Mumbai,Tablet,Credit Card,223.53,2,0,0,-14.930000000000007,0.9290517970872489,0,0,0,5,22,3,0.005049413,0
TXN101732,CUST11317,2025-03-05,01:13:35,200.64,Purchase,Healthcare,2322,43,Ahmedabad,Mobile,Cash,124.72,2,0,0,75.91999999999999,1.5959274578428253,0,0,0,3,5,2,0.00041001357,0
TXN106647,CUST11143,2025-08-30,23:23:59,134.05,Purchase,Travel,2505,22,Pune,Mobile,UPI,62.67,0,1,0,71.38000000000001,2.1053871525051044,0,0,0,8,30,5,0.060438845,0
TXN100419,CUST10515,2025-01-16,06:04:30,170.47,Transfer,Restaurant,2394,66,Delhi,Mobile,UPI,37.76,3,0,0,132.71,4.398090815273478,0,0,1,1,16,3,0.0009950205,0
TXN107985,CUST10412,2025-10-18,16:23:37,149.41,Purchase,Fuel,3489,54,Nagpur,Tablet,Wallet,137.18,1,0,0,12.22999999999999,1.0812708061948182,0,0,0,10,18,5,0.0033795729,0
TXN106122,CUST12283,2025-08-11,20:42:50,327.83,Bill Payment,Other,2506,67,Chennai,Tablet,Cash,128.95,3,0,0,198.88,2.522739515198153,0,0,0,8,11,0,0.0010076938,0
TXN100170,CUST10641,2025-01-07,04:31:36,118.01,Bill Payment,Restaurant,2234,53,Mumbai,Desktop,Debit Card,114.61,0,0,0,3.4000000000000057,1.0207594498745785,0,0,0,1,7,1,0.0022033209,0
TXN105875,CUST10566,2025-08-02,20:54:47,264.77,Bill Payment,Travel,1891,75,Pune,Mobile,Cash,66.6,0,0,0,198.17,3.916715976331361,0,0,1,8,2,5,0.002601903,0
TXN102122,CUST10545,2025-03-19,05:57:52,75.85,Bill Payment,Travel,3247,75,Chennai,Mobile,Debit Card,1340.17,4,0,0,-1264.3200000000002,0.05655509741494366,0,0,0,3,19,2,0.000604833,0
TXN100590,CUST11946,2025-01-22,11:28:31,143.36,Deposit,Online Shopping,1471,26,Bengaluru,Mobile,Net Banking,154.67,3,1,0,-11.309999999999974,0.9209224641870626,0,0,0,1,22,2,0.014556153,0
TXN100909,CUST12438,2025-02-03,02:10:54,73.56,Withdrawal,Utilities,186,45,Chennai,Mobile,Net Banking,170.73,2,0,0,-97.16999999999999,0.42834682350200903,0,0,0,2,3,0,0.008738298,0
TXN100000,CUST10860,2025-01-01,00:00:00,806.09,Purchase,Entertainment,1282,47,Pune,Mobile,Cash,158.65,8,1,1,647.44,5.049107422486689,0,1,1,1,1,2,0.89622146,1
TXN107711,CUST11760,2025-10-08,17:00:11,168.8,Purchase,Electronics,1348,60,Bengaluru,Desktop,Credit Card,326.68,2,0,0,-157.88,0.51513671875,0,0,0,10,8,2,0.0009450071,0
TXN108675,CUST10467,2025-11-12,19:14:16,82.96,Purchase,Restaurant,2772,42,Bengaluru,Mobile,UPI,118.05,4,0,0,-35.09,0.69685006299874,0,0,0,11,12,2,0.0013058715,0
TXN107483,CUST11541,2025-09-30,09:48:09,24.73,Transfer,Fuel,281,41,Jaipur,Mobile,Debit Card,123.77,3,0,0,-99.03999999999999,0.19820469664182097,0,0,0,9,30,1,0.008869615,0
TXN107382,CUST10828,2025-09-26,17:33:36,145.95,Purchase,Travel,1474,23,Nagpur,Mobile,Wallet,219.82,0,0,0,-73.87,0.6609455665247713,0,0,0,9,26,4,0.00581437,0
TXN108457,CUST11874,2025-11-04,20:46:26,373.53,Purchase,Travel,2647,61,Ahmedabad,Tablet,Debit Card,113.69,0,0,0,259.84,3.256866335338739,0,0,1,11,4,1,0.00025434644,0
TXN100424,CUST10895,2025-01-16,10:26:36,30.33,Transfer,Electronics,1964,55,Bengaluru,Mobile,Credit Card,78.18,3,1,0,-47.85000000000001,0.38305127557464,0,0,0,1,16,3,0.0056260033,0
TXN101901,CUST11100,2025-03-11,04:52:46,56.38,Withdrawal,Electronics,903,25,Chennai,Mobile,Debit Card,193.59,5,1,0,-137.21,0.2897373965774192,0,0,0,3,11,1,0.0066450904,0
TXN103532,CUST11135,2025-05-09,13:51:49,272.92,Purchase,Online Shopping,2967,47,Kolkata,Mobile,Net Banking,10.9,2,0,0,262.02000000000004,22.934453781512605,0,0,1,5,9,4,0.0029767856,0
TXN105940,CUST12043,2025-08-05,05:42:10,150.78,Withdrawal,Other,779,58,Chennai,Mobile,Wallet,273.26,2,0,0,-122.47999999999999,0.5497702909647779,0,0,0,8,5,1,0.0008493909,0
TXN102162,CUST10231,2025-03-20,16:54:43,50.78,Bill Payment,Healthcare,2993,26,Pune,Mobile,Wallet,94.05,2,0,0,-43.269999999999996,0.5342451341399264,0,0,0,3,20,3,0.0079183,0
TXN102969,CUST10067,2025-04-19,01:58:40,61.05,Purchase,Other,443,75,Nagpur,ATM,Wallet,186.81,2,0,0,-125.76,0.32506256322879507,0,0,0,4,19,5,0.06645043,0
TXN102706,CUST10067,2025-04-09,12:11:52,98.8,Transfer,Electronics,2433,60,Bengaluru,ATM,Wallet,185.02,4,0,1,-86.22000000000001,0.5311256854101709,0,0,0,4,9,2,0.8500458,1
TXN105047,CUST10640,2025-07-03,17:30:00,45.15,Bill Payment,Grocery,1530,46,Delhi,Mobile,Debit Card,113.46,3,0,0,-68.31,0.39446094705574003,0,0,0,7,3,3,0.0005365208,0
TXN103679,CUST12434,2025-05-14,22:17:44,90.85,Bill Payment,Entertainment,509,75,Ahmedabad,Mobile,Wallet,43.21,2,0,0,47.63999999999999,2.05496494005881,0,0,0,5,14,2,0.003284653,0
TXN104564,CUST10359,2025-06-16,03:30:32,205.52,Purchase,Fuel,2974,56,Ahmedabad,Mobile,Cash,228.23,2,0,0,-22.70999999999998,0.8965667670025739,0,0,0,6,16,0,0.00075111416,0
TXN101778,CUST11667,2025-03-06,17:24:58,125.56,Purchase,Restaurant,3387,26,Jaipur,Mobile,Debit Card,158.72,0,0,0,-33.16,0.7861257200100176,0,0,0,3,6,3,0.0009763904,0
TXN102543,CUST11127,2025-04-03,13:47:13,37.95,Transfer,Travel,2485,22,Mumbai,Tablet,Cash,336.71,1,0,0,-298.76,0.11237452251932133,0,0,0,4,3,3,0.012339197,0
TXN104101,CUST11698,2025-05-30,06:59:30,129.98,Transfer,Electronics,1839,38,Delhi,Mobile,Wallet,307.9,0,0,0,-177.92,0.4207834250566526,0,0,0,5,30,4,0.025977498,0
TXN102674,CUST10153,2025-04-08,08:14:24,86.44,Purchase,Restaurant,1108,26,Bengaluru,ATM,Credit Card,17.78,1,0,1,68.66,4.602768903088392,0,0,1,4,8,1,0.0026563217,0
TXN108900,CUST12079,2025-11-20,23:49:03,120.25,Purchase,Travel,1193,44,Jaipur,Mobile,UPI,10.41,0,0,0,109.84,10.53900087642419,0,0,1,11,20,3,0.0013914931,0
TXN102937,CUST12122,2025-04-17,22:01:11,207.96,Withdrawal,Entertainment,631,58,Mumbai,Mobile,Net Banking,209.39,0,0,0,-1.4299999999999784,0.9884500213888494,0,0,0,4,17,3,0.006335598,0
TXN107329,CUST11023,2025-09-24,19:15:17,179.27,Purchase,Electronics,2665,22,Kolkata,Mobile,UPI,101.77,0,0,0,77.50000000000001,1.7443806558334145,0,0,0,9,24,2,0.0010546704,0
TXN107518,CUST10667,2025-10-01,16:22:53,57.67,Purchase,Healthcare,1357,73,Mumbai,Mobile,UPI,68.49,2,0,0,-10.819999999999993,0.8299035832493885,0,0,0,10,1,2,0.004430525,0
TXN104728,CUST12463,2025-06-22,02:47:37,187.38,Transfer,Entertainment,2629,67,Nagpur,Mobile,UPI,162.23,3,0,0,25.150000000000006,1.1479507443484653,0,0,0,6,22,6,0.008954659,0
TXN107408,CUST12274,2025-09-27,16:16:33,66.33,Transfer,Restaurant,2034,34,Nagpur,Mobile,Debit Card,177.51,2,0,0,-111.17999999999999,0.3715758220827965,0,0,0,9,27,5,0.017771615,0
TXN109273,CUST11503,2025-12-04,13:42:10,182.72,Transfer,Utilities,3078,51,Jaipur,Tablet,Cash,288.71,4,0,0,-105.98999999999998,0.6306996651824238,0,0,0,12,4,3,0.004461794,0
TXN102183,CUST10920,2025-03-21,11:15:34,406.8,Purchase,Travel,1520,55,Bengaluru,Mobile,Debit Card,129.69,4,0,0,277.11,3.11270946514653,0,0,1,3,21,4,0.0002977912,0
TXN103378,CUST12493,2025-05-03,23:18:57,160.66,Purchase,Electronics,84,33,Bengaluru,Mobile,UPI,115.93,3,0,0,44.72999999999999,1.3739844351321302,0,0,0,5,3,5,0.002053476,0
TXN100630,CUST11460,2025-01-23,22:25:22,189.87,Purchase,Travel,1513,66,Kolkata,Mobile,Wallet,109.01,4,0,0,80.86,1.7259340059994546,0,0,0,1,23,3,0.00057255017,0
TXN103588,CUST11497,2025-05-11,14:47:25,68.9,Bill Payment,Online Shopping,1688,72,Chennai,Desktop,Net Banking,195.01,2,1,0,-126.10999999999999,0.35151267792459573,0,0,0,5,11,6,0.011383765,0
TXN102088,CUST12139,2025-03-18,00:15:33,252.61,Bill Payment,Restaurant,1018,39,Hyderabad,Desktop,UPI,269.72,1,0,0,-17.110000000000014,0.9331043144208038,0,0,0,3,18,1,0.0014191273,0
TXN104689,CUST12248,2025-06-20,16:43:12,325.68,Bill Payment,Fuel,3056,69,Bengaluru,Mobile,UPI,427.15,1,1,0,-101.46999999999997,0.7606679901903539,0,0,0,6,20,4,0.00964444,0
TXN106306,CUST10572,2025-08-18,13:28:21,454.38,Deposit,Travel,1630,36,Chennai,ATM,Net Banking,253.41,4,0,0,200.97,1.7860147006800047,0,0,0,8,18,0,0.0029646677,0
TXN104873,CUST10277,2025-06-27,09:28:42,1049.41,Bill Payment,Grocery,2838,56,Jaipur,Mobile,Credit Card,95.01,0,0,0,954.4000000000001,10.930215602541402,0,0,1,6,27,4,0.0042719464,0
TXN106571,CUST12374,2025-08-28,04:59:58,491.05,Withdrawal,Travel,3389,43,Chennai,Desktop,Net Banking,145.27,2,0,0,345.78,3.357147740479934,0,0,1,8,28,3,0.0010296386,0
TXN109871,CUST11377,2025-12-26,08:10:04,726.67,Purchase,Entertainment,422,71,Delhi,Desktop,Net Banking,143.8,2,0,0,582.8699999999999,5.0184392265193365,0,0,1,12,26,4,0.013383698,0
TXN101805,CUST11473,2025-03-07,17:00:20,127.24,Bill Payment,Restaurant,3067,24,Hyderabad,ATM,Cash,85.63,2,0,0,41.61,1.4687752510677594,0,0,0,3,7,4,0.0019271052,0
TXN105243,CUST10154,2025-07-10,20:44:34,309.58,Transfer,Online Shopping,1524,59,Pune,Desktop,UPI,73.71,4,0,0,235.87,4.143755855976442,0,0,1,7,10,3,0.0017810413,0
TXN109771,CUST11479,2025-12-22,16:47:57,99.53,Transfer,Online Shopping,1304,66,Ahmedabad,Mobile,Credit Card,222.68,3,0,0,-123.15,0.4449660228898426,0,0,0,12,22,0,0.00078053965,0
TXN108878,CUST12186,2025-11-20,04:35:47,223.36,Deposit,Travel,2427,56,Nagpur,Mobile,Net Banking,60.5,7,0,0,162.86,3.6318699186991874,0,1,1,11,20,3,0.01689267,0
TXN103538,CUST10212,2025-05-09,19:06:21,135.12,Withdrawal,Other,2920,58,Delhi,Tablet,Debit Card,200.92,1,0,0,-65.79999999999998,0.6691759112519811,0,0,0,5,9,4,0.000741866,0
TXN102895,CUST11053,2025-04-16,09:19:29,76.66,Transfer,Grocery,3404,75,Kolkata,ATM,Net Banking,187.02,1,0,0,-110.36000000000001,0.4077225827039676,0,0,0,4,16,2,0.017138,0
TXN106712,CUST12175,2025-09-02,08:11:22,119.68,Purchase,Grocery,907,66,Ahmedabad,Mobile,Credit Card,94.53,4,0,0,25.150000000000006,1.2528001674866536,0,0,0,9,2,1,0.00078739953,0
TXN104052,CUST10383,2025-05-28,12:10:52,443.18,Purchase,Other,1514,46,Chennai,Desktop,Cash,123.78,3,0,0,319.4,3.5516909761179676,0,0,1,5,28,2,0.0011247558,0
TXN102077,CUST11403,2025-03-17,14:38:55,318.33,Deposit,Fuel,3552,70,Ahmedabad,Mobile,Cash,88.41,1,0,0,229.92,3.5603400067106588,0,0,1,3,17,0,0.0027727343,0
TXN103575,CUST10261,2025-05-11,03:25:56,198.92,Transfer,Travel,3622,27,Jaipur,Mobile,Debit Card,191.89,4,0,0,7.030000000000001,1.03126134066048,0,0,0,5,11,6,0.08459367,0
TXN106979,CUST10361,2025-09-12,01:27:50,121.9,Transfer,Online Shopping,1503,55,Jaipur,Mobile,Credit Card,27.77,2,0,0,94.13000000000001,4.237052485227668,0,0,1,9,12,4,0.0063874554,0
TXN104906,CUST10244,2025-06-28,14:18:36,332.59,Withdrawal,Restaurant,1858,47,Hyderabad,Mobile,UPI,874.34,6,0,0,-541.75,0.37995521740123833,0,0,0,6,28,5,0.001223066,0
TXN108526,CUST11428,2025-11-07,09:03:30,263.63,Deposit,Travel,908,49,Ahmedabad,Mobile,Net Banking,57.77,3,0,0,205.85999999999999,4.485792070784414,0,0,1,11,7,4,0.0012433307,0
TXN101041,CUST12161,2025-02-07,21:30:30,294.9,Transfer,Electronics,1265,56,Bengaluru,Mobile,Debit Card,80.07,1,0,0,214.82999999999998,3.6375971382755643,0,0,1,2,7,4,0.004276608,0
TXN105906,CUST11842,2025-08-03,23:59:51,106.63,Withdrawal,Restaurant,239,36,Ahmedabad,Mobile,Debit Card,266.74,1,0,0,-160.11,0.3982595054904011,0,0,0,8,3,6,0.0018446933,0
TXN102197,CUST10651,2025-03-21,23:29:28,270.04,Transfer,Fuel,2874,66,Mumbai,Mobile,Credit Card,407.05,2,0,0,-137.01,0.6617816444063228,0,0,0,3,21,4,0.018200494,0
TXN103689,CUST11962,2025-05-15,07:01:57,136.67,Transfer,Electronics,1787,66,Hyderabad,Mobile,Cash,138.62,5,0,0,-1.950000000000017,0.9788712218879816,0,0,0,5,15,3,0.0015276588,0
TXN101154,CUST11333,2025-02-12,00:14:06,257.21,Withdrawal,Electronics,3208,36,Mumbai,Mobile,Debit Card,79.5,2,0,0,177.70999999999998,3.1951552795031053,0,0,1,2,12,2,0.0003227059,0
TXN109731,CUST10127,2025-12-21,05:51:06,100.93,Purchase,Grocery,3643,20,Kolkata,Tablet,Cash,333.13,2,1,0,-232.2,0.3020680573429504,0,0,0,12,21,6,0.13909961,0
TXN102345,CUST11206,2025-03-27,08:47:48,160.16,Transfer,Grocery,802,42,Delhi,ATM,Wallet,37.1,4,0,1,123.06,4.203674540682415,0,0,1,3,27,3,0.93902165,1
TXN105306,CUST10028,2025-07-13,03:47:06,39.22,Transfer,Utilities,2355,60,Hyderabad,Desktop,UPI,26.57,2,0,0,12.649999999999999,1.4225607544432353,0,0,0,7,13,6,0.0013173443,0
TXN103854,CUST10060,2025-05-21,07:11:28,251.98,Purchase,Travel,2944,26,Mumbai,Desktop,Credit Card,52.94,3,0,0,199.04,4.671486837226548,0,0,1,5,21,2,0.00072565477,0
TXN100768,CUST12133,2025-01-28,22:59:30,194.46,Purchase,Restaurant,1338,37,Nagpur,Desktop,Cash,137.81,2,0,0,56.650000000000006,1.400907715582451,0,0,0,1,28,1,0.002549515,0
TXN100440,CUST11630,2025-01-17,00:25:20,201.77,Purchase,Restaurant,476,26,Chennai,Mobile,Cash,50.96,1,0,0,150.81,3.8831793687451888,0,0,1,1,17,4,0.0010373367,0
TXN104824,CUST11884,2025-06-25,14:40:04,14.79,Purchase,Electronics,2149,32,Ahmedabad,Mobile,Credit Card,124.53,3,0,0,-109.74000000000001,0.11782044132876603,0,0,0,6,25,2,0.0025158192,0
TXN103615,CUST10658,2025-05-12,14:22:47,505.13,Deposit,Utilities,2114,43,Mumbai,ATM,Cash,78.75,2,0,0,426.38,6.333918495297805,0,0,1,5,12,0,0.035104387,0
TXN105392,CUST11451,2025-07-16,06:55:20,192.34,Transfer,Electronics,541,68,Chennai,Tablet,UPI,258.19,2,0,0,-65.85,0.7420810988078244,0,0,0,7,16,2,0.0122040445,0
TXN107898,CUST10233,2025-10-15,12:22:58,41.7,Deposit,Travel,374,38,Kolkata,Mobile,Credit Card,58.23,4,0,0,-16.529999999999994,0.7040351173391863,0,0,0,10,15,2,0.0040827384,0
TXN109953,CUST10528,2025-12-29,07:48:37,133.34,Bill Payment,Healthcare,3296,66,Ahmedabad,Mobile,Cash,35.96,4,0,0,97.38,3.607683982683983,0,0,1,12,29,0,0.00021900416,0
TXN101850,CUST10349,2025-03-09,08:19:17,47.98,Transfer,Grocery,2976,54,Jaipur,ATM,UPI,85.26,1,1,1,-37.28000000000001,0.5562253651750521,0,0,0,3,9,6,0.981797,1
TXN103391,CUST11283,2025-05-04,10:40:25,433.21,Bill Payment,Online Shopping,2081,33,Mumbai,Desktop,UPI,104.06,3,0,0,329.15,4.123453264801066,0,0,1,5,4,6,0.009131908,0
TXN108204,CUST11185,2025-10-26,15:43:52,83.61,Purchase,Online Shopping,2366,73,Kolkata,Mobile,Cash,226.75,2,0,0,-143.14,0.36711306256860593,0,0,0,10,26,6,0.007681201,0
TXN107791,CUST11625,2025-10-11,14:53:53,148.38,Bill Payment,Other,1543,61,Bengaluru,Mobile,Debit Card,36.68,1,0,0,111.69999999999999,3.9378980891719744,0,0,1,10,11,5,0.0005454908,0
TXN106636,CUST10226,2025-08-30,13:47:21,441.06,Transfer,Restaurant,1077,70,Pune,ATM,UPI,107.66,2,0,0,333.4,4.059083379348427,0,0,1,8,30,5,0.39832276,0
TXN103828,CUST12135,2025-05-20,08:28:30,116.12,Purchase,Healthcare,3048,62,Nagpur,Mobile,Credit Card,61.96,2,0,0,54.160000000000004,1.8443456162642948,0,0,0,5,20,1,0.00038407254,0
TXN105633,CUST11351,2025-07-25,01:28:51,280.94,Bill Payment,Travel,2374,32,Mumbai,Desktop,UPI,130.79,1,0,0,150.15,2.131724713559451,0,0,0,7,25,4,0.0013100205,0
TXN106707,CUST11860,2025-09-02,03:49:16,122.15,Transfer,Entertainment,599,61,Nagpur,Mobile,Net Banking,117.53,4,0,0,4.6200000000000045,1.0305407913608369,0,0,0,9,2,1,0.0030809096,0
TXN107671,CUST11228,2025-10-07,06:03:20,96.32,Transfer,Grocery,946,19,Delhi,ATM,Credit Card,131.84,1,0,1,-35.52000000000001,0.7250828063836193,0,0,0,10,7,1,0.72140086,1
TXN104480,CUST12494,2025-06-13,02:07:09,79.67,Withdrawal,Grocery,3161,38,Mumbai,ATM,Credit Card,55.43,3,0,0,24.240000000000002,1.4118376749955697,0,0,0,6,13,4,0.006861376,0
TXN108697,CUST11303,2025-11-13,14:27:32,52.33,Deposit,Fuel,285,47,Kolkata,ATM,UPI,128.3,1,0,0,-75.97000000000001,0.4047177107501933,0,0,0,11,13,3,0.017324992,0
TXN100459,CUST10977,2025-01-17,17:01:21,58.61,Deposit,Other,2594,30,Jaipur,Mobile,Debit Card,219.96,1,0,0,-161.35000000000002,0.2652516292541636,0,0,0,1,17,4,0.0010536179,0
TXN105487,CUST11772,2025-07-19,17:55:21,29.24,Deposit,Utilities,819,42,Ahmedabad,Mobile,Credit Card,52.68,5,0,0,-23.44,0.544709388971684,0,0,0,7,19,5,0.0007191844,0
TXN105113,CUST10327,2025-07-06,03:09:48,155.32,Withdrawal,Other,3276,29,Pune,Mobile,Net Banking,137.27,2,0,0,18.049999999999983,1.1233094669848844,0,0,0,7,6,6,0.00597681,0
TXN102193,CUST10189,2025-03-21,19:59:47,315.27,Deposit,Other,2610,60,Nagpur,ATM,Credit Card,126.13,3,0,0,189.14,2.4799024620467236,0,0,0,3,21,4,0.00082133495,0
TXN107325,CUST10515,2025-09-24,15:45:35,78.02,Purchase,Grocery,2383,30,Bengaluru,ATM,Credit Card,502.5,4,0,0,-424.48,0.1549553128103277,0,0,0,9,24,2,0.0021898774,0
TXN101129,CUST12074,2025-02-11,02:23:34,215.58,Purchase,Grocery,2076,62,Hyderabad,ATM,Debit Card,896.4,1,0,0,-680.8199999999999,0.24022732337864947,0,0,0,2,11,1,0.0005625726,0
TXN101106,CUST12106,2025-02-10,06:17:53,179.42,Purchase,Other,3274,26,Bengaluru,Tablet,Credit Card,39.88,1,0,0,139.54,4.388943248532289,0,0,1,2,10,0,0.00044445237,0
TXN105066,CUST12178,2025-07-04,10:06:00,198.26,Purchase,Fuel,3246,30,Mumbai,Desktop,Credit Card,57.1,2,0,0,141.16,3.412392426850258,0,0,1,7,4,4,0.0018381805,0
TXN101906,CUST11826,2025-03-11,09:14:53,59.48,Transfer,Online Shopping,1850,35,Ahmedabad,ATM,Wallet,299.85,1,0,1,-240.37000000000003,0.1977064982549443,0,0,0,3,11,1,0.91662496,1
TXN107557,CUST10834,2025-10-03,02:27:19,69.46,Bill Payment,Travel,1215,72,Hyderabad,ATM,UPI,466.99,3,0,0,-397.53000000000003,0.14842197482852196,0,0,0,10,3,4,0.0021227885,0
TXN103687,CUST10021,2025-05-15,05:17:07,61.41,Purchase,Electronics,148,51,Nagpur,Desktop,UPI,352.07,3,0,0,-290.65999999999997,0.17393151499702608,0,0,0,5,15,3,0.0037243261,0
TXN106387,CUST11467,2025-08-21,12:14:28,116.17,Withdrawal,Entertainment,1143,21,Nagpur,Mobile,Wallet,210.22,1,1,1,-94.05,0.5499952655998485,0,0,0,8,21,3,0.16186681,0
TXN101679,CUST10629,2025-03-03,02:55:15,686.78,Purchase,Fuel,2320,62,Delhi,Mobile,Cash,163.83,0,0,0,522.9499999999999,4.166595886671115,0,0,1,3,3,0,0.0004098055,0
TXN101940,CUST11153,2025-03-12,14:57:12,332.99,Transfer,Grocery,2106,19,Chennai,Mobile,Wallet,31.51,2,0,1,301.48,10.242694555521377,0,0,1,3,12,2,0.9148034,1
TXN102729,CUST11928,2025-04-10,08:17:34,56.33,Deposit,Entertainment,293,21,Ahmedabad,Mobile,Debit Card,106.91,1,0,0,-50.58,0.5220090816421091,0,0,0,4,10,3,0.0018953184,0
TXN107463,CUST11172,2025-09-29,16:19:43,76.01,Deposit,Fuel,288,49,Kolkata,ATM,Cash,63.19,1,0,0,12.820000000000007,1.1841408319052813,0,0,0,9,29,0,0.005034181,0
TXN106908,CUST10675,2025-09-09,11:25:56,153.92,Purchase,Online Shopping,583,19,Nagpur,Mobile,Cash,127.24,1,0,0,26.679999999999993,1.2002495321272613,0,0,0,9,9,1,0.005884518,0
TXN106330,CUST10968,2025-08-19,10:26:27,104.46,Deposit,Restaurant,462,28,Kolkata,Mobile,Net Banking,223.46,1,0,0,-119.00000000000001,0.46538358727612933,0,0,0,8,19,1,0.012478923,0
TXN105223,CUST10692,2025-07-10,03:16:08,128.33,Bill Payment,Online Shopping,2444,52,Jaipur,Mobile,UPI,42.88,3,0,0,85.45000000000002,2.924567000911577,0,0,0,7,10,3,0.00058046286,0
TXN107712,CUST11116,2025-10-08,17:52:37,40.82,Purchase,Online Shopping,2457,56,Hyderabad,Mobile,Cash,348.94,3,0,0,-308.12,0.11664856832599875,0,0,0,10,8,2,0.0004434735,0
TXN108247,CUST11875,2025-10-28,05:17:59,45.35,Purchase,Other,313,54,Nagpur,Mobile,Debit Card,352.35,3,0,0,-307.0,0.12834300268855242,0,0,0,10,28,1,0.00943522,0
TXN109951,CUST11291,2025-12-29,06:03:46,272.89,Purchase,Electronics,3343,70,Ahmedabad,Mobile,Net Banking,80.31,1,0,0,192.57999999999998,3.3561677530439056,0,0,1,12,29,0,0.0014614947,0
TXN106580,CUST10044,2025-08-28,12:51:46,299.13,Bill Payment,Healthcare,546,38,Nagpur,Mobile,Wallet,49.88,2,1,0,249.25,5.879127358490566,0,0,1,8,28,3,0.7327445,1
TXN100715,CUST12280,2025-01-27,00:41:11,138.68,Bill Payment,Online Shopping,129,44,Ahmedabad,Desktop,UPI,73.5,4,0,0,65.18,1.8614765100671142,0,0,0,1,27,0,0.003114015,0
TXN103609,CUST12330,2025-05-12,09:08:15,332.27,Deposit,Entertainment,2363,56,Jaipur,Desktop,Wallet,222.82,2,0,0,109.44999999999999,1.4845411491376999,0,0,0,5,12,0,0.0010508081,0
TXN100848,CUST10009,2025-01-31,20:53:12,6071.43,Bill Payment,Healthcare,2660,30,Kolkata,Tablet,Debit Card,108.68,1,0,0,5962.75,55.3558533916849,0,0,1,1,31,4,0.009609656,0
TXN101017,CUST10147,2025-02-07,00:32:24,278.18,Withdrawal,Healthcare,842,36,Ahmedabad,Mobile,Cash,227.8,3,0,0,50.379999999999995,1.2158216783216782,0,0,0,2,7,4,0.0010841845,0
TXN106115,CUST10459,2025-08-11,14:35:53,144.37,Bill Payment,Other,905,24,Delhi,ATM,Credit Card,73.24,0,0,1,71.13000000000001,1.94463900862069,0,0,0,8,11,0,0.0050639366,0
TXN105462,CUST12148,2025-07-18,20:04:49,674.67,Deposit,Online Shopping,1410,60,Ahmedabad,Mobile,Debit Card,543.81,7,0,0,130.86,1.238358326756117,0,1,0,7,18,4,0.011231839,0
TXN104576,CUST11468,2025-06-16,13:59:36,44.86,Withdrawal,Utilities,231,38,Nagpur,Tablet,Net Banking,30.5,2,0,0,14.36,1.4241269841269841,0,0,0,6,16,0,0.0026313986,0
TXN101182,CUST11252,2025-02-13,00:41:54,201.85,Purchase,Fuel,687,33,Chennai,ATM,Credit Card,223.29,0,0,0,-21.439999999999998,0.8999509563511525,0,0,0,2,13,3,0.0043687844,0
TXN107465,CUST12027,2025-09-29,18:04:34,316.73,Purchase,Grocery,406,34,Kolkata,Mobile,Net Banking,59.9,3,0,0,256.83000000000004,5.200821018062398,0,0,1,9,29,0,0.0009226548,0
TXN101009,CUST11002,2025-02-06,17:33:01,57.64,Purchase,Electronics,2850,61,Pune,Mobile,Wallet,113.39,2,0,0,-55.75,0.5038902001923246,0,0,0,2,6,3,0.00096390134,0
TXN109795,CUST11377,2025-12-23,13:46:03,41.63,Bill Payment,Healthcare,2423,41,Nagpur,ATM,Wallet,84.69,0,0,0,-43.059999999999995,0.48582098261174006,0,0,0,12,23,1,0.018398387,0
TXN104607,CUST11676,2025-06-17,17:04:39,70.26,Purchase,Entertainment,2608,68,Hyderabad,ATM,Cash,289.95,0,0,0,-219.69,0.24148479120123736,0,0,0,6,17,1,0.0024858143,0
TXN106266,CUST10873,2025-08-17,02:31:30,129.17,Purchase,Utilities,904,52,Hyderabad,Mobile,Credit Card,45.62,0,1,0,83.54999999999998,2.7706992706992706,0,0,0,8,17,6,0.001361037,0
TXN105973,CUST11971,2025-08-06,10:32:04,23.82,Purchase,Other,601,47,Nagpur,ATM,Debit Card,206.27,3,0,0,-182.45000000000002,0.11492256477058908,0,0,0,8,6,2,0.0029405511,0
TXN100979,CUST11332,2025-02-05,15:20:23,110.75,Transfer,Restaurant,418,38,Kolkata,Mobile,Net Banking,123.66,7,0,1,-12.909999999999997,0.8884164928605808,0,1,0,2,5,2,0.07250522,0
TXN105999,CUST11141,2025-08-07,09:15:01,343.79,Bill Payment,Travel,1589,24,Kolkata,Mobile,Wallet,319.19,2,0,0,24.600000000000023,1.0737062369218278,0,0,0,8,7,3,0.0123684555,0
TXN105490,CUST12019,2025-07-19,20:32:37,83.85,Deposit,Online Shopping,3176,64,Pune,Mobile,Debit Card,1543.37,2,0,0,-1459.52,0.054293983954622274,0,0,0,7,19,5,0.00030673837,0
TXN107897,CUST11926,2025-10-15,11:30:32,64.67,Purchase,Fuel,2636,35,Mumbai,Tablet,UPI,311.31,4,0,0,-246.64,0.20706989849828697,0,0,0,10,15,2,0.005805305,0
TXN105054,CUST11753,2025-07-03,23:36:57,102.19,Transfer,Electronics,1401,21,Pune,Mobile,Debit Card,47.59,3,0,0,54.599999999999994,2.1031076353159084,0,0,0,7,3,3,0.005129252,0
TXN103890,CUST10661,2025-05-22,14:38:37,58.4,Purchase,Other,836,24,Chennai,ATM,Wallet,719.63,2,0,0,-661.23,0.08104020093529272,0,0,0,5,22,3,0.03845586,0
TXN100309,CUST10569,2025-01-12,05:58:09,130.96,Purchase,Electronics,2266,42,Bengaluru,Mobile,Debit Card,80.03,1,0,0,50.93000000000001,1.6161915339997532,0,0,0,1,12,6,0.0005720243,0
TXN100222,CUST11016,2025-01-09,01:57:30,77.23,Purchase,Travel,700,32,Mumbai,Desktop,Cash,749.74,1,0,0,-672.51,0.10287183312465036,0,0,0,1,9,3,0.0019368624,0
TXN103149,CUST11053,2025-04-25,15:14:29,268.86,Purchase,Healthcare,1297,69,Nagpur,Mobile,Cash,288.16,2,0,0,-19.30000000000001,0.929796652372389,0,0,0,4,25,4,0.005677359,0
TXN101942,CUST11232,2025-03-12,16:42:03,132.86,Bill Payment,Entertainment,1605,56,Kolkata,Mobile,Net Banking,306.71,3,0,0,-173.84999999999997,0.4317701732150402,0,0,0,3,12,2,0.000527498,0
TXN107356,CUST10841,2025-09-25,18:50:39,38.17,Deposit,Healthcare,1045,39,Bengaluru,ATM,Debit Card,27.92,1,0,0,10.25,1.31984785615491,0,0,0,9,25,3,0.007056304,0
TXN103448,CUST12161,2025-05-06,12:28:26,24.42,Purchase,Entertainment,390,68,Delhi,Mobile,Debit Card,310.64,2,0,0,-286.21999999999997,0.0783596457450905,0,0,0,5,6,1,0.0028588343,0
TXN100815,CUST11629,2025-01-30,16:03:18,148.48,Deposit,Other,2821,20,Hyderabad,Desktop,Credit Card,53.95,3,0,0,94.52999999999999,2.7020928116469514,0,0,0,1,30,3,0.00062178413,0
TXN108562,CUST10071,2025-11-08,16:30:40,109.75,Transfer,Other,199,41,Pune,ATM,Wallet,169.08,4,0,1,-59.33000000000001,0.6452845719661335,0,0,0,11,8,5,0.76817054,1
TXN100632,CUST10082,2025-01-24,00:10:13,87.14,Transfer,Other,1092,56,Chennai,ATM,Wallet,42.49,3,0,1,44.65,2.0036790066681993,0,0,0,1,24,4,0.9650432,1
TXN104569,CUST12155,2025-06-16,07:52:39,139.21,Purchase,Grocery,2234,42,Hyderabad,Desktop,Debit Card,43.73,0,0,0,95.48000000000002,3.112228929130338,0,0,1,6,16,0,0.00028443793,0
TXN106102,CUST10773,2025-08-11,03:14:25,83.84,Bill Payment,Electronics,2191,30,Delhi,Mobile,Cash,40.23,3,0,0,43.61000000000001,2.0334707737084647,0,0,0,8,11,0,0.00067346933,0
TXN102274,CUST10514,2025-03-24,18:45:54,98.71,Transfer,Fuel,3574,72,Pune,Desktop,UPI,101.03,5,0,0,-2.3200000000000074,0.9674605508183867,0,0,0,3,24,0,0.0038830452,0
TXN109395,CUST11960,2025-12-09,00:17:34,424.48,Transfer,Travel,1773,50,Bengaluru,Mobile,Cash,528.83,0,0,0,-104.35000000000002,0.8011626370722684,0,0,0,12,9,1,0.0023351703,0
TXN102918,CUST11442,2025-04-17,05:25:11,52.8,Deposit,Restaurant,2940,66,Pune,Desktop,Cash,47.79,5,0,0,5.009999999999998,1.0821889731502357,0,0,0,4,17,3,0.0002663486,0
TXN103697,CUST10402,2025-05-15,14:01:19,167.06,Deposit,Utilities,446,55,Ahmedabad,Mobile,Debit Card,46.17,2,0,0,120.89,3.5416578333686664,0,0,1,5,15,3,0.0006108778,0
TXN106884,CUST10114,2025-09-08,14:27:49,107.96,Purchase,Electronics,2027,26,Jaipur,ATM,Debit Card,201.47,2,0,0,-93.51,0.5332147972539142,0,0,0,9,8,0,0.0025756974,0
TXN104796,CUST12351,2025-06-24,14:12:16,181.72,Purchase,Restaurant,3267,40,Hyderabad,Mobile,Wallet,266.94,3,0,0,-85.22,0.6782115398969919,0,0,0,6,24,1,0.0011695409,0
TXN106706,CUST11850,2025-09-02,02:56:50,244.17,Purchase,Online Shopping,1614,29,Chennai,Desktop,Net Banking,1508.19,3,0,0,-1264.02,0.16178877411061562,0,0,0,9,2,1,0.0011284373,0
TXN107123,CUST11888,2025-09-17,07:16:30,405.38,Deposit,Electronics,2482,56,Ahmedabad,Mobile,UPI,275.42,2,0,0,129.95999999999998,1.4665364300701829,0,0,0,9,17,2,0.00046881495,0
TXN108779,CUST11559,2025-11-16,14:06:05,185.26,Withdrawal,Travel,3482,22,Nagpur,Mobile,Cash,240.03,1,0,0,-54.77000000000001,0.7686180143550595,0,0,0,11,16,6,0.0015042502,0
TXN104884,CUST11182,2025-06-27,19:05:20,137.01,Purchase,Other,195,74,Hyderabad,Desktop,Credit Card,109.29,3,0,0,27.719999999999985,1.2422703780941153,0,0,0,6,27,4,0.0020921384,0
TXN109031,CUST11440,2025-11-25,18:16:14,150.8,Purchase,Healthcare,793,60,Pune,Tablet,Debit Card,44.82,1,0,0,105.98000000000002,3.2911392405063293,0,0,1,11,25,1,0.0018518216,0
TXN107290,CUST12017,2025-09-23,09:10:51,282.66,Bill Payment,Other,3150,65,Mumbai,Mobile,UPI,100.41,2,0,0,182.25000000000003,2.787299082930678,0,0,0,9,23,1,0.0008618938,0
TXN107457,CUST10294,2025-09-29,11:05:12,60.57,Purchase,Electronics,840,62,Jaipur,Mobile,Credit Card,253.67,1,0,0,-193.1,0.23783720108375547,0,0,0,9,29,0,0.0021661897,0
TXN106798,CUST11982,2025-09-05,11:19:36,69.69,Purchase,Entertainment,2157,51,Mumbai,ATM,Wallet,77.53,3,0,0,-7.840000000000003,0.8874315548198141,0,0,0,9,5,4,0.06980579,0
TXN104994,CUST11119,2025-07-01,19:11:40,130.12,Purchase,Restaurant,1677,68,Nagpur,ATM,Wallet,54.03,2,0,0,76.09,2.3645284390332546,0,0,0,7,1,1,0.014337394,0
TXN101675,CUST11447,2025-03-02,23:25:34,194.53,Withdrawal,Travel,2874,43,Hyderabad,Desktop,Credit Card,69.59,2,0,0,124.94,2.755772772347358,0,0,0,3,2,6,0.0010188008,0
TXN107409,CUST10319,2025-09-27,17:08:58,35.85,Transfer,Fuel,2432,43,Mumbai,ATM,Cash,109.91,4,0,0,-74.06,0.3232350554503652,0,0,0,9,27,5,0.026921058,0
TXN108008,CUST10994,2025-10-19,12:29:18,138.07,Purchase,Electronics,2285,61,Mumbai,Mobile,Net Banking,93.79,2,1,0,44.27999999999999,1.456588247705454,0,0,0,10,19,6,0.010335876,0
TXN102131,CUST12444,2025-03-19,13:49:40,25.09,Deposit,Other,1006,60,Pune,ATM,Credit Card,57.68,2,0,0,-32.59,0.4275732788002727,0,0,0,3,19,2,0.00044725614,0
TXN108442,CUST11486,2025-11-04,07:40:07,91.27,Purchase,Healthcare,3035,66,Nagpur,ATM,Cash,52.55,0,1,1,38.72,1.7043884220354808,0,0,0,11,4,1,0.9621586,1
TXN106265,CUST12383,2025-08-17,01:39:04,677.55,Deposit,Entertainment,1224,27,Pune,Desktop,Credit Card,60.54,2,1,0,617.01,11.009912252193695,0,0,1,8,17,6,0.59610957,1
TXN107616,CUST11737,2025-10-05,06:00:10,72.6,Bill Payment,Other,1701,73,Kolkata,Mobile,Debit Card,69.32,0,0,0,3.280000000000001,1.0324232081911262,0,0,0,10,5,6,0.0008480105,0
TXN100883,CUST10077,2025-02-02,03:27:57,58.8,Purchase,Grocery,2066,47,Jaipur,Mobile,Cash,1796.91,3,0,0,-1738.1100000000001,0.03270464038800607,0,0,0,2,2,6,0.0007339966,0
TXN106283,CUST10421,2025-08-17,17:22:39,73.54,Transfer,Restaurant,1903,19,Kolkata,Mobile,Net Banking,105.77,5,0,0,-32.22999999999999,0.6887702538166153,0,0,0,8,17,6,0.030930003,0
TXN100380,CUST11081,2025-01-14,20:00:04,129.73,Bill Payment,Healthcare,1643,18,Ahmedabad,Mobile,Cash,103.07,2,0,0,26.659999999999997,1.2465648121456712,0,0,0,1,14,1,0.0016229161,0
TXN102554,CUST12267,2025-04-03,23:23:51,39.45,Purchase,Travel,2037,64,Kolkata,Mobile,Debit Card,49.04,2,0,0,-9.589999999999996,0.788369304556355,0,0,0,4,3,3,0.0002310707,0
TXN107196,CUST11429,2025-09-19,23:03:15,334.68,Transfer,Online Shopping,3003,67,Ahmedabad,Desktop,UPI,385.02,2,0,0,-50.339999999999975,0.8670017097559712,0,0,0,9,19,4,0.0076455227,0
TXN106793,CUST10628,2025-09-05,06:57:29,400.78,Deposit,Healthcare,2520,63,Delhi,Mobile,Wallet,68.39,1,0,0,332.39,5.775760195993659,0,0,1,9,5,4,0.0051414594,0
TXN103413,CUST10085,2025-05-05,05:53:41,67.39,Purchase,Grocery,1801,24,Delhi,Mobile,Credit Card,91.43,3,0,0,-24.040000000000006,0.7290922860543113,0,0,0,5,5,0,0.0005825079,0
TXN106369,CUST11491,2025-08-20,20:30:53,52.0,Bill Payment,Travel,700,50,Bengaluru,Tablet,Credit Card,90.84,0,0,0,-38.84,0.5662020905923345,0,0,0,8,20,2,0.0016649954,0
TXN109315,CUST10541,2025-12-06,02:23:52,47.49,Deposit,Restaurant,332,59,Nagpur,Mobile,Wallet,38.71,4,0,0,8.780000000000001,1.1959204230672376,0,0,0,12,6,5,0.002215342,0
TXN100767,CUST11254,2025-01-28,22:07:05,83.44,Transfer,Travel,2654,59,Bengaluru,Mobile,Debit Card,10.02,3,0,0,73.42,7.571687840290381,0,0,1,1,28,1,0.0020219667,0
TXN102163,CUST11950,2025-03-20,17:47:08,141.86,Purchase,Fuel,674,19,Nagpur,Mobile,Debit Card,126.97,4,1,0,14.890000000000015,1.1085410643119482,0,0,0,3,20,3,0.020079456,0
TXN101423,CUST11219,2025-02-21,19:15:25,110.94,Withdrawal,Travel,2269,75,Bengaluru,ATM,Wallet,382.81,0,0,0,-271.87,0.28904926916964124,0,0,0,2,21,4,0.029990412,0
TXN105699,CUST10752,2025-07-27,11:08:39,130.97,Purchase,Healthcare,3067,50,Hyderabad,Tablet,Cash,76.15,1,0,0,54.81999999999999,1.6976020738820479,0,0,0,7,27,6,0.0010290395,0
TXN107607,CUST11482,2025-10-04,22:08:23,130.99,Purchase,Fuel,2334,26,Chennai,Mobile,Debit Card,177.95,2,0,0,-46.95999999999998,0.7319921765856385,0,0,0,10,4,5,0.001544872,0
TXN108555,CUST11230,2025-11-08,10:23:43,504.14,Bill Payment,Electronics,2966,33,Bengaluru,Mobile,Cash,123.12,3,0,0,381.02,4.061714469867869,0,0,1,11,8,5,0.0010592141,0
TXN103923,CUST11377,2025-05-23,19:28:31,184.64,Withdrawal,Other,961,22,Hyderabad,Mobile,Cash,88.62,3,0,0,96.01999999999998,2.0602544074983262,0,0,0,5,23,4,0.0003085966,0
TXN106363,CUST10413,2025-08-20,15:16:21,345.38,Purchase,Travel,3645,56,Bengaluru,ATM,Credit Card,73.31,3,0,0,272.07,4.647826672049522,0,0,1,8,20,2,0.0017067305,0
TXN105747,CUST10894,2025-07-29,05:04:52,30.05,Transfer,Grocery,1618,64,Pune,Mobile,Cash,50.9,3,0,0,-20.849999999999998,0.5789980732177264,0,0,0,7,29,1,0.0005081623,0
TXN101021,CUST11383,2025-02-07,04:02:05,50.03,Withdrawal,Utilities,74,55,Mumbai,Mobile,Cash,52.86,0,0,0,-2.8299999999999983,0.9288897140735239,0,0,0,2,7,4,0.0013263917,0
TXN109201,CUST11818,2025-12-01,22:47:50,669.19,Bill Payment,Other,1085,20,Bengaluru,Mobile,UPI,50.05,4,1,1,619.1400000000001,13.108521057786486,0,0,1,12,1,0,0.8111717,1
TXN107789,CUST11573,2025-10-11,13:09:03,50.1,Purchase,Fuel,1316,69,Delhi,Mobile,Wallet,503.51,2,0,0,-453.40999999999997,0.09930427543557115,0,0,0,10,11,5,0.0036672454,0
TXN102700,CUST10820,2025-04-09,06:57:21,51.79,Purchase,Travel,177,59,Ahmedabad,Mobile,Net Banking,102.71,1,0,0,-50.919999999999995,0.4993732523382509,0,0,0,4,9,2,0.0038554843,0
TXN109715,CUST11674,2025-12-20,15:52:22,263.37,Transfer,Online Shopping,3476,44,Chennai,Mobile,Net Banking,93.03,2,0,0,170.34,2.8009146017228543,0,0,0,12,20,5,0.0023891712,0
TXN105449,CUST11158,2025-07-18,08:43:20,74.65,Purchase,Travel,3362,49,Delhi,ATM,Credit Card,86.49,1,0,0,-11.83999999999999,0.8532403703280376,0,0,0,7,18,4,0.0015154826,0
TXN102671,CUST10280,2025-04-08,05:37:08,157.4,Purchase,Healthcare,3649,60,Hyderabad,Desktop,Net Banking,56.74,1,0,0,100.66,2.726013162452373,0,0,0,4,8,1,0.00043696124,0
TXN102612,CUST10337,2025-04-06,02:04:17,495.62,Transfer,Online Shopping,472,61,Chennai,ATM,Cash,30.13,1,0,1,465.49,15.920976549951815,0,0,1,4,6,6,0.81923085,1
TXN104111,CUST11327,2025-05-30,15:43:43,49.55,Bill Payment,Utilities,2982,61,Nagpur,Mobile,Debit Card,29.94,4,0,0,19.609999999999996,1.601486748545572,0,0,0,5,30,4,0.00061557576,0
TXN109719,CUST11272,2025-12-20,19:22:03,147.18,Purchase,Online Shopping,2758,69,Chennai,Desktop,Debit Card,154.22,4,0,0,-7.039999999999992,0.9482025512176266,0,0,0,12,20,5,0.003720885,0
TXN108325,CUST10680,2025-10-31,01:26:50,145.93,Purchase,Grocery,683,73,Ahmedabad,Mobile,Wallet,338.23,2,0,0,-192.3,0.4301801137871061,0,0,0,10,31,4,0.0033666142,0
TXN100412,CUST12070,2025-01-15,23:57:33,538.4,Purchase,Electronics,2081,26,Bengaluru,Mobile,Credit Card,126.07,2,0,0,412.33,4.237034705280554,0,0,1,1,15,2,0.00048496743,0
TXN108600,CUST11776,2025-11-10,01:42:40,122.23,Purchase,Healthcare,739,22,Pune,ATM,Debit Card,44.04,2,0,0,78.19,2.713809946714032,0,0,0,11,10,0,0.024240375,0
TXN100834,CUST10558,2025-01-31,08:39:18,399.85,Deposit,Restaurant,1066,21,Kolkata,Mobile,UPI,130.36,3,0,0,269.49,3.0439250913520097,0,0,1,1,31,4,0.00083559885,0
TXN106168,CUST10231,2025-08-13,12:54:13,264.76,Purchase,Other,767,28,Nagpur,Mobile,Cash,378.25,2,0,0,-113.49000000000001,0.6981147000659196,0,0,0,8,13,2,0.003592807,0
TXN107878,CUST12350,2025-10-14,18:54:32,92.2,Withdrawal,Travel,1628,57,Nagpur,Mobile,UPI,82.24,2,0,0,9.960000000000008,1.1076405574243153,0,0,0,10,14,1,0.0023744025,0
TXN106438,CUST10997,2025-08-23,08:47:57,240.87,Deposit,Grocery,56,69,Pune,Desktop,Cash,107.68,2,0,0,133.19,2.2163231505336767,0,0,0,8,23,5,0.0009281836,0
TXN105729,CUST11505,2025-07-28,13:21:17,151.75,Withdrawal,Electronics,2186,44,Bengaluru,Mobile,Wallet,237.33,3,0,0,-85.58000000000001,0.6367221919187681,0,0,0,7,28,0,0.00077880855,0
TXN100561,CUST10814,2025-01-21,10:08:19,19.6,Withdrawal,Restaurant,1285,29,Hyderabad,Tablet,UPI,106.02,1,0,0,-86.41999999999999,0.18314333769388902,0,0,0,1,21,1,0.0015995192,0
TXN109046,CUST10451,2025-11-26,07:22:33,158.65,Purchase,Grocery,2896,68,Delhi,Mobile,Wallet,32.84,2,1,0,125.81,4.688238770685579,0,0,1,11,26,2,0.084885836,0
TXN103440,CUST10273,2025-05-06,05:29:04,331.49,Transfer,Electronics,899,30,Hyderabad,Mobile,Debit Card,91.9,1,1,0,239.59,3.5682454251883744,0,0,1,5,6,1,0.087878235,0
TXN105763,CUST11622,2025-07-29,19:03:37,219.04,Purchase,Other,1242,21,Nagpur,Mobile,Wallet,355.04,2,0,0,-136.00000000000003,0.6152117739579822,0,0,0,7,29,1,0.011920132,0
TXN100823,CUST12220,2025-01-30,23:02:40,685.83,Purchase,Electronics,1763,53,Bengaluru,Mobile,Cash,201.47,0,0,0,484.36,3.387316639502149,0,0,1,1,30,3,0.00025828797,0
TXN100111,CUST10397,2025-01-05,00:58:45,110.97,Transfer,Healthcare,170,66,Nagpur,Mobile,Wallet,218.53,2,0,0,-107.56,0.5054889992256184,0,0,0,1,5,6,0.0025732694,0
TXN101242,CUST10310,2025-02-15,05:07:10,101.68,Deposit,Healthcare,2932,55,Mumbai,Desktop,Cash,78.42,2,0,0,23.260000000000005,1.2802820448249812,0,0,0,2,15,5,0.00063428504,0
TXN100892,CUST11318,2025-02-02,11:19:44,36.33,Purchase,Electronics,988,49,Mumbai,Desktop,Credit Card,155.32,0,0,0,-118.99,0.2324078812691914,0,0,0,2,2,6,0.0024662744,0
TXN104503,CUST11710,2025-06-13,22:12:51,97.87,Bill Payment,Travel,1490,66,Bengaluru,Mobile,UPI,258.15,2,0,0,-160.27999999999997,0.37765772718502805,0,0,0,6,13,4,0.0006845907,0
TXN104476,CUST10795,2025-06-12,22:37:28,66.2,Bill Payment,Electronics,1429,45,Delhi,Desktop,UPI,108.86,1,1,0,-42.66,0.6025851083196796,0,0,0,6,12,3,0.010494189,0
TXN103373,CUST12319,2025-05-03,18:56:50,297.85,Deposit,Entertainment,942,42,Chennai,Mobile,Credit Card,197.36,1,0,0,100.49000000000001,1.5015628150836862,0,0,0,5,3,5,0.0018036403,0
TXN104266,CUST12011,2025-06-05,07:09:01,398.64,Purchase,Electronics,1303,28,Chennai,Mobile,Credit Card,164.23,3,0,0,234.41,2.4126369303395268,0,0,0,6,5,3,0.00081532134,0
TXN108045,CUST11129,2025-10-20,20:48:53,53.37,Transfer,Grocery,2597,21,Mumbai,Mobile,Wallet,44.37,1,0,0,9.0,1.176327970024245,0,0,0,10,20,0,0.020666579,0
TXN102980,CUST10761,2025-04-19,11:35:18,235.03,Transfer,Fuel,1624,49,Chennai,Tablet,Wallet,108.32,0,0,0,126.71000000000001,2.1499268203439446,0,0,0,4,19,5,0.11560265,0
TXN106130,CUST11317,2025-08-12,03:42:12,64.73,Purchase,Utilities,1565,27,Ahmedabad,Mobile,Credit Card,144.36,2,0,0,-79.63000000000001,0.4453082003302146,0,0,0,8,12,1,0.0014690183,0
TXN107691,CUST12264,2025-10-07,23:31:46,48.43,Purchase,Restaurant,3497,52,Nagpur,Desktop,Wallet,78.67,3,0,0,-30.240000000000002,0.6078825153759256,0,0,0,10,7,1,0.0027807278,0
TXN102923,CUST10816,2025-04-17,09:47:17,104.88,Withdrawal,Other,3333,38,Delhi,ATM,Credit Card,157.8,5,0,0,-52.920000000000016,0.6604534005037782,0,0,0,4,17,3,0.0018903131,0
TXN106984,CUST12056,2025-09-12,05:49:57,85.38,Deposit,Other,738,52,Jaipur,Desktop,Credit Card,126.22,0,1,0,-40.84,0.6711208929413613,0,0,0,9,12,4,0.048306994,0
TXN109490,CUST11258,2025-12-12,11:17:35,145.14,Bill Payment,Electronics,3029,23,Ahmedabad,Mobile,Net Banking,175.37,2,1,0,-30.230000000000018,0.8229290695696546,0,0,0,12,12,4,0.008907742,0
TXN105180,CUST12010,2025-07-08,13:42:02,25.67,Purchase,Utilities,286,28,Mumbai,Tablet,Net Banking,115.27,0,0,0,-89.6,0.2207792207792208,0,0,0,7,8,1,0.008281962,0
TXN108956,CUST10652,2025-11-23,00:44:38,209.86,Deposit,Grocery,1571,48,Nagpur,Desktop,Wallet,146.12,1,0,0,63.74000000000001,1.4264545948885263,0,0,0,11,23,6,0.0059820623,0
TXN108388,CUST10093,2025-11-02,08:29:22,148.47,Purchase,Other,2938,40,Pune,Mobile,UPI,67.57,2,0,0,80.9,2.165232609012688,0,0,0,11,2,6,0.0023558887,0
TXN108611,CUST10294,2025-11-10,11:19:18,559.73,Deposit,Fuel,2057,62,Mumbai,Mobile,UPI,53.84,2,0,0,505.89,10.206601021152442,0,0,1,11,10,0,0.00088762515,0
TXN109985,CUST11700,2025-12-30,11:46:06,281.5,Withdrawal,Grocery,277,58,Pune,Mobile,Cash,102.23,2,1,0,179.26999999999998,2.7269204688559525,0,0,0,12,30,1,0.00095856027,0
TXN106380,CUST10041,2025-08-21,06:07:31,95.41,Purchase,Travel,2482,37,Nagpur,Mobile,UPI,159.6,2,0,0,-64.19,0.5940846824408468,0,0,0,8,21,3,0.001608906,0
TXN100664,CUST12122,2025-01-25,04:07:42,103.77,Withdrawal,Grocery,2263,36,Delhi,Mobile,Cash,653.23,5,0,0,-549.46,0.15861394310869265,0,0,0,1,25,5,0.00086346583,0
TXN109997,CUST10569,2025-12-30,22:15:09,870.68,Withdrawal,Entertainment,2893,20,Chennai,Mobile,Debit Card,190.52,4,0,0,680.16,4.546157059314954,0,0,1,12,30,1,0.0033332964,0
TXN103464,CUST11603,2025-05-07,02:27:10,202.75,Purchase,Entertainment,286,35,Nagpur,Mobile,Debit Card,437.34,2,0,0,-234.58999999999997,0.4625404936807045,0,0,0,5,7,2,0.0023456607,0
TXN104719,CUST10446,2025-06-21,18:55:50,1221.69,Withdrawal,Utilities,3477,65,Bengaluru,Mobile,UPI,169.88,4,0,0,1051.81,7.149403089887641,0,0,1,6,21,5,0.019381493,0
TXN100784,CUST12472,2025-01-29,12:58:15,263.82,Purchase,Utilities,2450,19,Chennai,ATM,Wallet,115.55,5,0,1,148.26999999999998,2.2635778635778636,0,0,0,1,29,2,0.6590826,1
TXN102093,CUST11206,2025-03-18,04:37:39,81.65,Transfer,Healthcare,2820,21,Ahmedabad,Mobile,Credit Card,33.69,3,0,1,47.96000000000001,2.3537042375324306,0,0,0,3,18,1,0.004071595,0
TXN101814,CUST10943,2025-03-08,00:52:07,103.08,Bill Payment,Online Shopping,3463,18,Delhi,ATM,UPI,69.1,2,0,0,33.980000000000004,1.4704707560627677,0,0,0,3,8,5,0.013961183,0
TXN107807,CUST12277,2025-10-12,04:52:38,253.98,Bill Payment,Online Shopping,948,65,Nagpur,ATM,Cash,88.98,1,1,1,165.0,2.822627250500111,0,0,0,10,12,6,0.9816395,1
TXN103745,CUST11364,2025-05-17,07:57:33,34.95,Purchase,Other,2860,36,Chennai,Mobile,Cash,61.42,4,0,0,-26.47,0.5599166933675105,0,0,0,5,17,5,0.004490733,0
TXN109665,CUST11756,2025-12-18,20:11:18,60.51,Transfer,Fuel,2210,69,Delhi,Mobile,Credit Card,197.03,2,0,0,-136.52,0.30555976367217086,0,0,0,12,18,3,0.00078248413,0
TXN104707,CUST12053,2025-06-21,08:26:47,162.2,Deposit,Healthcare,2334,32,Delhi,Mobile,Cash,103.47,1,0,0,58.72999999999999,1.5525988322006317,0,0,0,6,21,5,0.0018079559,0
TXN104096,CUST10298,2025-05-30,02:37:24,207.25,Purchase,Healthcare,2391,29,Mumbai,Tablet,Cash,63.22,1,0,0,144.03,3.22718779196512,0,0,1,5,30,4,0.00075363537,0
TXN101331,CUST10951,2025-02-18,10:52:40,76.55,Transfer,Utilities,405,44,Nagpur,Mobile,Net Banking,70.73,3,0,0,5.819999999999993,1.0671964310609228,0,0,0,2,18,1,0.0020229425,0
TXN106736,CUST11226,2025-09-03,05:09:29,26.55,Transfer,Travel,1314,33,Chennai,Desktop,Net Banking,180.72,7,0,0,-154.17,0.1461038961038961,0,1,0,9,3,2,0.16721243,0
TXN104231,CUST11825,2025-06-04,00:34:16,163.61,Deposit,Grocery,1475,75,Delhi,Mobile,Debit Card,50.91,3,0,0,112.70000000000002,3.15180119437488,0,0,1,6,4,2,0.00012651498,0
TXN103845,CUST10068,2025-05-20,23:19:40,124.19,Bill Payment,Fuel,2545,61,Kolkata,Desktop,Cash,101.42,3,0,0,22.769999999999996,1.212556141378637,0,0,0,5,20,1,0.00050641625,0
TXN108292,CUST12194,2025-10-29,20:36:56,34.19,Bill Payment,Entertainment,1527,58,Hyderabad,Mobile,Debit Card,81.78,2,0,0,-47.59,0.4130224691954578,0,0,0,10,29,2,0.00019279488,0
TXN109680,CUST10733,2025-12-19,09:17:37,75.85,Bill Payment,Entertainment,1872,40,Ahmedabad,ATM,Net Banking,108.91,1,0,0,-33.06,0.6901100900736966,0,0,0,12,19,4,0.0057414826,0
TXN101085,CUST10513,2025-02-09,11:57:02,968.6,Withdrawal,Electronics,1900,19,Mumbai,Mobile,UPI,106.97,0,0,0,861.63,8.97101046587015,0,0,1,2,9,6,0.044299103,0
TXN104453,CUST10667,2025-06-12,02:31:47,184.44,Withdrawal,Online Shopping,1606,63,Mumbai,Desktop,Net Banking,79.58,2,0,0,104.86,2.2889054355919582,0,0,0,6,12,3,0.00043369515,0
TXN104264,CUST10030,2025-06-05,05:24:10,29.38,Purchase,Grocery,1420,18,Hyderabad,Desktop,Credit Card,39.6,2,0,0,-10.220000000000002,0.7236453201970443,0,0,0,6,5,3,0.0007048428,0
TXN109654,CUST10642,2025-12-18,10:34:40,2349.27,Purchase,Entertainment,2906,18,Kolkata,Mobile,Net Banking,147.25,1,0,0,2202.02,15.846677908937606,0,0,1,12,18,3,0.017908663,0
TXN100817,CUST10946,2025-01-30,17:48:09,48.34,Purchase,Entertainment,1367,32,Ahmedabad,Tablet,Wallet,85.01,1,0,0,-36.67,0.5620276712010231,0,0,0,1,30,3,0.010957004,0
TXN101262,CUST11771,2025-02-15,22:35:36,716.45,Bill Payment,Fuel,2950,37,Delhi,Tablet,Debit Card,51.96,2,0,0,664.49,13.528134441087614,0,0,1,2,15,5,0.0016809289,0
TXN105688,CUST10386,2025-07-27,01:32:01,41.53,Deposit,Electronics,2731,43,Pune,Mobile,Credit Card,162.01,0,0,0,-120.47999999999999,0.25476964603398566,0,0,0,7,27,6,0.0044277576,0
TXN101808,CUST10664,2025-03-07,19:37:36,85.04,Purchase,Healthcare,1924,47,Hyderabad,Mobile,Cash,230.74,0,0,0,-145.7,0.36696297574868386,0,0,0,3,7,4,0.0009082712,0
TXN100328,CUST10684,2025-01-12,22:34:10,82.71,Bill Payment,Restaurant,3329,34,Hyderabad,Desktop,Net Banking,737.49,2,0,0,-654.78,0.11199880837926038,0,0,0,1,12,6,0.00045286832,0
TXN101617,CUST10902,2025-02-28,20:45:08,90.77,Deposit,Electronics,641,42,Delhi,ATM,Debit Card,296.08,3,0,0,-205.31,0.30554059512589204,0,0,0,2,28,4,0.0026304463,0
TXN106280,CUST12415,2025-08-17,14:45:24,112.2,Purchase,Online Shopping,596,74,Hyderabad,ATM,Credit Card,349.7,2,0,0,-237.5,0.3199315654405475,0,0,0,8,17,6,0.0020159695,0
TXN105128,CUST10719,2025-07-06,16:16:07,99.13,Bill Payment,Other,2184,56,Mumbai,ATM,Cash,135.45,2,0,0,-36.31999999999999,0.7264932209600586,0,0,0,7,6,6,0.0054760952,0
TXN108982,CUST11803,2025-11-23,23:27:35,214.82,Purchase,Travel,1526,19,Mumbai,Mobile,UPI,229.03,3,0,0,-14.210000000000008,0.9338781898013302,0,0,0,11,23,6,0.006732558,0
TXN107586,CUST10334,2025-10-04,03:47:32,350.42,Bill Payment,Restaurant,82,42,Nagpur,Mobile,Credit Card,564.27,1,0,0,-213.84999999999997,0.619916146266386,0,0,0,10,4,5,0.002584856,0
TXN108474,CUST11745,2025-11-05,11:37:36,85.13,Withdrawal,Healthcare,2449,39,Mumbai,Mobile,Cash,126.28,2,0,0,-41.150000000000006,0.6688403519798868,0,0,0,11,5,2,0.0023917619,0
TXN101972,CUST12453,2025-03-13,18:54:41,95.8,Purchase,Electronics,50,38,Bengaluru,Mobile,UPI,32.47,2,0,0,63.33,2.8622647146698537,0,0,0,3,13,3,0.0017006965,0
TXN103652,CUST11549,2025-05-13,22:42:22,13.51,Deposit,Entertainment,3604,71,Chennai,ATM,Credit Card,127.22,3,0,0,-113.71,0.10536577756980191,0,0,0,5,13,1,0.009588328,0
TXN101621,CUST11977,2025-03-01,00:14:50,103.37,Withdrawal,Entertainment,1066,18,Delhi,Mobile,Wallet,90.21,3,0,0,13.16000000000001,1.133318715053174,0,0,0,3,1,5,0.003061399,0
TXN106171,CUST10476,2025-08-13,15:31:29,200.67,Transfer,Online Shopping,2081,75,Nagpur,ATM,Cash,436.58,1,0,0,-235.91,0.45859042917866444,0,0,0,8,13,2,0.027288815,0
TXN101077,CUST10329,2025-02-09,04:57:40,127.1,Purchase,Other,3355,42,Ahmedabad,Tablet,Cash,116.01,2,0,0,11.08999999999999,1.0862319459875223,0,0,0,2,9,6,0.0014892323,0
TXN107420,CUST10998,2025-09-28,02:45:36,200.86,Bill Payment,Fuel,1141,35,Hyderabad,Mobile,Debit Card,73.18,3,0,0,127.68,2.7077379347533026,0,0,0,9,28,6,0.00057660596,0
TXN108665,CUST10411,2025-11-12,10:30:03,458.59,Transfer,Restaurant,911,27,Nagpur,Tablet,Cash,44.64,3,0,0,413.95,10.047984224364592,0,0,1,11,12,2,0.045042157,0
TXN109692,CUST10196,2025-12-19,19:46:40,155.1,Purchase,Other,3306,32,Delhi,ATM,UPI,92.12,2,0,0,62.97999999999999,1.6655927835051545,0,0,0,12,19,4,0.017073654,0
TXN102925,CUST10575,2025-04-17,11:32:07,436.14,Purchase,Restaurant,1764,70,Hyderabad,Mobile,Debit Card,20.25,2,0,0,415.89,20.524235294117645,0,0,1,4,17,3,0.0019975083,0
TXN100217,CUST10262,2025-01-08,21:35:24,287.93,Purchase,Electronics,1853,65,Chennai,Mobile,Cash,85.25,3,0,0,202.68,3.3383188405797104,0,0,1,1,8,2,0.00050593447,0
TXN104287,CUST10687,2025-06-06,01:29:51,158.94,Bill Payment,Travel,1065,62,Bengaluru,Mobile,Net Banking,171.15,1,0,0,-12.210000000000008,0.92326459483009,0,0,0,6,6,4,0.0015254449,0
TXN100633,CUST11168,2025-01-24,01:02:38,197.67,Purchase,Fuel,2152,52,Bengaluru,Mobile,UPI,87.8,1,0,0,109.86999999999999,2.2260135135135135,0,0,0,1,24,4,0.00036158884,0
TXN104463,CUST11292,2025-06-12,11:16:00,194.08,Bill Payment,Utilities,2255,41,Jaipur,Mobile,Credit Card,68.89,0,0,0,125.19000000000001,2.776935183860352,0,0,0,6,12,3,0.0006978206,0
TXN104161,CUST10832,2025-06-01,11:24:47,188.21,Transfer,Travel,2964,30,Ahmedabad,Mobile,Debit Card,96.54,1,0,0,91.67,1.929567356981751,0,0,0,6,1,6,0.013978749,0
TXN105200,CUST10755,2025-07-09,07:10:27,184.07,Deposit,Travel,1825,61,Hyderabad,Mobile,Wallet,58.44,6,0,0,125.63,3.096736204576043,0,0,1,7,9,2,0.0018014807,0
TXN100575,CUST10470,2025-01-21,22:22:12,178.02,Transfer,Travel,385,62,Chennai,Desktop,Net Banking,121.45,2,0,0,56.57000000000001,1.4538178848509595,0,0,0,1,21,1,0.0096278945,0
TXN100809,CUST11755,2025-01-30,10:48:47,178.89,Withdrawal,Fuel,990,72,Ahmedabad,Mobile,Wallet,927.0,2,0,0,-748.11,0.19276939655172412,0,0,0,1,30,3,0.0034880834,0
TXN101472,CUST11530,2025-02-23,14:04:04,289.73,Transfer,Utilities,1713,35,Bengaluru,Mobile,Debit Card,202.59,3,0,0,87.14000000000001,1.4231052605727197,0,0,0,2,23,6,0.0027241237,0
TXN103038,CUST11946,2025-04-21,14:15:44,28.13,Purchase,Utilities,1323,45,Delhi,ATM,Cash,102.65,1,0,0,-74.52000000000001,0.27139411480945486,0,0,0,4,21,0,0.011950819,0
TXN109192,CUST11207,2025-12-01,14:56:03,292.08,Purchase,Online Shopping,591,24,Jaipur,ATM,UPI,332.89,3,0,0,-40.81,0.8747791188714846,0,0,0,12,1,0,0.010830871,0
TXN100804,CUST10228,2025-01-30,06:26:40,32.76,Transfer,Other,1288,67,Bengaluru,ATM,Cash,228.51,2,0,0,-195.75,0.1427388784802405,0,0,0,1,30,3,0.009926197,0
TXN101618,CUST11355,2025-02-28,21:37:34,117.57,Deposit,Healthcare,1172,66,Bengaluru,Mobile,Wallet,235.58,1,0,0,-118.01000000000002,0.4969566320060867,0,0,0,2,28,4,0.0020810685,0
TXN106982,CUST10099,2025-09-12,04:05:06,42.71,Transfer,Healthcare,2460,65,Pune,Mobile,Wallet,54.07,0,0,0,-11.36,0.7755583802433267,0,0,0,9,12,4,0.035960756,0
TXN101084,CUST10081,2025-02-09,11:04:37,54.16,Purchase,Travel,2524,65,Nagpur,ATM,Cash,2266.41,0,0,0,-2212.25,0.02388628435086729,0,0,0,2,9,6,0.0010112509,0
TXN106499,CUST11947,2025-08-25,14:05:39,773.63,Purchase,Fuel,2488,41,Pune,Mobile,Cash,51.04,0,0,0,722.59,14.866064565718679,0,0,1,8,25,0,0.0020203632,0
TXN102958,CUST12043,2025-04-18,16:22:02,107.79,Withdrawal,Entertainment,2517,44,Bengaluru,Desktop,Net Banking,154.85,2,0,0,-47.05999999999999,0.6916265640038499,0,0,0,4,18,4,0.0025384342,0
TXN104941,CUST11384,2025-06-29,20:53:21,611.71,Purchase,Other,578,35,Mumbai,Mobile,Cash,16.93,3,0,0,594.7800000000001,34.11656441717792,0,0,1,6,29,6,0.0015420105,0
TXN103995,CUST10205,2025-05-26,10:22:51,161.9,Withdrawal,Entertainment,2271,36,Hyderabad,Desktop,Cash,45.4,3,0,0,116.5,3.4892241379310347,0,0,1,5,26,0,0.0005156322,0
TXN102723,CUST10660,2025-04-10,03:03:02,77.47,Withdrawal,Electronics,1306,63,Chennai,Mobile,UPI,60.23,2,0,0,17.240000000000002,1.265229462681692,0,0,0,4,10,3,0.00097325764,0
TXN103698,CUST10595,2025-05-15,14:53:45,104.89,Deposit,Entertainment,1378,74,Jaipur,Mobile,Credit Card,228.3,5,0,0,-123.41000000000001,0.457435673789795,0,0,0,5,15,3,0.0022683751,0
TXN104483,CUST12417,2025-06-13,04:44:25,453.86,Bill Payment,Utilities,1543,40,Nagpur,Mobile,Credit Card,46.83,0,0,0,407.03000000000003,9.489023625339746,0,0,1,6,13,4,0.004208678,0
TXN108880,CUST10229,2025-11-20,06:20:37,179.71,Transfer,Utilities,75,25,Jaipur,ATM,UPI,58.67,2,0,1,121.04,3.0117311882017765,0,0,1,11,20,3,0.018125951,0
TXN103491,CUST11913,2025-05-08,02:02:33,36.61,Purchase,Restaurant,2969,29,Delhi,Mobile,Cash,56.36,2,0,0,-19.75,0.6382496513249651,0,0,0,5,8,3,0.001646505,0
TXN105384,CUST11137,2025-07-15,23:55:58,46.39,Purchase,Grocery,296,40,Nagpur,Desktop,UPI,724.57,2,0,0,-678.1800000000001,0.06393594001957081,0,0,0,7,15,1,0.00407987,0
TXN101471,CUST11410,2025-02-23,13:11:38,72.07,Deposit,Restaurant,681,38,Ahmedabad,Mobile,Net Banking,216.96,3,0,0,-144.89000000000001,0.3306570012846393,0,0,0,2,23,6,0.0017427779,0
TXN106846,CUST10636,2025-09-07,05:15:49,907.64,Purchase,Entertainment,2009,63,Kolkata,ATM,Cash,291.74,6,1,1,615.9,3.1004987360797975,0,0,1,9,7,6,0.96921307,1
TXN100002,CUST11130,2025-01-01,01:44:50,39.65,Purchase,Online Shopping,2913,72,Chennai,Desktop,Cash,42.0,0,0,0,-2.3500000000000014,0.9220930232558139,0,0,0,1,1,2,0.00096491945,0
TXN102202,CUST10780,2025-03-22,03:51:34,669.96,Deposit,Entertainment,996,62,Nagpur,Mobile,Credit Card,246.03,3,0,0,423.93000000000006,2.712059264056997,0,0,0,3,22,5,0.00035425968,0
TXN101244,CUST10545,2025-02-15,06:52:01,220.21,Bill Payment,Entertainment,2636,44,Pune,Desktop,Wallet,441.16,3,0,0,-220.95000000000002,0.4980323864664375,0,0,0,2,15,5,0.00082333427,0
TXN108335,CUST12132,2025-10-31,10:11:03,163.52,Transfer,Electronics,3403,20,Chennai,Desktop,Net Banking,389.37,0,0,0,-225.85,0.41888464789814794,0,0,0,10,31,4,0.0057064267,0
TXN105482,CUST10145,2025-07-19,13:33:14,92.25,Transfer,Online Shopping,2305,40,Chennai,Mobile,Debit Card,174.28,0,1,0,-82.03,0.5263007759014149,0,0,0,7,19,5,0.037297968,0
TXN108961,CUST10615,2025-11-23,05:06:45,80.73,Purchase,Fuel,1559,42,Ahmedabad,Mobile,Wallet,192.62,1,0,0,-111.89,0.4169507282305547,0,0,0,11,23,6,0.0007240211,0
TXN102787,CUST10700,2025-04-12,10:58:00,110.84,Purchase,Grocery,632,60,Jaipur,Mobile,Debit Card,45.52,1,0,0,65.32,2.3826311263972486,0,0,0,4,12,5,0.00096817844,0
TXN102645,CUST10532,2025-04-07,06:54:11,553.82,Withdrawal,Healthcare,1408,46,Kolkata,Mobile,Cash,252.52,1,0,0,301.30000000000007,2.1845219312085833,0,0,0,4,7,0,0.0004145741,0
TXN101869,CUST11300,2025-03-10,00:55:18,233.4,Purchase,Utilities,2698,29,Ahmedabad,Mobile,Wallet,205.93,1,0,0,27.47,1.1279176533127144,0,0,0,3,10,0,0.005471765,0
TXN109698,CUST10319,2025-12-20,01:01:12,129.52,Purchase,Electronics,2507,19,Delhi,Mobile,UPI,271.09,0,0,0,-141.56999999999996,0.4760189643132788,0,0,0,12,20,5,0.008552167,0
TXN100750,CUST10882,2025-01-28,07:15:55,694.32,Purchase,Healthcare,2498,26,Jaipur,Mobile,UPI,90.5,0,0,0,603.82,7.588196721311476,0,0,1,1,28,1,0.001800741,0
TXN105304,CUST10777,2025-07-13,02:02:16,40.65,Deposit,Electronics,205,64,Nagpur,ATM,Credit Card,259.4,1,0,0,-218.74999999999997,0.15610599078341014,0,0,0,7,13,6,0.0013773836,0
TXN108124,CUST10386,2025-10-23,17:50:10,34.11,Purchase,Entertainment,147,32,Mumbai,Mobile,UPI,63.45,2,0,0,-29.340000000000003,0.5292474786656323,0,0,0,10,23,3,0.005980344,0
TXN106410,CUST12266,2025-08-22,08:20:09,72.09,Purchase,Grocery,3438,61,Bengaluru,ATM,Cash,575.83,4,0,0,-503.74,0.12497616282093511,0,0,0,8,22,4,0.001341496,0
TXN101435,CUST12257,2025-02-22,05:44:28,52.14,Purchase,Online Shopping,2921,37,Ahmedabad,Mobile,Wallet,293.5,1,0,0,-241.36,0.1770458404074703,0,0,0,2,22,5,0.0018264184,0
TXN106476,CUST10203,2025-08-24,17:59:57,234.02,Purchase,Restaurant,2578,57,Mumbai,ATM,Wallet,150.82,5,0,0,83.20000000000002,1.5414306415492032,0,0,0,8,24,6,0.035120834,0
TXN101495,CUST10959,2025-02-24,10:09:45,69.29,Purchase,Travel,687,55,Pune,Desktop,Cash,41.65,2,1,0,27.640000000000008,1.6246189917936695,0,0,0,2,24,0,0.003596932,0
TXN103262,CUST12100,2025-04-29,17:58:05,178.59,Purchase,Restaurant,1802,69,Ahmedabad,Tablet,Wallet,291.66,0,0,0,-113.07000000000002,0.6102303013736076,0,0,0,4,29,1,0.01188745,0
TXN109510,CUST11189,2025-12-13,04:46:00,364.57,Purchase,Restaurant,551,30,Chennai,ATM,UPI,185.98,3,0,0,178.59,1.9497807252112527,0,0,0,12,13,5,0.0046102135,0
TXN100681,CUST12128,2025-01-25,18:58:51,167.01,Withdrawal,Grocery,3495,71,Nagpur,Mobile,Wallet,310.32,2,0,0,-143.31,0.5364576641397918,0,0,0,1,25,5,0.0023191024,0
TXN105454,CUST11370,2025-07-18,13:05:27,394.86,Purchase,Online Shopping,1440,65,Nagpur,Desktop,Wallet,118.31,3,0,0,276.55,3.309529796328891,0,0,1,7,18,4,0.0010787761,0
TXN104117,CUST12254,2025-05-30,20:58:15,55.59,Purchase,Utilities,990,67,Hyderabad,Tablet,Wallet,67.62,4,0,0,-12.030000000000001,0.8101136694841155,0,0,0,5,30,4,0.0028278022,0
TXN101785,CUST11354,2025-03-06,23:31:55,198.9,Withdrawal,Healthcare,1522,51,Chennai,Mobile,Net Banking,359.62,2,0,0,-160.72,0.55155010814708,0,0,0,3,6,3,0.0011471912,0
TXN103171,CUST12437,2025-04-26,10:27:45,104.39,Transfer,Utilities,2538,45,Nagpur,ATM,Cash,263.16,2,0,0,-158.77000000000004,0.3951771653543307,0,0,0,4,26,5,0.009710925,0
TXN104751,CUST10029,2025-06-22,22:53:19,414.81,Purchase,Healthcare,1192,66,Chennai,Mobile,Cash,523.91,3,0,0,-109.09999999999997,0.7902497571012174,0,0,0,6,22,6,0.0016759958,0
TXN108888,CUST11749,2025-11-20,13:20:00,222.56,Withdrawal,Online Shopping,3220,69,Hyderabad,Tablet,Debit Card,779.59,5,0,0,-557.03,0.2851176674054241,0,0,0,11,20,3,0.00055504544,0
TXN108328,CUST10728,2025-10-31,04:04:06,79.95,Purchase,Travel,808,59,Pune,Mobile,UPI,110.6,3,0,0,-30.64999999999999,0.7163978494623656,0,0,0,10,31,4,0.0013010901,0
TXN100926,CUST11857,2025-02-03,17:02:04,63.31,Purchase,Restaurant,1983,73,Jaipur,Mobile,Debit Card,67.4,2,0,0,-4.090000000000003,0.9255847953216374,0,0,0,2,3,0,0.0014777839,0
TXN104786,CUST10482,2025-06-24,05:28:03,138.04,Purchase,Grocery,181,66,Delhi,ATM,Credit Card,72.42,2,0,0,65.61999999999999,1.880141650776355,0,0,0,6,24,1,0.0028683897,0
TXN107910,CUST11558,2025-10-15,22:52:01,157.13,Bill Payment,Grocery,783,63,Hyderabad,Mobile,Wallet,186.93,4,0,0,-29.80000000000001,0.8361091895918693,0,0,0,10,15,2,0.0016937121,0
TXN101050,CUST11901,2025-02-08,05:22:18,101.74,Withdrawal,Travel,2016,49,Delhi,Mobile,Debit Card,122.84,0,0,0,-21.10000000000001,0.8215439276485788,0,0,0,2,8,5,0.0009456722,0
TXN105528,CUST10190,2025-07-21,05:44:37,299.48,Purchase,Fuel,1827,34,Jaipur,Mobile,Cash,158.69,2,0,0,140.79000000000002,1.8753835556390508,0,0,0,7,21,0,0.00046264371,0
TXN100005,CUST12169,2025-01-01,04:22:06,9.89,Purchase,Healthcare,2343,22,Mumbai,ATM,Debit Card,98.08,3,0,0,-88.19,0.09981832862333469,0,0,0,1,1,2,0.017322596,0
TXN107926,CUST11866,2025-10-16,12:50:45,124.13,Purchase,Other,1916,64,Pune,Tablet,Wallet,28.75,2,0,0,95.38,4.172436974789916,0,0,1,10,16,3,0.004876757,0
TXN105184,CUST11211,2025-07-08,17:11:43,1014.42,Withdrawal,Fuel,3050,32,Delhi,Mobile,UPI,221.5,2,0,0,792.92,4.559191011235955,0,0,1,7,8,1,0.0030568487,0
TXN107659,CUST10420,2025-10-06,19:34:17,72.1,Transfer,Grocery,2290,71,Bengaluru,Mobile,UPI,144.63,2,0,0,-72.53,0.4950902973288471,0,0,0,10,6,0,0.0011223209,0
TXN109289,CUST10541,2025-12-05,03:40:55,405.32,Purchase,Other,633,21,Nagpur,Desktop,Debit Card,67.35,1,0,0,337.97,5.930065837600585,0,0,1,12,5,4,0.0030416008,0
TXN108121,CUST12089,2025-10-23,15:12:54,309.09,Withdrawal,Other,1327,28,Jaipur,Mobile,Cash,125.72,2,0,0,183.36999999999998,2.439157196969697,0,0,0,10,23,3,0.0012110868,0
TXN107678,CUST11299,2025-10-07,12:10:17,166.88,Purchase,Entertainment,1441,26,Kolkata,Mobile,Wallet,406.41,2,0,0,-239.53000000000003,0.4096119388331165,0,0,0,10,7,1,0.0020653051,0
TXN103463,CUST11960,2025-05-07,01:34:45,305.19,Transfer,Fuel,3010,38,Pune,ATM,Cash,18.21,4,0,1,286.98,15.887038001041123,0,0,1,5,7,2,0.7667328,1
TXN107442,CUST10122,2025-09-28,21:58:53,149.62,Withdrawal,Restaurant,3095,44,Pune,Mobile,Cash,53.55,2,1,0,96.07000000000001,2.7428047662694777,0,0,0,9,28,6,0.003394847,0
TXN108966,CUST11485,2025-11-23,09:28:51,102.89,Purchase,Entertainment,3431,64,Mumbai,Desktop,UPI,73.99,2,1,0,28.900000000000006,1.3720496066142154,0,0,0,11,23,6,0.010583962,0
TXN104146,CUST11037,2025-05-31,22:18:28,104.54,Purchase,Restaurant,818,74,Pune,Mobile,Wallet,307.79,3,0,0,-203.25,0.33854723274717446,0,0,0,5,31,5,0.0023793287,0
TXN102338,CUST10867,2025-03-27,02:40:51,342.96,Purchase,Healthcare,1246,44,Jaipur,Mobile,Cash,491.47,3,0,0,-148.51000000000005,0.6964079030194732,0,0,0,3,27,3,0.00082492805,0
TXN109667,CUST10755,2025-12-18,21:56:08,348.33,Deposit,Utilities,96,32,Hyderabad,ATM,Wallet,242.08,2,0,0,106.24999999999997,1.4329850255060061,0,0,0,12,18,3,0.008110734,0
TXN103807,CUST11873,2025-05-19,14:07:40,337.98,Purchase,Entertainment,620,26,Chennai,Mobile,Credit Card,567.38,6,0,0,-229.39999999999998,0.5946373904782012,0,0,0,5,19,0,0.0026891143,0
TXN104149,CUST12236,2025-06-01,00:55:44,26.39,Purchase,Electronics,1354,30,Chennai,Mobile,Net Banking,935.88,2,0,0,-909.49,0.028167961745367603,0,0,0,6,1,6,0.002818671,0
TXN103809,CUST10444,2025-05-19,15:52:30,133.58,Purchase,Fuel,1328,63,Pune,Desktop,Credit Card,260.69,2,0,0,-127.10999999999999,0.5104512973365433,0,0,0,5,19,0,0.0024576904,0
TXN107522,CUST11930,2025-10-01,19:52:34,191.65,Transfer,Restaurant,1728,51,Mumbai,Mobile,Net Banking,110.59,4,0,0,81.06,1.7174477999820772,0,0,0,10,1,2,0.0048964317,0
TXN100853,CUST12060,2025-02-01,01:15:19,123.99,Withdrawal,Other,2035,28,Mumbai,ATM,Wallet,331.25,3,0,0,-207.26,0.37318284424379233,0,0,0,2,1,5,0.17072044,0
TXN104616,CUST11262,2025-06-18,00:56:27,41.08,Purchase,Online Shopping,2159,61,Ahmedabad,Mobile,Net Banking,284.45,3,0,0,-243.37,0.143913119635663,0,0,0,6,18,2,0.00047475108,0
TXN108652,CUST12178,2025-11-11,23:08:35,79.52,Transfer,Electronics,2610,28,Pune,ATM,Wallet,120.51,1,0,1,-40.99000000000001,0.6544317340136614,0,0,0,11,11,1,0.92900574,1
TXN100743,CUST10525,2025-01-28,01:08:58,455.04,Withdrawal,Fuel,3536,52,Hyderabad,Mobile,Net Banking,46.92,2,0,0,408.12,9.495826377295492,0,0,1,1,28,1,0.008316875,0
TXN105777,CUST10918,2025-07-30,07:17:30,127.57,Withdrawal,Restaurant,561,29,Pune,Desktop,Wallet,406.97,1,0,0,-279.40000000000003,0.3126945608745741,0,0,0,7,30,2,0.012501974,0
TXN105402,CUST10698,2025-07-16,15:39:32,371.37,Transfer,Travel,739,29,Delhi,ATM,UPI,72.2,1,1,1,299.17,5.073360655737705,0,0,1,7,16,2,0.9964139,1
TXN100669,CUST12145,2025-01-25,08:29:48,143.72,Deposit,Utilities,3076,24,Pune,Mobile,Credit Card,249.96,1,0,1,-106.24000000000001,0.5726809053235575,0,0,0,1,25,5,0.0019751387,0
TXN108597,CUST11854,2025-11-09,23:05:25,47.0,Deposit,Grocery,3382,42,Nagpur,Mobile,Credit Card,291.2,2,0,0,-244.2,0.16084873374401096,0,0,0,11,9,6,0.00054036995,0
TXN101005,CUST11184,2025-02-06,14:03:20,99.39,Bill Payment,Online Shopping,1741,53,Hyderabad,Desktop,Debit Card,66.84,1,0,0,32.55,1.465064858490566,0,0,0,2,6,3,0.00028812725,0
TXN109145,CUST11471,2025-11-29,21:52:15,342.34,Bill Payment,Utilities,548,60,Chennai,Desktop,Credit Card,193.63,1,0,0,148.70999999999998,1.758927195190875,0,0,0,11,29,5,0.00032861024,0
TXN107497,CUST10653,2025-09-30,22:02:03,232.2,Withdrawal,Other,1933,61,Hyderabad,Tablet,UPI,299.62,0,0,0,-67.42000000000002,0.7724036990220211,0,0,0,9,30,1,0.0018822182,0
TXN105315,CUST11714,2025-07-13,11:38:54,45.98,Deposit,Grocery,238,26,Mumbai,ATM,Wallet,594.27,4,0,0,-548.29,0.07724225981487393,0,0,0,7,13,6,0.15678427,0
TXN101735,CUST11661,2025-03-05,03:50:51,122.69,Withdrawal,Travel,2522,38,Jaipur,Desktop,Cash,378.89,2,0,0,-256.2,0.32296191002658664,0,0,0,3,5,2,0.0002014858,0
TXN108194,CUST12018,2025-10-26,06:59:39,439.61,Bill Payment,Utilities,2935,59,Ahmedabad,Desktop,Debit Card,37.83,0,0,0,401.78000000000003,11.321400978624775,0,0,1,10,26,6,0.0022331807,0
TXN100376,CUST11150,2025-01-14,16:30:23,759.4,Transfer,Grocery,985,51,Chennai,ATM,Credit Card,63.96,3,0,1,695.4399999999999,11.690270935960589,0,0,1,1,14,1,0.90872353,1
TXN107766,CUST11503,2025-10-10,17:03:21,54.86,Withdrawal,Electronics,1476,52,Jaipur,Mobile,Net Banking,300.43,2,0,0,-245.57,0.18199913744484622,0,0,0,10,10,4,0.003380016,0
TXN105611,CUST11030,2025-07-24,06:15:35,27.21,Bill Payment,Grocery,2239,36,Nagpur,Mobile,Cash,90.37,3,0,0,-63.160000000000004,0.29780015322315856,0,0,0,7,24,3,0.0008218012,0
TXN102108,CUST10172,2025-03-18,17:43:58,1157.08,Withdrawal,Other,1817,65,Delhi,Mobile,Cash,402.8,1,0,0,754.28,2.865477959385834,0,0,0,3,18,1,0.00045761507,0
TXN102891,CUST12467,2025-04-16,05:49:48,126.84,Transfer,Online Shopping,2946,72,Ahmedabad,Mobile,UPI,187.52,1,1,0,-60.68000000000001,0.6728198599618077,0,0,0,4,16,2,0.045157578,0
TXN105671,CUST11469,2025-07-26,10:40:51,401.59,Bill Payment,Travel,2358,60,Bengaluru,ATM,Wallet,52.77,1,0,1,348.82,7.468662823135577,0,0,1,7,26,5,0.85538393,1
TXN108988,CUST10995,2025-11-24,04:42:07,167.48,Withdrawal,Fuel,708,58,Chennai,ATM,UPI,208.14,3,0,0,-40.66,0.8008032896624271,0,0,0,11,24,0,0.0011918123,0
TXN101293,CUST11868,2025-02-17,01:40:39,451.93,Purchase,Grocery,87,64,Ahmedabad,Mobile,Debit Card,65.94,3,0,0,385.99,6.751269793845235,0,0,1,2,17,0,0.00049121893,0
TXN102988,CUST10835,2025-04-19,18:34:40,45.53,Purchase,Restaurant,587,58,Nagpur,ATM,Cash,74.54,1,1,1,-29.010000000000005,0.6027270320360074,0,0,0,4,19,5,0.96886784,1
TXN104292,CUST12153,2025-06-06,05:51:58,59.0,Deposit,Online Shopping,203,24,Kolkata,Tablet,Net Banking,35.31,3,0,0,23.689999999999998,1.624896722665932,0,0,0,6,6,4,0.00085420883,0
TXN101393,CUST10588,2025-02-20,17:02:47,440.95,Bill Payment,Healthcare,2680,65,Kolkata,Mobile,Debit Card,1749.23,6,0,0,-1308.28,0.2519383166783794,0,0,0,2,20,3,0.0007040117,0
TXN106099,CUST11104,2025-08-11,00:37:09,232.82,Purchase,Grocery,1922,41,Chennai,Mobile,Net Banking,313.89,1,0,0,-81.07,0.7393693035663248,0,0,0,8,11,0,0.0056256084,0
TXN104454,CUST12042,2025-06-12,03:24:12,615.74,Purchase,Fuel,992,59,Nagpur,ATM,Wallet,77.58,2,0,1,538.16,7.835836090608297,0,0,1,6,12,3,0.89598966,1
TXN107676,CUST11676,2025-10-07,10:25:27,188.97,Purchase,Fuel,1422,20,Ahmedabad,Mobile,Net Banking,88.6,5,0,0,100.37,2.1090401785714286,0,0,0,10,7,1,0.0010978329,0
TXN105016,CUST11333,2025-07-02,14:24:57,411.58,Bill Payment,Other,2430,65,Kolkata,Desktop,Cash,349.78,3,0,0,61.80000000000001,1.173328011859285,0,0,0,7,2,2,0.00064949394,0
TXN109512,CUST10000,2025-12-13,06:30:51,137.35,Withdrawal,Healthcare,469,50,Kolkata,Mobile,Net Banking,257.54,2,0,0,-120.19000000000003,0.5312524174209019,0,0,0,12,13,5,0.024401026,0
TXN103948,CUST12218,2025-05-24,17:19:03,33.22,Purchase,Utilities,2182,50,Chennai,Mobile,Cash,394.59,6,0,0,-361.37,0.08397583356505472,0,0,0,5,24,5,0.008627216,0
TXN104341,CUST12469,2025-06-08,00:40:36,28.03,Bill Payment,Entertainment,1369,71,Pune,Mobile,Cash,46.22,3,0,0,-18.189999999999998,0.5936044049131725,0,0,0,6,8,6,0.0012836434,0
TXN103285,CUST11444,2025-04-30,14:03:46,170.06,Purchase,Restaurant,2055,64,Ahmedabad,Mobile,Net Banking,66.8,5,0,0,103.26,2.508259587020649,0,0,0,4,30,2,0.00022171129,0
TXN102779,CUST10866,2025-04-12,03:58:37,1135.87,Purchase,Entertainment,257,69,Ahmedabad,Mobile,Debit Card,147.72,1,0,0,988.1499999999999,7.637641204948896,0,0,1,4,12,5,0.026174692,0
TXN108064,CUST10270,2025-10-21,13:24:53,52.13,Bill Payment,Grocery,3210,70,Bengaluru,ATM,Wallet,304.22,1,0,0,-252.09000000000003,0.17079483651136884,0,0,0,10,21,1,0.019610101,0
TXN100448,CUST10616,2025-01-17,07:24:42,296.61,Bill Payment,Travel,3325,28,Bengaluru,ATM,Wallet,95.47,2,0,0,201.14000000000001,3.0746346014304966,0,0,1,1,17,4,0.032818954,0
TXN108466,CUST10271,2025-11-05,04:38:14,450.28,Transfer,Restaurant,1656,22,Pune,ATM,UPI,970.78,4,0,1,-520.5,0.4633559035995801,0,0,0,11,5,2,0.6409453,1
TXN103622,CUST10312,2025-05-12,20:29:44,251.13,Bill Payment,Utilities,389,25,Bengaluru,Mobile,Debit Card,333.63,2,0,0,-82.5,0.7504706690972118,0,0,0,5,12,0,0.0031599952,0
TXN109292,CUST10212,2025-12-05,06:18:10,248.98,Withdrawal,Grocery,3492,73,Mumbai,Mobile,Debit Card,135.51,4,0,0,113.47,1.8238956852977803,0,0,0,12,5,4,0.00024683788,0
TXN105942,CUST11296,2025-08-05,07:27:01,47.96,Transfer,Other,2861,52,Hyderabad,Desktop,UPI,469.11,0,0,0,-421.15000000000003,0.10201867647997277,0,0,0,8,5,1,0.00061909034,0
TXN109655,CUST11893,2025-12-18,11:27:05,261.09,Purchase,Grocery,2061,25,Jaipur,ATM,UPI,958.73,1,0,0,-697.6400000000001,0.27204526273014284,0,0,0,12,18,3,0.0036704997,0
TXN103873,CUST12472,2025-05-21,23:47:28,69.9,Purchase,Online Shopping,308,30,Hyderabad,ATM,UPI,121.52,6,0,0,-51.61999999999999,0.570519098922625,0,0,0,5,21,2,0.01166936,0
TXN106242,CUST11063,2025-08-16,05:33:23,81.54,Bill Payment,Utilities,2638,19,Chennai,Tablet,Debit Card,255.81,4,0,0,-174.26999999999998,0.31751100035045365,0,0,0,8,16,5,0.0043438813,0
TXN101269,CUST12050,2025-02-16,04:42:33,368.83,Purchase,Online Shopping,2826,58,Hyderabad,Mobile,Wallet,306.2,2,0,0,62.629999999999995,1.2006184895833334,0,0,0,2,16,6,0.003749629,0
TXN103688,CUST10153,2025-05-15,06:09:32,386.22,Bill Payment,Electronics,787,74,Kolkata,ATM,Credit Card,462.45,4,0,1,-76.22999999999996,0.833358506850793,0,0,0,5,15,3,0.0012683378,0
TXN104017,CUST11853,2025-05-27,05:36:07,180.78,Bill Payment,Restaurant,2375,59,Nagpur,Mobile,Cash,217.04,2,0,0,-36.25999999999999,0.829113924050633,0,0,0,5,27,1,0.0007913909,0
TXN108009,CUST11583,2025-10-19,13:21:43,30.62,Purchase,Online Shopping,121,20,Nagpur,Mobile,Debit Card,62.89,0,0,0,-32.269999999999996,0.4792612302394741,0,0,0,10,19,6,0.0013669743,0
TXN104945,CUST10420,2025-06-30,00:23:02,52.45,Purchase,Other,542,58,Jaipur,Mobile,Wallet,68.34,3,0,0,-15.89,0.7564176521488318,0,0,0,6,30,0,0.007383313,0
TXN109396,CUST11473,2025-12-09,01:09:59,113.38,Bill Payment,Other,82,71,Kolkata,Mobile,Debit Card,162.13,1,0,0,-48.75,0.6950285048734138,0,0,0,12,9,1,0.0028308816,0
TXN106524,CUST11607,2025-08-26,11:56:11,53.9,Transfer,Online Shopping,2565,36,Delhi,Mobile,Cash,63.39,3,0,0,-9.490000000000002,0.8370865041155459,0,0,0,8,26,1,0.0062087257,0
TXN103662,CUST11415,2025-05-14,07:26:35,240.04,Withdrawal,Restaurant,2016,50,Jaipur,Mobile,Wallet,1103.61,1,1,0,-863.5699999999999,0.21730746598346928,0,0,0,5,14,2,0.007861562,0
TXN106702,CUST10821,2025-09-01,23:27:09,29.04,Transfer,Travel,1319,26,Pune,ATM,UPI,91.43,1,0,0,-62.39000000000001,0.3141837065887699,0,0,0,9,1,0,0.06675698,0
TXN109875,CUST11540,2025-12-26,11:39:45,292.18,Bill Payment,Entertainment,383,74,Delhi,Tablet,Net Banking,658.68,4,0,0,-366.49999999999994,0.442911714770798,0,0,0,12,26,4,0.005583445,0
TXN105337,CUST11645,2025-07-14,06:52:10,566.62,Transfer,Restaurant,327,26,Pune,ATM,Cash,145.55,2,1,1,421.07,3.8663937222790854,0,0,1,7,14,0,0.98914915,1
TXN104930,CUST11921,2025-06-29,11:16:43,262.3,Purchase,Healthcare,1618,70,Delhi,Mobile,Wallet,126.11,3,0,0,136.19,2.063566989221934,0,0,0,6,29,6,0.0011823784,0
TXN104878,CUST10617,2025-06-27,13:50:49,19.0,Purchase,Healthcare,2887,20,Bengaluru,Mobile,Credit Card,66.07,2,0,0,-47.06999999999999,0.28328611898017,0,0,0,6,27,4,0.0039837607,0
TXN104042,CUST10649,2025-05-28,03:26:39,88.33,Deposit,Electronics,630,74,Delhi,Mobile,Debit Card,317.52,3,0,0,-229.19,0.27731382644731883,0,0,0,5,28,2,0.0019791846,0
TXN102897,CUST11823,2025-04-16,11:04:20,43.33,Transfer,Online Shopping,1401,72,Mumbai,Mobile,Wallet,355.51,1,0,0,-312.18,0.12153936775967013,0,0,0,4,16,2,0.013514972,0
TXN109576,CUST12428,2025-12-15,14:25:48,182.0,Purchase,Healthcare,2230,33,Hyderabad,Desktop,Debit Card,148.53,4,1,0,33.47,1.2171470607904769,0,0,0,12,15,0,0.0068105464,0
TXN108373,CUST10853,2025-11-01,19:23:03,875.86,Purchase,Electronics,2032,28,Pune,Desktop,Wallet,60.8,2,0,0,815.0600000000001,14.172491909385114,0,0,1,11,1,5,0.031730648,0
TXN100684,CUST10137,2025-01-25,21:36:07,61.71,Transfer,Restaurant,835,63,Delhi,Tablet,Debit Card,87.06,3,0,0,-25.35,0.7007722007722008,0,0,0,1,25,5,0.0067172283,0
TXN104451,CUST11874,2025-06-12,00:46:56,1289.4,Purchase,Entertainment,1404,32,Delhi,Tablet,Credit Card,45.96,1,0,0,1243.44,27.45741056218058,0,0,1,6,12,3,0.0027317228,0
TXN102032,CUST11676,2025-03-15,23:19:57,1488.0,Bill Payment,Grocery,2121,24,Ahmedabad,Tablet,Net Banking,112.07,1,1,1,1375.93,13.159989387105334,0,0,1,3,15,5,0.6226365,1
TXN106844,CUST10066,2025-09-07,03:30:58,127.26,Purchase,Electronics,774,38,Bengaluru,ATM,Debit Card,146.54,2,0,0,-19.279999999999987,0.8625457503050021,0,0,0,9,7,6,0.0035050488,0
TXN105558,CUST10072,2025-07-22,07:57:15,140.76,Bill Payment,Grocery,2865,39,Jaipur,Mobile,Net Banking,36.4,4,0,0,104.35999999999999,3.7636363636363637,0,0,1,7,22,1,0.00051208923,0
TXN105053,CUST12101,2025-07-03,22:44:32,50.34,Purchase,Grocery,719,71,Ahmedabad,ATM,Debit Card,124.57,2,0,0,-74.22999999999999,0.40089193278649365,0,0,0,7,3,3,0.0012006745,0
TXN104844,CUST10837,2025-06-26,08:08:29,143.44,Transfer,Healthcare,3251,59,Bengaluru,Mobile,Debit Card,884.13,2,0,0,-740.69,0.16205529131314045,0,0,0,6,26,3,0.0018073622,0
TXN102249,CUST11486,2025-03-23,20:55:22,19.15,Deposit,Utilities,970,68,Chennai,Mobile,Net Banking,281.93,3,0,0,-262.78000000000003,0.06768458629342947,0,0,0,3,23,6,0.0015655989,0
TXN104853,CUST12081,2025-06-26,16:00:17,278.77,Transfer,Online Shopping,1724,62,Mumbai,Desktop,Debit Card,101.54,1,0,0,177.22999999999996,2.718646381899746,0,0,0,6,26,3,0.0021683162,0
TXN103528,CUST11932,2025-05-09,10:22:08,71.73,Transfer,Electronics,2674,71,Mumbai,Mobile,Wallet,271.66,2,0,0,-199.93,0.2630748918066456,0,0,0,5,9,4,0.056535695,0
TXN101076,CUST12054,2025-02-09,04:05:15,208.05,Bill Payment,Electronics,2711,46,Delhi,Mobile,Wallet,134.47,3,0,0,73.58000000000001,1.535764375876578,0,0,0,2,9,6,0.0033824665,0
TXN100513,CUST11445,2025-01-19,16:12:05,154.34,Bill Payment,Electronics,3040,24,Hyderabad,ATM,UPI,83.18,1,0,0,71.16,1.8334521263958183,0,0,0,1,19,6,0.002880077,0
TXN100977,CUST10935,2025-02-05,13:35:33,618.75,Transfer,Travel,425,67,Nagpur,Desktop,Wallet,447.77,5,0,0,170.98000000000002,1.3787686342669965,0,0,0,2,5,2,0.0072414037,0
TXN107854,CUST12092,2025-10-13,21:56:26,36.4,Purchase,Online Shopping,1705,28,Pune,Desktop,Credit Card,52.46,2,0,0,-16.060000000000002,0.6808829031051253,0,0,0,10,13,0,0.0042939535,0
TXN106456,CUST10702,2025-08-24,00:31:32,27.74,Purchase,Entertainment,1189,33,Mumbai,Desktop,Debit Card,89.19,2,0,0,-61.45,0.30757290165206785,0,0,0,8,24,6,0.0029933797,0
TXN105996,CUST11212,2025-08-07,06:37:46,47.39,Purchase,Grocery,1257,56,Delhi,ATM,Cash,191.08,1,0,0,-143.69,0.2467201166180758,0,0,0,8,7,3,0.004085256,0
TXN105805,CUST10981,2025-07-31,07:45:18,129.87,Purchase,Utilities,1756,29,Jaipur,Mobile,UPI,192.46,5,0,0,-62.59,0.6713015610462111,0,0,0,7,31,3,0.0021124422,0
TXN107814,CUST11881,2025-10-12,10:59:35,580.17,Purchase,Electronics,502,57,Nagpur,Tablet,Wallet,245.18,4,0,0,334.98999999999995,2.356690226663417,0,0,0,10,12,6,0.0068277754,0
TXN105426,CUST10084,2025-07-17,12:37:39,136.32,Transfer,Restaurant,661,40,Chennai,ATM,UPI,403.67,2,0,0,-267.35,0.33686707687745565,0,0,0,7,17,3,0.019872619,0
TXN103686,CUST12213,2025-05-15,04:24:41,100.15,Transfer,Other,199,32,Bengaluru,Mobile,Cash,199.01,2,0,0,-98.85999999999999,0.5007249637518124,0,0,0,5,15,3,0.0028135478,0
TXN105179,CUST10741,2025-07-08,12:49:36,166.76,Withdrawal,Grocery,2457,58,Delhi,Mobile,Wallet,559.14,1,0,0,-392.38,0.2977112864640983,0,0,0,7,8,1,0.0006129923,0
TXN104289,CUST10971,2025-06-06,03:14:42,123.59,Bill Payment,Utilities,3178,57,Delhi,Mobile,Cash,496.9,2,0,0,-373.30999999999995,0.24822253464551117,0,0,0,6,6,4,0.0006495756,0
TXN108413,CUST10544,2025-11-03,06:19:54,122.67,Transfer,Travel,1129,34,Nagpur,ATM,UPI,176.56,1,0,0,-53.89,0.6908650596981302,0,0,0,11,3,0,0.014383208,0
TXN101030,CUST12079,2025-02-07,11:53:52,58.03,Purchase,Healthcare,2026,37,Pune,Desktop,Credit Card,73.86,2,0,0,-15.829999999999998,0.7751803366283729,0,0,0,2,7,4,0.001413688,0
TXN107003,CUST12149,2025-09-12,22:25:57,101.87,Purchase,Other,596,51,Bengaluru,Desktop,UPI,168.69,3,0,0,-66.82,0.6003300135541282,0,0,0,9,12,4,0.00475871,0
TXN102800,CUST11968,2025-04-12,22:19:28,79.54,Bill Payment,Travel,729,44,Kolkata,Mobile,Net Banking,100.6,2,0,0,-21.059999999999988,0.7828740157480316,0,0,0,4,12,5,0.0068151574,0
TXN103606,CUST12386,2025-05-12,06:30:59,34.14,Purchase,Electronics,3416,44,Hyderabad,Tablet,Debit Card,157.98,2,0,0,-123.83999999999999,0.2147439929550887,0,0,0,5,12,0,0.0006111737,0
TXN109332,CUST10089,2025-12-06,17:15:01,196.09,Bill Payment,Healthcare,1898,26,Jaipur,Tablet,Credit Card,159.7,1,0,0,36.390000000000015,1.2202240199128813,0,0,0,12,6,5,0.01604236,0
TXN106928,CUST12228,2025-09-10,04:54:21,133.04,Withdrawal,Restaurant,2813,41,Mumbai,Desktop,Credit Card,152.65,0,0,0,-19.610000000000014,0.8658639765701268,0,0,0,9,10,2,0.0062912046,0
TXN107253,CUST11008,2025-09-22,00:51:16,142.84,Purchase,Entertainment,832,33,Chennai,Mobile,Debit Card,97.74,3,0,0,45.10000000000001,1.4466275065829453,0,0,0,9,22,0,0.0017183552,0
TXN109851,CUST12089,2025-12-25,14:41:39,491.61,Bill Payment,Travel,2220,53,Mumbai,Desktop,UPI,437.09,2,0,0,54.52000000000004,1.1221666780798467,0,0,0,12,25,3,0.00487523,0
TXN103839,CUST12068,2025-05-20,18:05:08,5.0,Deposit,Restaurant,178,33,Delhi,Mobile,Credit Card,209.99,2,0,0,-204.99,0.023697805583202995,0,0,0,5,20,1,0.010363187,0
TXN105140,CUST10365,2025-07-07,02:45:11,442.46,Purchase,Travel,757,46,Delhi,Mobile,Credit Card,198.96,0,0,0,243.49999999999997,2.2127425485097016,0,0,0,7,7,0,0.0005957323,0
TXN105531,CUST12201,2025-07-21,08:21:53,289.01,Purchase,Fuel,1874,21,Kolkata,Desktop,Net Banking,139.74,0,0,0,149.26999999999998,2.053502913173227,0,0,0,7,21,0,0.0019919882,0
TXN104650,CUST11635,2025-06-19,06:38:46,1534.08,Purchase,Travel,571,49,Pune,Mobile,Credit Card,159.72,2,0,0,1374.36,9.545047287207566,0,0,1,6,19,3,0.017869556,0
TXN107488,CUST11260,2025-09-30,14:10:15,39.49,Purchase,Other,2467,27,Kolkata,ATM,Cash,70.95,3,0,0,-31.46,0.5488533703961084,0,0,0,9,30,1,0.012398741,0
TXN102511,CUST12260,2025-04-02,09:49:44,150.51,Transfer,Online Shopping,3170,49,Nagpur,ATM,Debit Card,2625.91,2,0,0,-2475.3999999999996,0.05729545359376606,0,0,0,4,2,2,0.00843305,0
TXN108680,CUST11660,2025-11-12,23:36:22,357.78,Transfer,Utilities,323,56,Nagpur,Mobile,UPI,714.56,2,0,0,-356.78,0.5,0,0,0,11,12,2,0.002362371,0
TXN101784,CUST11388,2025-03-06,22:39:29,648.27,Purchase,Utilities,777,59,Nagpur,Mobile,UPI,113.67,2,0,0,534.6,5.653353100200575,0,0,1,3,6,3,0.0015689736,0
TXN103400,CUST12497,2025-05-04,18:32:13,53.52,Purchase,Online Shopping,428,60,Hyderabad,Desktop,Net Banking,14.01,2,0,0,39.510000000000005,3.5656229180546304,0,0,1,5,4,6,0.0006168572,0
TXN104175,CUST10779,2025-06-01,23:38:41,127.52,Purchase,Entertainment,3086,53,Pune,Desktop,UPI,78.02,2,0,0,49.5,1.6137686661604658,0,0,0,6,1,6,0.0013242434,0
TXN105198,CUST12339,2025-07-09,05:25:36,44.78,Bill Payment,Electronics,990,49,Delhi,Mobile,UPI,186.69,2,0,0,-141.91,0.2385849006340242,0,0,0,7,9,2,0.0025879953,0
TXN109952,CUST10631,2025-12-29,06:56:12,110.93,Bill Payment,Travel,1430,47,Jaipur,Mobile,Debit Card,257.67,1,0,0,-146.74,0.42884756639734023,0,0,0,12,29,0,0.00030833101,0
TXN103134,CUST11304,2025-04-25,02:08:10,43.04,Purchase,Online Shopping,617,55,Nagpur,ATM,UPI,122.46,1,0,0,-79.41999999999999,0.3486149360116637,0,0,0,4,25,4,0.018547159,0
TXN108383,CUST11076,2025-11-02,04:07:16,504.6,Transfer,Grocery,3401,51,Nagpur,Mobile,Credit Card,148.84,2,0,0,355.76,3.367592098238121,0,0,1,11,2,6,0.0029460283,0
TXN104529,CUST10947,2025-06-14,20:55:48,921.81,Purchase,Restaurant,2121,32,Jaipur,Mobile,Credit Card,33.52,0,0,0,888.29,26.703650057937423,0,0,1,6,14,5,0.0028054095,0
TXN100284,CUST10546,2025-01-11,08:07:37,325.08,Purchase,Healthcare,1208,32,Mumbai,Mobile,Wallet,141.82,1,0,0,183.26,2.2761517994678617,0,0,0,1,11,5,0.00389498,0
TXN109549,CUST11287,2025-12-14,14:50:26,741.35,Deposit,Grocery,1121,61,Chennai,Mobile,UPI,188.85,1,0,0,552.5,3.904924940742692,0,0,1,12,14,6,0.0019340789,0
TXN104494,CUST10915,2025-06-13,14:21:03,118.27,Purchase,Restaurant,2248,44,Delhi,ATM,Debit Card,228.5,3,1,1,-110.23,0.5153376906318082,0,0,0,6,13,4,0.9672692,1
TXN103971,CUST10541,2025-05-25,13:24:45,259.43,Transfer,Restaurant,1537,60,Jaipur,Mobile,Net Banking,80.82,5,0,0,178.61,3.1707406502077733,0,0,1,5,25,6,0.004491727,0
TXN101789,CUST11624,2025-03-07,03:01:36,156.2,Withdrawal,Fuel,308,55,Kolkata,Mobile,Net Banking,367.55,2,0,1,-211.35000000000002,0.42382309048975714,0,0,0,3,7,4,0.0066223023,0
TXN102117,CUST12355,2025-03-19,01:35:46,270.79,Deposit,Healthcare,2354,22,Jaipur,Tablet,Debit Card,202.1,2,0,0,68.69000000000003,1.3332840965041852,0,0,0,3,19,2,0.0014017652,0
TXN106751,CUST10491,2025-09-03,18:15:48,480.26,Purchase,Fuel,1407,56,Ahmedabad,Desktop,UPI,33.9,1,0,0,446.36,13.761031518624643,0,0,1,9,3,2,0.0015007457,0
TXN109736,CUST11257,2025-12-21,10:13:12,823.01,Purchase,Entertainment,145,21,Kolkata,Desktop,UPI,18.14,4,0,0,804.87,42.99947753396029,0,0,1,12,21,6,0.014904298,0
TXN104918,CUST10558,2025-06-29,00:47:40,240.26,Bill Payment,Online Shopping,2054,71,Mumbai,Mobile,Cash,208.2,0,0,0,32.06,1.148470363288719,0,0,0,6,29,6,0.01480674,0
TXN104727,CUST10978,2025-06-22,01:55:12,162.0,Purchase,Travel,1717,19,Hyderabad,ATM,UPI,306.44,2,0,0,-144.44,0.5269320843091335,0,0,0,6,22,6,0.06765135,0
TXN109091,CUST12295,2025-11-27,22:41:30,508.41,Transfer,Healthcare,170,73,Pune,Desktop,Credit Card,134.13,1,0,0,374.28000000000003,3.7623769703248726,0,0,1,11,27,3,0.0031184575,0
TXN100765,CUST11976,2025-01-28,20:22:15,406.37,Bill Payment,Online Shopping,3391,64,Bengaluru,Mobile,UPI,110.55,2,0,0,295.82,3.6429403854773645,0,0,1,1,28,1,0.0003398413,0
TXN106592,CUST10687,2025-08-28,23:20:49,329.19,Transfer,Online Shopping,2782,23,Jaipur,ATM,Debit Card,133.22,3,0,0,195.97,2.452615109521681,0,0,0,8,28,3,0.06521559,0
TXN103278,CUST10118,2025-04-30,07:56:49,704.77,Purchase,Online Shopping,938,26,Pune,Mobile,Wallet,11.38,0,0,0,693.39,56.928109854604195,0,0,1,4,30,2,0.05335601,0
TXN101414,CUST11247,2025-02-21,11:23:38,101.03,Bill Payment,Entertainment,2768,74,Pune,Desktop,Credit Card,77.01,1,0,0,24.019999999999996,1.2950903730290988,0,0,0,2,21,4,0.0007089495,0
TXN109336,CUST11100,2025-12-06,20:44:42,569.97,Withdrawal,Other,1500,31,Pune,Desktop,Debit Card,53.08,0,0,0,516.89,10.539386094674557,0,0,1,12,6,5,0.0013310404,0
TXN103175,CUST11180,2025-04-26,13:57:26,146.72,Withdrawal,Restaurant,2437,57,Delhi,Tablet,Debit Card,356.0,3,0,0,-209.28,0.4109803921568627,0,0,0,4,26,5,0.0007747381,0
TXN105782,CUST11858,2025-07-30,11:39:37,30.38,Deposit,Other,3406,50,Kolkata,Mobile,Wallet,118.75,1,0,0,-88.37,0.2536951983298539,0,0,0,7,30,2,0.0015209232,0
TXN108070,CUST11226,2025-10-21,18:39:25,150.81,Deposit,Grocery,2971,74,Bengaluru,Mobile,UPI,109.29,4,0,0,41.519999999999996,1.367395049415178,0,0,0,10,21,1,0.0015636896,0
TXN109089,CUST10991,2025-11-27,20:56:40,253.51,Transfer,Grocery,2019,34,Bengaluru,Mobile,Wallet,89.86,2,0,0,163.64999999999998,2.790116662998019,0,0,0,11,27,3,0.0021250227,0
TXN103097,CUST10413,2025-04-23,17:48:35,159.53,Bill Payment,Fuel,275,59,Jaipur,Tablet,Net Banking,113.44,2,0,0,46.09,1.3940055924501922,0,0,0,4,23,2,0.01098312,0
TXN100076,CUST12235,2025-01-03,18:24:00,51.98,Purchase,Travel,1617,26,Ahmedabad,Mobile,Net Banking,160.8,2,0,0,-108.82000000000002,0.32126081582200244,0,0,0,1,3,4,0.0020054174,0
TXN105218,CUST12155,2025-07-09,22:54:02,93.07,Purchase,Restaurant,2277,35,Pune,Mobile,UPI,134.9,3,0,0,-41.83000000000001,0.6848417954378219,0,0,0,7,9,2,0.0006567602,0
TXN109235,CUST11854,2025-12-03,04:30:10,113.1,Purchase,Utilities,2789,28,Delhi,Mobile,Net Banking,77.52,3,0,0,35.58,1.4403973509933774,0,0,0,12,3,2,0.0012703157,0
TXN100988,CUST12122,2025-02-05,23:12:11,199.42,Bill Payment,Healthcare,2481,33,Mumbai,Mobile,Wallet,110.2,2,0,0,89.21999999999998,1.793345323741007,0,0,0,2,5,2,0.0012347061,0
TXN103202,CUST10522,2025-04-27,13:32:49,125.09,Deposit,Online Shopping,2663,59,Chennai,Tablet,UPI,90.87,4,0,0,34.22,1.361597910090345,0,0,0,4,27,6,0.0020385163,0
TXN103466,CUST10650,2025-05-07,04:12:01,23.39,Purchase,Healthcare,2599,72,Jaipur,Mobile,Wallet,360.78,5,1,0,-337.39,0.06465255127425508,0,0,0,5,7,2,0.008055736,0
TXN107092,CUST11633,2025-09-16,04:11:26,2988.87,Purchase,Electronics,1517,27,Delhi,ATM,Net Banking,11.64,1,0,1,2977.23,236.46123417721518,0,0,1,9,16,1,0.103770286,0
TXN107004,CUST11452,2025-09-12,23:18:22,47.95,Purchase,Utilities,3184,30,Ahmedabad,ATM,Debit Card,38.23,2,1,1,9.720000000000006,1.2222788682131025,0,0,0,9,12,4,0.99040645,1
TXN108699,CUST12423,2025-11-13,16:12:23,332.33,Purchase,Fuel,3597,20,Hyderabad,Mobile,Net Banking,404.32,1,0,0,-71.99000000000001,0.8199200631599723,0,0,0,11,13,3,0.00252155,0
TXN109759,CUST11286,2025-12-22,06:18:54,766.85,Purchase,Utilities,3502,73,Delhi,Mobile,Wallet,241.08,1,0,0,525.77,3.167754461335096,0,0,1,12,22,0,0.0019181883,0
TXN105791,CUST10051,2025-07-30,19:31:24,49.0,Deposit,Electronics,1422,18,Nagpur,Mobile,Net Banking,362.45,3,0,0,-313.45,0.13481909478607787,0,0,0,7,30,2,0.0024884488,0
TXN100183,CUST12294,2025-01-07,15:53:05,298.65,Purchase,Other,2605,61,Bengaluru,ATM,Net Banking,36.04,2,0,0,262.60999999999996,8.062904967602591,0,0,1,1,7,1,0.0070579113,0
TXN109709,CUST12241,2025-12-20,10:37:50,120.61,Transfer,Online Shopping,1074,64,Chennai,Mobile,Credit Card,416.37,0,0,0,-295.76,0.28897620816062486,0,0,0,12,20,5,0.0018529422,0
TXN102218,CUST12171,2025-03-22,17:50:18,253.67,Withdrawal,Utilities,2905,32,Chennai,Mobile,Debit Card,29.43,2,1,0,224.23999999999998,8.336181399934276,0,0,1,3,22,5,0.014396991,0
TXN104485,CUST10136,2025-06-13,06:29:16,228.34,Deposit,Restaurant,3137,20,Nagpur,Tablet,UPI,17.45,2,0,0,210.89000000000001,12.376151761517615,0,0,1,6,13,4,0.005362538,0
TXN104773,CUST10684,2025-06-23,18:06:35,530.56,Bill Payment,Other,2683,32,Delhi,Mobile,Cash,130.06,1,0,0,400.49999999999994,4.048222188310697,0,0,1,6,23,0,0.0009815622,0
TXN108506,CUST11703,2025-11-06,15:35:05,186.59,Deposit,Other,2947,72,Chennai,Mobile,Credit Card,305.48,4,0,0,-118.89000000000001,0.6088162359697207,0,0,0,11,6,3,0.0012891706,0
TXN103362,CUST11541,2025-05-03,09:20:12,726.76,Transfer,Fuel,2991,21,Delhi,Mobile,Net Banking,267.82,1,0,0,458.94,2.703519083401533,0,0,0,5,3,5,0.019222056,0
TXN108113,CUST12368,2025-10-23,08:13:32,48.38,Bill Payment,Other,2086,20,Delhi,Mobile,Wallet,99.08,0,0,0,-50.699999999999996,0.4834132693844924,0,0,0,10,23,3,0.011311668,0
TXN109831,CUST10073,2025-12-24,21:13:13,27.75,Withdrawal,Utilities,3358,67,Kolkata,Mobile,Credit Card,152.22,4,1,0,-124.47,0.18111212635426185,0,0,0,12,24,2,0.0038475082,0
TXN102498,CUST10959,2025-04-01,22:28:15,114.87,Withdrawal,Utilities,1444,49,Jaipur,Mobile,Cash,247.46,0,0,0,-132.59,0.4623279401110843,0,0,0,4,1,1,0.0055629564,0
TXN108320,CUST10567,2025-10-30,21:04:44,88.24,Withdrawal,Utilities,411,48,Hyderabad,Tablet,Cash,185.99,0,0,0,-97.75000000000001,0.47189689288197223,0,0,0,10,30,3,0.011108291,0
TXN104522,CUST11492,2025-06-14,14:48:51,134.27,Bill Payment,Other,416,20,Jaipur,Desktop,Net Banking,12.15,0,0,0,122.12,10.2106463878327,0,0,1,6,14,5,0.005067537,0
TXN102523,CUST11577,2025-04-02,20:18:47,37.98,Transfer,Entertainment,1840,45,Hyderabad,Tablet,Wallet,72.32,3,0,0,-34.339999999999996,0.5180032733224222,0,0,0,4,2,2,0.015151512,0
TXN108169,CUST11360,2025-10-25,09:09:07,35.31,Purchase,Restaurant,2761,27,Bengaluru,ATM,Net Banking,171.8,4,0,0,-136.49,0.20434027777777777,0,0,0,10,25,5,0.026908176,0
TXN101091,CUST10470,2025-02-09,17:11:34,55.0,Purchase,Grocery,3175,54,Chennai,Mobile,Credit Card,170.63,4,0,0,-115.63,0.32045679659733145,0,0,0,2,9,6,0.0018391729,0
TXN100365,CUST11682,2025-01-14,06:53:45,44.83,Deposit,Grocery,2269,37,Mumbai,Mobile,Credit Card,31.23,2,0,0,13.599999999999998,1.390940117902575,0,0,0,1,14,1,0.0015259739,0
TXN104681,CUST11217,2025-06-20,09:43:50,43.21,Deposit,Entertainment,3581,62,Jaipur,ATM,Credit Card,157.24,0,0,0,-114.03,0.27306622851365014,0,0,0,6,20,4,0.0018612179,0
TXN109553,CUST11729,2025-12-14,18:20:07,127.88,Withdrawal,Travel,1729,39,Pune,Mobile,Credit Card,887.49,1,0,0,-759.61,0.14392958840279574,0,0,0,12,14,6,0.0011049428,0
TXN100906,CUST11970,2025-02-02,23:33:38,928.79,Withdrawal,Utilities,34,61,Kolkata,Mobile,Debit Card,70.2,3,0,0,858.5899999999999,13.044803370786516,0,0,1,2,2,6,0.0028803346,0
TXN105713,CUST10391,2025-07-27,23:22:33,141.4,Purchase,Electronics,2798,58,Hyderabad,Mobile,UPI,229.98,1,0,0,-88.57999999999998,0.6121742142176813,0,0,0,7,27,6,0.0018262368,0
TXN104852,CUST10470,2025-06-26,15:07:52,34.9,Bill Payment,Other,684,55,Hyderabad,Mobile,Wallet,136.16,1,0,0,-101.25999999999999,0.2544473607465733,0,0,0,6,26,3,0.003628266,0
TXN102253,CUST10460,2025-03-24,00:25:03,43.72,Transfer,Healthcare,754,22,Delhi,Tablet,Cash,376.91,1,0,0,-333.19000000000005,0.115688920642481,0,0,0,3,24,0,0.029929146,0
TXN105709,CUST11500,2025-07-27,19:52:52,59.81,Bill Payment,Travel,1103,49,Bengaluru,ATM,Wallet,118.48,2,0,0,-58.67,0.5005858721124874,0,0,0,7,27,6,0.011929678,0
TXN102708,CUST11799,2025-04-09,13:56:43,153.03,Bill Payment,Restaurant,1694,60,Delhi,ATM,Wallet,223.91,3,0,0,-70.88,0.680405495531546,0,0,0,4,9,2,0.004390854,0
TXN102563,CUST11810,2025-04-04,07:15:38,77.78,Purchase,Other,1642,42,Pune,Mobile,Cash,171.6,0,0,0,-93.82,0.4506373117033604,0,0,0,4,4,4,0.0035459925,0
TXN101051,CUST12209,2025-02-08,06:14:43,172.12,Purchase,Grocery,1540,54,Ahmedabad,Mobile,Cash,112.58,3,0,0,59.540000000000006,1.5154076421905265,0,0,0,2,8,5,0.00049631146,0
TXN107942,CUST11721,2025-10-17,02:49:30,63.26,Transfer,Utilities,106,31,Nagpur,Mobile,Net Banking,231.34,5,0,0,-168.08,0.2722733924421107,0,0,0,10,17,4,0.004257578,0
TXN101920,CUST11764,2025-03-11,21:28:47,306.69,Bill Payment,Entertainment,1204,23,Delhi,Mobile,Credit Card,131.0,3,0,0,175.69,2.3234090909090908,0,0,0,3,11,1,0.00044874466,0
TXN107470,CUST11283,2025-09-29,22:26:40,1497.77,Transfer,Other,738,34,Jaipur,ATM,Credit Card,564.86,2,0,0,932.91,2.64689145725091,0,0,0,9,29,0,0.038487572,0
TXN109372,CUST12154,2025-12-08,04:11:52,55.06,Deposit,Restaurant,1875,60,Bengaluru,Mobile,Wallet,157.11,2,0,0,-102.05000000000001,0.34823856808551007,0,0,0,12,8,0,0.000457734,0
TXN105833,CUST10178,2025-08-01,08:13:06,95.05,Deposit,Restaurant,2812,64,Delhi,Mobile,Debit Card,171.44,4,1,0,-76.39,0.5512062166550684,0,0,0,8,1,4,0.0030624778,0
TXN101839,CUST10963,2025-03-08,22:42:39,230.41,Purchase,Utilities,3368,21,Chennai,Mobile,Cash,686.09,1,0,0,-455.68000000000006,0.33534180383938056,0,0,0,3,8,5,0.0006326854,0
TXN104066,CUST10837,2025-05-29,00:24:46,77.19,Purchase,Utilities,3606,60,Hyderabad,Desktop,Wallet,92.43,1,0,0,-15.240000000000009,0.8261800278283206,0,0,0,5,29,3,0.006637707,0
TXN106185,CUST12135,2025-08-14,03:45:22,23.1,Transfer,Utilities,2683,50,Pune,Desktop,Credit Card,24.69,2,0,0,-1.5899999999999999,0.899182561307902,0,0,0,8,14,3,0.0026732234,0
TXN100983,CUST10936,2025-02-05,18:50:04,86.73,Purchase,Restaurant,3311,22,Kolkata,Mobile,Credit Card,422.64,1,0,0,-335.90999999999997,0.2047257105089227,0,0,0,2,5,2,0.00053715607,0
TXN102862,CUST10562,2025-04-15,04:29:35,278.32,Withdrawal,Restaurant,1212,55,Kolkata,Mobile,Wallet,2146.51,2,0,0,-1868.1900000000003,0.1296012591326699,0,0,0,4,15,1,0.0017553914,0
TXN102477,CUST11633,2025-04-01,04:07:25,59.92,Purchase,Online Shopping,822,42,Ahmedabad,ATM,Cash,76.61,3,1,1,-16.689999999999998,0.7720654554825409,0,0,0,4,1,1,0.9782909,1
TXN109971,CUST11548,2025-12-29,23:32:12,112.33,Purchase,Electronics,204,51,Pune,Mobile,Credit Card,180.41,2,0,0,-68.08,0.6192051154842622,0,0,0,12,29,0,0.006078859,0
TXN109198,CUST11301,2025-12-01,20:10:35,318.07,Bill Payment,Online Shopping,237,75,Nagpur,Mobile,UPI,53.19,1,0,0,264.88,5.869533124192656,0,0,1,12,1,0,0.012034312,0
TXN108737,CUST10886,2025-11-15,01:24:23,141.48,Bill Payment,Electronics,2539,43,Hyderabad,Mobile,Debit Card,15.53,1,0,0,125.94999999999999,8.558983666061705,0,0,1,11,15,5,0.00077940506,0
TXN109407,CUST12217,2025-12-09,10:46:37,127.75,Bill Payment,Fuel,1305,46,Chennai,Desktop,Cash,120.25,3,0,0,7.5,1.0536082474226804,0,0,0,12,9,1,0.0040710755,0
TXN107564,CUST11263,2025-10-03,08:34:16,270.23,Purchase,Entertainment,3460,31,Ahmedabad,Mobile,UPI,54.78,4,0,0,215.45000000000002,4.844567945500179,0,0,1,10,3,4,0.008013809,0
TXN104644,CUST10574,2025-06-19,01:24:14,370.1,Purchase,Online Shopping,48,44,Hyderabad,Mobile,Wallet,202.84,0,1,0,167.26000000000002,1.8156397174254317,0,0,0,6,19,3,0.013276543,0
TXN100990,CUST10474,2025-02-06,00:57:01,39.45,Purchase,Restaurant,1894,46,Nagpur,ATM,UPI,284.89,1,0,0,-245.44,0.13799013606631924,0,0,0,2,6,3,0.0021239887,0
TXN104010,CUST10718,2025-05-26,23:29:10,166.16,Purchase,Utilities,257,33,Ahmedabad,Mobile,Wallet,222.07,4,0,0,-55.91,0.7448782893262205,0,0,0,5,26,0,0.003397581,0
TXN107152,CUST11301,2025-09-18,08:36:43,423.15,Purchase,Travel,532,30,Delhi,Desktop,Cash,138.2,1,0,0,284.95,3.0398706896551726,0,0,1,9,18,3,0.001061025,0
TXN102919,CUST11450,2025-04-17,06:17:36,481.34,Bill Payment,Online Shopping,1460,59,Chennai,ATM,Debit Card,79.28,2,1,1,402.05999999999995,5.9957648231190825,0,0,1,4,17,3,0.98323375,1
TXN105072,CUST10275,2025-07-04,15:20:32,348.35,Purchase,Entertainment,3379,73,Bengaluru,Mobile,UPI,14.45,2,0,0,333.90000000000003,22.546925566343045,0,0,1,7,4,4,0.0012372455,0
TXN103620,CUST11537,2025-05-12,18:44:53,323.74,Bill Payment,Electronics,1463,20,Nagpur,ATM,Net Banking,83.35,2,0,0,240.39000000000001,3.838055720213397,0,0,1,5,12,0,0.07623527,0
TXN103452,CUST11427,2025-05-06,15:58:07,196.86,Purchase,Travel,2539,67,Kolkata,Mobile,Credit Card,414.0,2,0,0,-217.14,0.47436144578313255,0,0,0,5,6,1,0.00035736852,0
TXN105590,CUST10143,2025-07-23,11:54:44,113.43,Purchase,Utilities,3412,48,Kolkata,Mobile,Cash,141.2,5,0,0,-27.769999999999982,0.7976793248945149,0,0,0,7,23,2,0.0004998299,0
TXN102177,CUST12185,2025-03-21,06:01:02,566.53,Transfer,Entertainment,3300,53,Mumbai,Mobile,UPI,342.53,2,0,0,224.0,1.649142724070678,0,0,0,3,21,4,0.001572761,0
TXN106502,CUST12044,2025-08-25,16:42:54,92.63,Bill Payment,Electronics,3548,21,Jaipur,Mobile,Wallet,23.73,2,0,0,68.89999999999999,3.7456530529720986,0,0,1,8,25,0,0.0033210637,0
TXN101523,CUST11567,2025-02-25,10:37:33,17.98,Withdrawal,Electronics,3364,23,Hyderabad,ATM,Credit Card,22.59,0,0,0,-4.609999999999999,0.7621873675286138,0,0,0,2,25,1,0.0070659094,0
TXN103765,CUST11070,2025-05-18,01:25:58,222.61,Purchase,Travel,1166,41,Bengaluru,Mobile,Debit Card,189.71,1,0,0,32.900000000000006,1.1672696764721304,0,0,0,5,18,6,0.0028823153,0
TXN106534,CUST11278,2025-08-26,20:40:23,430.34,Transfer,Travel,1824,36,Mumbai,Desktop,Wallet,67.56,2,0,1,362.78,6.2768378063010495,0,0,1,8,26,1,0.8312089,1
TXN105044,CUST10507,2025-07-03,14:52:44,184.95,Purchase,Entertainment,2273,41,Pune,ATM,Wallet,311.62,3,0,1,-126.67000000000002,0.59161282067686,0,0,0,7,3,3,0.022551825,0
TXN107783,CUST10253,2025-10-11,07:54:31,35.11,Purchase,Fuel,1135,70,Pune,Desktop,Cash,79.28,5,0,0,-44.17,0.43734429496761335,0,0,0,10,11,5,0.0011216556,0
TXN109931,CUST10442,2025-12-28,12:35:21,503.83,Purchase,Fuel,3490,60,Nagpur,Mobile,Cash,321.22,0,1,0,182.60999999999996,1.563621128421575,0,0,0,12,28,6,0.0049696225,0
TXN103576,CUST11363,2025-05-11,04:18:21,86.41,Purchase,Grocery,417,45,Nagpur,Mobile,Net Banking,25.1,1,0,0,61.309999999999995,3.3107279693486587,0,0,1,5,11,6,0.0009247824,0
TXN108655,CUST10179,2025-11-12,01:45:51,1207.33,Transfer,Restaurant,1268,52,Mumbai,Mobile,Debit Card,70.08,0,0,0,1137.25,16.985509285312325,0,0,1,11,12,2,0.0054848664,0
TXN106427,CUST10018,2025-08-22,23:11:19,127.53,Transfer,Other,1551,73,Jaipur,Desktop,UPI,125.57,3,0,0,1.960000000000008,1.0075847357193648,0,0,0,8,22,4,0.031359594,0
TXN101004,CUST11879,2025-02-06,13:10:55,50.35,Purchase,Online Shopping,1074,54,Ahmedabad,Desktop,Cash,90.07,0,0,0,-39.71999999999999,0.5528714175908642,0,0,0,2,6,3,0.00038467455,0
TXN104465,CUST10976,2025-06-12,13:00:50,830.77,Purchase,Grocery,783,54,Mumbai,Mobile,Wallet,176.82,2,0,0,653.95,4.671971656731526,0,0,1,6,12,3,0.02035954,0
TXN106302,CUST10803,2025-08-18,09:58:40,157.48,Transfer,Fuel,2504,30,Bengaluru,Mobile,Wallet,49.97,3,0,0,107.50999999999999,3.0896605846576417,0,0,1,8,18,0,0.008279241,0
TXN108154,CUST12047,2025-10-24,20:02:48,204.63,Purchase,Other,896,39,Kolkata,ATM,Debit Card,48.14,3,0,0,156.49,4.164224664224664,0,0,1,10,24,4,0.010381478,0
TXN109228,CUST11254,2025-12-02,22:23:13,22.63,Bill Payment,Travel,331,33,Nagpur,Mobile,Credit Card,83.92,2,0,0,-61.290000000000006,0.2664861045690061,0,0,0,12,2,1,0.00460735,0
TXN106873,CUST11481,2025-09-08,04:51:11,289.35,Transfer,Electronics,168,57,Mumbai,Mobile,Credit Card,23.83,2,1,1,265.52000000000004,11.653242045912204,0,0,1,9,8,0,0.21918988,0
TXN106367,CUST12467,2025-08-20,18:46:02,186.15,Purchase,Grocery,3357,54,Pune,Mobile,Debit Card,313.2,1,0,0,-127.04999999999998,0.5924570337364736,0,0,0,8,20,2,0.00045732313,0
TXN109060,CUST12381,2025-11-26,19:36:27,44.02,Purchase,Online Shopping,2983,70,Kolkata,ATM,Credit Card,586.26,2,0,0,-542.24,0.0749582808296155,0,0,0,11,26,2,0.00439125,0
TXN101344,CUST10974,2025-02-18,22:14:08,36.1,Transfer,Grocery,2921,47,Chennai,Mobile,Wallet,38.41,3,0,0,-2.309999999999995,0.9160111646790156,0,0,0,2,18,1,0.021780033,0
TXN108431,CUST10560,2025-11-03,22:03:29,105.42,Bill Payment,Electronics,1151,22,Chennai,Desktop,Wallet,218.22,2,0,0,-112.8,0.4808867804032479,0,0,0,11,3,0,0.0011245715,0
TXN100210,CUST12385,2025-01-08,15:28:27,164.24,Purchase,Online Shopping,550,72,Chennai,Mobile,Debit Card,116.3,6,0,0,47.94000000000001,1.4001705029838023,0,0,0,1,8,2,0.002226999,0
TXN108807,CUST10629,2025-11-17,14:33:52,369.92,Purchase,Electronics,806,40,Nagpur,Mobile,Debit Card,163.62,0,0,0,206.3,2.2471145668813026,0,0,0,11,17,0,0.00052668585,0
TXN107580,CUST12220,2025-10-03,22:33:00,1449.84,Transfer,Entertainment,3597,72,Ahmedabad,ATM,Cash,624.21,6,0,0,825.6299999999999,2.3189648278178527,0,0,0,10,3,4,0.027472794,0
TXN107821,CUST10603,2025-10-12,17:06:32,72.03,Bill Payment,Utilities,3500,41,Kolkata,Mobile,Debit Card,100.96,0,1,0,-28.929999999999993,0.7064535111808553,0,0,0,10,12,6,0.018837852,0
TXN107825,CUST10132,2025-10-12,20:36:13,47.11,Purchase,Other,756,71,Mumbai,Mobile,Credit Card,153.76,0,0,0,-106.64999999999999,0.30440682346859654,0,0,0,10,12,6,0.014425288,0
TXN100295,CUST10180,2025-01-11,17:44:15,110.06,Bill Payment,Online Shopping,1909,68,Ahmedabad,Mobile,Net Banking,188.3,1,0,0,-78.24000000000001,0.581405176967776,0,0,0,1,11,5,0.0018219644,0
TXN103747,CUST10366,2025-05-17,09:42:23,29.85,Withdrawal,Travel,1307,33,Jaipur,Mobile,Net Banking,104.98,3,0,0,-75.13,0.2816569163993206,0,0,0,5,17,5,0.002504702,0
TXN107913,CUST12276,2025-10-16,01:29:17,135.04,Transfer,Electronics,96,31,Nagpur,ATM,Cash,246.32,1,0,0,-111.28,0.5460132621704674,0,0,0,10,16,3,0.030689264,0
TXN109899,CUST10453,2025-12-27,08:37:52,77.03,Bill Payment,Restaurant,1027,28,Chennai,Mobile,UPI,451.71,1,0,0,-374.67999999999995,0.17015307812948688,0,0,0,12,27,5,0.0013873106,0
TXN106423,CUST11966,2025-08-22,19:41:38,74.01,Purchase,Utilities,2478,69,Mumbai,Mobile,Net Banking,116.43,2,0,0,-42.42,0.630247807204292,0,0,0,8,22,4,0.01719982,0
TXN104067,CUST12007,2025-05-29,01:17:11,775.32,Purchase,Restaurant,1676,61,Bengaluru,ATM,Net Banking,168.28,2,0,0,607.0400000000001,4.580103969754253,0,0,1,5,29,3,0.0045607486,0
TXN101868,CUST12188,2025-03-10,00:02:52,73.76,Purchase,Healthcare,1049,68,Hyderabad,Tablet,Debit Card,195.19,2,0,0,-121.42999999999999,0.3759620775778582,0,0,0,3,10,0,0.0005539316,0
TXN108989,CUST11187,2025-11-24,05:34:32,104.84,Purchase,Grocery,824,32,Kolkata,Mobile,Debit Card,76.74,4,0,0,28.10000000000001,1.3485978904039106,0,0,0,11,24,0,0.000498702,0
TXN100443,CUST10089,2025-01-17,03:02:36,409.05,Transfer,Fuel,3169,58,Ahmedabad,Desktop,Debit Card,1117.57,1,0,0,-708.52,0.36569012220960695,0,0,0,1,17,4,0.00072309887,0
TXN105733,CUST12495,2025-07-28,16:50:58,216.9,Withdrawal,Utilities,572,24,Pune,Desktop,UPI,128.12,1,0,0,88.78,1.679832713754647,0,0,0,7,28,0,0.0011092299,0
TXN105554,CUST10375,2025-07-22,04:27:34,78.53,Purchase,Utilities,2444,23,Mumbai,Mobile,Debit Card,428.26,6,1,0,-349.73,0.18294273866654243,0,0,0,7,22,1,0.024242016,0
TXN100179,CUST11707,2025-01-07,12:23:24,165.56,Bill Payment,Utilities,3421,51,Mumbai,Desktop,UPI,149.91,3,0,0,15.650000000000006,1.0970777284474191,0,0,0,1,7,1,0.0028774545,0
TXN102290,CUST10313,2025-03-25,08:44:38,27.99,Purchase,Entertainment,928,60,Pune,ATM,Net Banking,47.28,0,0,0,-19.290000000000003,0.5797431648715824,0,0,0,3,25,1,0.007419711,0
TXN107179,CUST10614,2025-09-19,08:12:05,135.7,Purchase,Online Shopping,1814,52,Delhi,Mobile,Credit Card,239.06,3,0,0,-103.36000000000001,0.5652753478297092,0,0,0,9,19,4,0.0021317168,0
TXN103573,CUST11164,2025-05-11,01:41:05,252.29,Bill Payment,Other,2421,31,Kolkata,Desktop,UPI,274.48,3,0,0,-22.190000000000026,0.9158196602294176,0,0,0,5,11,6,0.011306475,0
TXN104190,CUST10295,2025-06-02,12:45:00,38.73,Purchase,Other,1326,19,Delhi,Mobile,Debit Card,104.99,3,0,0,-66.25999999999999,0.36541183130484006,0,0,0,6,2,0,0.0011262643,0
TXN101864,CUST11195,2025-03-09,20:33:11,95.15,Withdrawal,Other,940,46,Bengaluru,Mobile,Debit Card,41.59,0,0,0,53.56,2.2340925099788684,0,0,0,3,9,6,0.00032026254,0
TXN103875,CUST10086,2025-05-22,01:32:18,48.17,Bill Payment,Travel,882,33,Hyderabad,Mobile,Debit Card,87.55,2,0,0,-39.379999999999995,0.5439864483342745,0,0,0,5,22,3,0.00057949877,0
TXN101388,CUST10425,2025-02-20,12:40:41,508.99,Withdrawal,Online Shopping,2849,57,Delhi,Mobile,Net Banking,214.92,2,0,0,294.07000000000005,2.3573082623193775,0,0,0,2,20,3,0.00038074507,0
TXN103032,CUST10694,2025-04-21,09:01:12,273.56,Purchase,Travel,2131,68,Jaipur,Mobile,Debit Card,21.61,1,1,0,251.95,12.099071207430342,0,0,1,4,21,0,0.0517381,0
TXN109298,CUST12094,2025-12-05,11:32:42,52.48,Transfer,Healthcare,2140,38,Nagpur,Mobile,UPI,133.0,4,0,0,-80.52000000000001,0.3916417910447761,0,0,0,12,5,4,0.003748831,0
TXN106243,CUST10415,2025-08-16,06:25:48,111.66,Purchase,Other,2404,36,Bengaluru,Mobile,Credit Card,351.52,3,0,0,-239.85999999999999,0.31674798592987635,0,0,0,8,16,5,0.00074789824,0
TXN105344,CUST11391,2025-07-14,12:59:07,139.83,Purchase,Fuel,3371,55,Delhi,Mobile,Debit Card,221.11,2,0,0,-81.28,0.6295529242267345,0,0,0,7,14,0,0.00033334678,0
TXN102130,CUST12068,2025-03-19,12:57:14,67.85,Purchase,Restaurant,527,52,Jaipur,ATM,Debit Card,91.92,1,0,0,-24.070000000000007,0.7301980198019801,0,0,0,3,19,2,0.004431129,0
TXN105530,CUST11160,2025-07-21,07:29:28,1488.88,Purchase,Restaurant,255,28,Mumbai,Mobile,UPI,61.19,1,0,0,1427.69,23.94082649943721,0,0,1,7,21,0,0.0034419503,0
TXN107907,CUST10446,2025-10-15,20:14:45,69.83,Transfer,Grocery,3229,27,Delhi,Mobile,Cash,362.89,1,0,0,-293.06,0.19189865069114292,0,0,0,10,15,2,0.0006483893,0
TXN104770,CUST11546,2025-06-23,15:29:19,129.73,Purchase,Utilities,970,39,Hyderabad,Tablet,Net Banking,77.56,1,0,0,52.16999999999999,1.6513492871690425,0,0,0,6,23,0,0.0017922113,0
TXN108060,CUST10712,2025-10-21,09:55:12,350.43,Deposit,Travel,851,68,Chennai,ATM,Wallet,276.82,3,0,0,73.61000000000001,1.2613562738463755,0,0,0,10,21,1,0.033322714,0
TXN106874,CUST11559,2025-09-08,05:43:37,33.68,Purchase,Online Shopping,576,70,Bengaluru,Mobile,Credit Card,358.03,6,0,0,-324.34999999999997,0.09380831685374481,0,0,0,9,8,0,0.006135899,0
TXN107125,CUST10017,2025-09-17,09:01:21,48.5,Transfer,Other,1971,39,Delhi,Mobile,Net Banking,312.53,0,0,0,-264.03,0.154690141294294,0,0,0,9,17,2,0.0027200978,0
TXN108862,CUST11979,2025-11-19,14:37:02,56.53,Transfer,Restaurant,2838,32,Kolkata,Mobile,UPI,212.83,0,0,0,-156.3,0.26436889117523266,0,0,0,11,19,2,0.0014738544,0
TXN100271,CUST12277,2025-01-10,20:46:09,113.71,Bill Payment,Healthcare,2622,30,Jaipur,Mobile,Wallet,76.17,1,0,0,37.53999999999999,1.4735000647920176,0,0,0,1,10,4,0.005966827,0
TXN107441,CUST11729,2025-09-28,21:06:27,207.05,Purchase,Other,1409,74,Pune,Mobile,Cash,168.27,3,0,0,38.78,1.2231937141844391,0,0,0,9,28,6,0.004215676,0
TXN101137,CUST10454,2025-02-11,09:22:57,562.79,Withdrawal,Utilities,241,60,Bengaluru,Mobile,Net Banking,224.21,2,0,0,338.5799999999999,2.4989565294613914,0,0,0,2,11,1,0.00040605754,0
TXN101150,CUST12058,2025-02-11,20:44:25,74.97,Purchase,Healthcare,325,53,Ahmedabad,ATM,Cash,363.05,1,0,0,-288.08000000000004,0.20593325092707046,0,0,0,2,11,1,0.00834895,0
TXN101857,CUST10951,2025-03-09,14:26:14,176.71,Bill Payment,Online Shopping,1739,35,Kolkata,ATM,Cash,19.68,4,0,0,157.03,8.54497098646035,0,0,1,3,9,6,0.023974406,0
TXN102768,CUST12261,2025-04-11,18:21:59,247.1,Withdrawal,Restaurant,2251,57,Hyderabad,ATM,Wallet,49.69,1,0,0,197.41,4.874728743341882,0,0,1,4,11,4,0.054605752,0
TXN107633,CUST11575,2025-10-05,20:51:20,60.02,Purchase,Grocery,1249,21,Bengaluru,Mobile,Debit Card,91.3,1,0,0,-31.279999999999994,0.6502708559046588,0,0,0,10,5,6,0.0013383739,0
TXN104790,CUST12309,2025-06-24,08:57:44,2365.83,Withdrawal,Entertainment,2533,33,Mumbai,Mobile,Wallet,257.57,5,0,0,2108.2599999999998,9.149669335189698,0,0,1,6,24,1,0.15095031,0
TXN102223,CUST12160,2025-03-22,22:12:25,46.58,Withdrawal,Healthcare,2851,52,Chennai,Mobile,Cash,286.87,2,0,0,-240.29000000000002,0.1618091499635252,0,0,0,3,22,5,0.0014932759,0
TXN105648,CUST12330,2025-07-25,14:35:10,104.82,Deposit,Utilities,3409,68,Bengaluru,Mobile,Cash,335.5,1,0,0,-230.68,0.3115007429420505,0,0,0,7,25,4,0.0007338155,0
TXN102176,CUST11343,2025-03-21,05:08:37,34.0,Transfer,Utilities,2705,24,Pune,Tablet,Credit Card,21.49,3,0,0,12.510000000000002,1.511783014673188,0,0,0,3,21,4,0.008212575,0
TXN106371,CUST10364,2025-08-20,22:15:44,695.8,Transfer,Healthcare,1574,72,Hyderabad,Mobile,Net Banking,174.92,0,0,0,520.88,3.9552069122328333,0,0,1,8,20,2,0.0076044225,0
TXN104827,CUST12447,2025-06-25,17:17:20,387.29,Transfer,Electronics,1829,33,Hyderabad,Mobile,UPI,179.6,2,0,0,207.69000000000003,2.144462901439646,0,0,0,6,25,2,0.00074309995,0
TXN104407,CUST12355,2025-06-10,10:20:24,149.84,Withdrawal,Grocery,2881,52,Ahmedabad,Mobile,Credit Card,81.59,1,0,0,68.25,1.8142632279937039,0,0,0,6,10,1,0.00023764501,0
TXN102392,CUST12096,2025-03-29,01:51:36,484.42,Purchase,Other,3380,69,Kolkata,Mobile,Net Banking,218.8,3,0,0,265.62,2.2039126478616926,0,0,0,3,29,5,0.00025557232,0
TXN104192,CUST10639,2025-06-02,14:29:50,28.87,Purchase,Travel,255,44,Jaipur,Mobile,Debit Card,36.25,5,0,0,-7.379999999999999,0.7750335570469798,0,0,0,6,2,0,0.000754817,0
TXN101377,CUST11716,2025-02-20,03:04:03,71.86,Purchase,Entertainment,991,55,Chennai,Mobile,Credit Card,77.69,0,0,0,-5.829999999999998,0.9132037107637565,0,0,0,2,20,3,0.0018535648,0
TXN101729,CUST11246,2025-03-04,22:36:19,481.97,Withdrawal,Healthcare,3605,22,Chennai,Mobile,Debit Card,245.76,4,1,0,236.21000000000004,1.9531933862862703,0,0,0,3,4,1,0.019564934,0
TXN100301,CUST12300,2025-01-11,22:58:47,198.17,Transfer,Entertainment,759,57,Jaipur,Desktop,Cash,258.76,1,0,0,-60.59,0.7628965198644903,0,0,0,1,11,5,0.005954729,0
TXN105573,CUST10798,2025-07-22,21:03:34,86.33,Deposit,Other,876,49,Jaipur,Desktop,Wallet,259.78,3,0,0,-173.45,0.33104532556177624,0,0,0,7,22,1,0.001098188,0
TXN104654,CUST12091,2025-06-19,10:08:27,405.94,Transfer,Healthcare,1236,24,Jaipur,Mobile,Wallet,136.98,3,0,0,268.96000000000004,2.9420205826931443,0,0,0,6,19,3,0.01938636,0
TXN102590,CUST12258,2025-04-05,06:51:01,303.52,Purchase,Entertainment,2260,44,Chennai,Mobile,UPI,89.45,0,0,0,214.07,3.3556661138750687,0,0,1,4,5,5,0.0026847597,0
TXN106925,CUST11132,2025-09-10,02:17:06,87.75,Deposit,Travel,3285,71,Nagpur,Mobile,Debit Card,133.93,2,0,0,-46.18000000000001,0.6503372118876454,0,0,0,9,10,2,0.0008244915,0
TXN106490,CUST10528,2025-08-25,06:13:51,57.84,Transfer,Grocery,2254,28,Bengaluru,Mobile,Wallet,307.9,3,0,0,-250.05999999999997,0.18724506312722566,0,0,0,8,25,0,0.00927897,0
TXN105593,CUST12371,2025-07-23,14:32:00,100.18,Purchase,Fuel,1971,59,Mumbai,ATM,Cash,85.2,2,0,0,14.980000000000004,1.1621809744779583,0,0,0,7,23,2,0.002247523,0
TXN104983,CUST12361,2025-07-01,09:35:02,37.6,Bill Payment,Fuel,2003,67,Ahmedabad,Desktop,Credit Card,147.52,2,0,0,-109.92000000000002,0.25316455696202533,0,0,0,7,1,1,0.00046273702,0
TXN102541,CUST11967,2025-04-03,12:02:22,43.38,Purchase,Restaurant,1178,55,Mumbai,Tablet,Debit Card,135.46,0,0,0,-92.08000000000001,0.31789535394987545,0,0,0,4,3,3,0.003437416,0
TXN107859,CUST12275,2025-10-14,02:18:32,64.77,Purchase,Healthcare,2854,44,Jaipur,Mobile,Debit Card,19.92,2,0,0,44.849999999999994,3.096080305927342,0,0,1,10,14,1,0.00087771367,0
TXN104300,CUST10844,2025-06-06,12:51:20,251.55,Withdrawal,Entertainment,1769,32,Delhi,ATM,Credit Card,162.25,3,0,0,89.30000000000001,1.5408882082695254,0,0,0,6,6,4,0.002646207,0
TXN106697,CUST11323,2025-09-01,19:05:03,86.77,Transfer,Healthcare,916,30,Hyderabad,Mobile,Cash,75.86,4,0,0,10.909999999999997,1.128935727296383,0,0,0,9,1,0,0.0014108078,0
TXN102821,CUST10000,2025-04-13,16:40:19,496.14,Withdrawal,Online Shopping,2299,62,Pune,ATM,Cash,110.81,2,0,0,385.33,4.437349074322511,0,0,1,4,13,6,0.013825069,0
TXN100565,CUST11252,2025-01-21,13:38:00,1848.18,Withdrawal,Restaurant,3035,19,Kolkata,Mobile,Debit Card,758.37,0,0,0,1089.81,2.433833309190513,0,0,0,1,21,1,0.003319374,0
TXN102815,CUST10396,2025-04-13,11:25:47,157.62,Purchase,Fuel,1817,42,Delhi,Mobile,Cash,93.36,4,0,0,64.26,1.6704111911827046,0,0,0,4,13,6,0.003710934,0
TXN103822,CUST11162,2025-05-20,03:13:59,112.47,Withdrawal,Other,178,18,Bengaluru,Mobile,Cash,94.47,0,0,0,18.0,1.1780664082957997,0,0,0,5,20,1,0.0017628663,0
TXN103395,CUST12172,2025-05-04,14:10:07,257.83,Purchase,Healthcare,782,26,Mumbai,Mobile,Credit Card,277.81,5,0,0,-19.980000000000018,0.924751622969047,0,0,0,5,4,6,0.020797294,0
TXN107348,CUST11973,2025-09-25,11:51:17,658.27,Bill Payment,Entertainment,644,72,Mumbai,Tablet,UPI,129.76,4,0,0,528.51,5.034184765983482,0,0,1,9,25,3,0.0043364693,0
TXN108719,CUST10256,2025-11-14,09:40:48,94.37,Purchase,Utilities,1428,26,Delhi,Mobile,Net Banking,58.92,2,0,0,35.45,1.5749332443257678,0,0,0,11,14,4,0.0017468892,0
TXN102019,CUST10792,2025-03-15,11:58:29,111.7,Purchase,Healthcare,2604,46,Pune,ATM,Credit Card,367.53,6,0,0,-255.82999999999998,0.30309608444360026,0,0,0,3,15,5,0.0058720983,0
TXN101982,CUST11601,2025-03-14,03:38:54,336.61,Purchase,Other,326,72,Kolkata,ATM,Wallet,245.76,3,0,0,90.85000000000002,1.3641189820068083,0,0,0,3,14,4,0.0070028175,0
TXN107040,CUST12358,2025-09-14,06:45:32,544.86,Transfer,Grocery,1154,61,Hyderabad,ATM,Debit Card,351.24,2,0,0,193.62,1.546843061548944,0,0,0,9,14,6,0.027593097,0
TXN103681,CUST12145,2025-05-15,00:02:35,56.66,Purchase,Other,2975,32,Chennai,Mobile,Cash,24.86,1,0,0,31.799999999999997,2.191028615622583,0,0,0,5,15,3,0.0010541752,0
TXN103065,CUST11749,2025-04-22,13:51:06,251.75,Purchase,Entertainment,3371,23,Mumbai,Mobile,UPI,72.77,5,0,0,178.98000000000002,3.4126338620035246,0,0,1,4,22,1,0.00039206794,0
TXN104761,CUST10374,2025-06-23,07:37:32,180.72,Bill Payment,Other,2893,22,Delhi,Desktop,Wallet,491.91,3,0,0,-311.19000000000005,0.36663894017163373,0,0,0,6,23,0,0.0020773574,0
TXN104060,CUST10922,2025-05-28,19:10:14,69.9,Purchase,Healthcare,299,61,Chennai,ATM,Cash,48.41,3,0,0,21.49000000000001,1.4146933819064968,0,0,0,5,28,2,0.0022800453,0
TXN108626,CUST10108,2025-11-11,00:25:38,63.73,Purchase,Electronics,2004,23,Kolkata,ATM,Net Banking,95.16,3,0,0,-31.43,0.6627495840266223,0,0,0,11,11,1,0.009399474,0
TXN103841,CUST12350,2025-05-20,19:49:59,407.77,Withdrawal,Other,64,55,Hyderabad,ATM,Debit Card,328.06,4,0,0,79.70999999999998,1.2391964991187017,0,0,0,5,20,1,0.0011119727,0
TXN105526,CUST12062,2025-07-21,03:59:47,103.91,Withdrawal,Other,1565,71,Hyderabad,Desktop,Net Banking,487.36,0,1,0,-383.45000000000005,0.21277336391186827,0,0,0,7,21,0,0.014656506,0
TXN108599,CUST10742,2025-11-10,00:50:15,56.43,Transfer,Entertainment,1885,18,Chennai,Mobile,Cash,125.35,2,0,0,-68.91999999999999,0.44661654135338347,0,0,0,11,10,0,0.003908304,0
TXN108226,CUST10425,2025-10-27,10:57:08,1049.36,Bill Payment,Utilities,815,38,Hyderabad,Mobile,Cash,622.12,2,0,0,427.2399999999999,1.6840415971241494,0,0,0,10,27,0,0.0006738834,0
TXN102059,CUST11486,2025-03-16,22:55:20,96.11,Purchase,Entertainment,2816,31,Bengaluru,Mobile,Wallet,94.7,2,0,0,1.4099999999999966,1.0042842215256007,0,0,0,3,16,6,0.0048644803,0
TXN100711,CUST11489,2025-01-26,21:11:30,260.79,Withdrawal,Travel,3628,34,Hyderabad,Mobile,UPI,54.77,2,0,0,206.02,4.676169983862292,0,0,1,1,26,6,0.0005889023,0
TXN105236,CUST11124,2025-07-10,14:37:37,375.83,Bill Payment,Restaurant,2362,20,Nagpur,Mobile,Cash,236.09,2,0,0,139.73999999999998,1.585178624151166,0,0,0,7,10,3,0.0006674779,0
TXN108742,CUST11715,2025-11-15,05:46:29,286.42,Deposit,Fuel,1410,33,Kolkata,ATM,Debit Card,318.03,1,0,0,-31.609999999999957,0.8977839074695171,0,0,0,11,15,5,0.0063839396,0
TXN105207,CUST11179,2025-07-09,13:17:24,147.38,Purchase,Healthcare,1201,68,Jaipur,Desktop,UPI,306.1,3,0,0,-158.72000000000003,0.4799088244871377,0,0,0,7,9,2,0.0014949035,0
TXN100069,CUST12343,2025-01-03,12:17:03,423.33,Withdrawal,Fuel,2565,56,Chennai,Tablet,Cash,444.54,1,0,0,-21.210000000000036,0.9501503793149885,0,0,0,1,3,4,0.0014216609,0
TXN106434,CUST10551,2025-08-23,05:18:16,166.62,Withdrawal,Entertainment,1894,43,Ahmedabad,Mobile,Debit Card,73.25,3,0,0,93.37,2.2440404040404043,0,0,0,8,23,5,0.00035823951,0
TXN101818,CUST10890,2025-03-08,04:21:49,146.38,Bill Payment,Online Shopping,2638,24,Kolkata,Mobile,Net Banking,28.33,5,0,0,118.05,4.990794408455506,0,0,1,3,8,5,0.00046331628,0
TXN107026,CUST12251,2025-09-13,18:31:38,119.34,Deposit,Online Shopping,3264,25,Nagpur,Desktop,Wallet,391.04,1,0,0,-271.70000000000005,0.30440771349862256,0,0,0,9,13,5,0.0013810423,0
TXN108691,CUST11099,2025-11-13,09:13:00,407.76,Purchase,Electronics,1675,29,Kolkata,Mobile,Cash,142.34,4,1,0,265.41999999999996,2.8447048974466305,0,0,0,11,13,3,0.0070913536,0
TXN106922,CUST11663,2025-09-09,23:39:50,454.7,Withdrawal,Travel,2659,51,Delhi,Mobile,Credit Card,50.28,3,0,0,404.41999999999996,8.867004680187208,0,0,1,9,9,1,0.0029899448,0
TXN108585,CUST11403,2025-11-09,12:36:21,359.8,Bill Payment,Entertainment,553,29,Jaipur,ATM,Wallet,88.35,1,0,0,271.45000000000005,4.026860660324567,0,0,1,11,9,6,0.1410783,0
TXN103926,CUST11920,2025-05-23,22:05:47,553.38,Purchase,Restaurant,320,22,Chennai,Mobile,Wallet,665.46,2,0,0,-112.08000000000004,0.8303274014944633,0,0,0,5,23,4,0.007993026,0
TXN107601,CUST11821,2025-10-04,16:53:51,80.67,Transfer,Online Shopping,2729,19,Pune,ATM,UPI,74.27,2,0,1,6.400000000000006,1.071741729772818,0,0,0,10,4,5,0.86167467,1
TXN108238,CUST12152,2025-10-27,21:26:11,67.23,Purchase,Restaurant,3527,44,Ahmedabad,Mobile,Wallet,301.67,0,0,0,-234.44,0.22212310437109722,0,0,0,10,27,0,0.0010287832,0
TXN106725,CUST10636,2025-09-02,19:32:51,17.88,Transfer,Restaurant,176,33,Kolkata,ATM,Wallet,60.56,2,0,1,-42.68000000000001,0.290448343079922,0,0,0,9,2,1,0.7686604,1
TXN103302,CUST11479,2025-05-01,04:54:56,96.39,Transfer,Online Shopping,3410,24,Bengaluru,Mobile,Credit Card,43.94,2,0,1,52.45,2.1448598130841123,0,0,0,5,1,3,0.005729796,0
TXN100043,CUST10241,2025-01-02,13:34:06,182.27,Purchase,Utilities,1512,38,Nagpur,Mobile,UPI,54.64,0,0,0,127.63000000000001,3.2758806613946803,0,0,1,1,2,3,0.0014557976,0
TXN107116,CUST11668,2025-09-17,01:09:33,247.87,Transfer,Other,552,38,Mumbai,Tablet,Net Banking,202.07,3,0,0,45.80000000000001,1.2206135815236125,0,0,0,9,17,2,0.010723597,0
TXN108427,CUST11012,2025-11-03,18:33:48,42.92,Purchase,Other,1400,65,Chennai,ATM,Wallet,124.94,2,0,0,-82.02,0.34079720501826266,0,0,0,11,3,0,0.0067762528,0
TXN108489,CUST11506,2025-11-06,00:43:55,99.11,Purchase,Grocery,779,51,Delhi,Mobile,Cash,149.66,1,0,0,-50.55,0.657838842426656,0,0,0,11,6,3,0.0011961198,0
TXN103114,CUST12369,2025-04-24,08:39:44,166.55,Purchase,Other,2373,71,Mumbai,Mobile,Wallet,171.6,4,0,0,-5.049999999999983,0.9649478563151797,0,0,0,4,24,3,0.004199011,0
TXN107979,CUST10227,2025-10-18,11:09:05,151.46,Deposit,Electronics,1342,50,Chennai,Mobile,Net Banking,489.24,1,0,0,-337.78,0.3089507180156658,0,0,0,10,18,5,0.0008294868,0
TXN103726,CUST10283,2025-05-16,15:21:32,57.02,Transfer,Travel,2409,64,Pune,Mobile,Net Banking,563.7,2,0,0,-506.68000000000006,0.10097396847883831,0,0,0,5,16,4,0.003582886,0
TXN107519,CUST12427,2025-10-01,17:15:19,219.85,Withdrawal,Restaurant,551,60,Kolkata,Mobile,Cash,313.65,1,0,0,-93.79999999999998,0.6987128555537899,0,0,0,10,1,2,0.0021677578,0
TXN108532,CUST11725,2025-11-07,14:18:02,1856.54,Withdrawal,Online Shopping,3639,45,Bengaluru,Mobile,Debit Card,167.0,5,1,1,1689.54,11.050833333333333,0,0,1,11,7,4,0.8423235,1
TXN101736,CUST10307,2025-03-05,04:43:16,24.4,Withdrawal,Other,1286,42,Delhi,Desktop,Debit Card,109.42,0,1,0,-85.02000000000001,0.22097446114834268,0,0,0,3,5,2,0.0040124576,0
TXN107333,CUST11176,2025-09-24,22:44:58,270.06,Deposit,Other,2057,37,Kolkata,ATM,Credit Card,70.2,6,0,0,199.86,3.7929775280898874,0,0,1,9,24,2,0.002734703,0
TXN100620,CUST11633,2025-01-23,13:41:10,17.13,Purchase,Electronics,722,27,Kolkata,Desktop,Net Banking,51.26,6,0,0,-34.129999999999995,0.3277841561423651,0,0,0,1,23,3,0.0018128685,0
TXN109386,CUST11805,2025-12-08,16:25:46,85.77,Transfer,Entertainment,723,64,Pune,Mobile,UPI,26.67,3,0,0,59.099999999999994,3.099747018431514,0,0,1,12,8,0,0.0007666156,0
TXN108338,CUST10296,2025-10-31,12:48:19,43.34,Purchase,Online Shopping,3175,40,Jaipur,Mobile,Wallet,60.45,1,0,0,-17.11,0.7052888527257933,0,0,0,10,31,4,0.013968774,0
TXN104791,CUST10952,2025-06-24,09:50:10,134.8,Purchase,Grocery,363,30,Bengaluru,ATM,Cash,150.4,0,0,0,-15.599999999999994,0.8903566710700133,0,0,0,6,24,1,0.005462507,0
TXN105540,CUST11681,2025-07-21,16:13:40,89.11,Purchase,Electronics,3613,39,Bengaluru,Mobile,Wallet,32.94,3,1,0,56.17,2.625515615792575,0,0,0,7,21,0,0.07877417,0
TXN109094,CUST10469,2025-11-28,01:18:46,28.78,Transfer,Electronics,1961,32,Ahmedabad,ATM,Credit Card,47.49,0,0,0,-18.71,0.5935244380284594,0,0,0,11,28,4,0.08807543,0
TXN106643,CUST11832,2025-08-30,19:54:18,280.81,Purchase,Grocery,690,27,Kolkata,Mobile,Credit Card,138.72,1,0,0,142.09,2.0098053249355856,0,0,0,8,30,5,0.00068586646,0
TXN107401,CUST11726,2025-09-27,10:09:36,16.1,Withdrawal,Fuel,3425,66,Chennai,ATM,Cash,630.93,0,0,0,-614.8299999999999,0.02547750541990411,0,0,0,9,27,5,0.0025095649,0
TXN105690,CUST10972,2025-07-27,03:16:52,88.98,Transfer,Electronics,877,18,Delhi,ATM,Wallet,165.32,8,0,1,-76.33999999999999,0.534992784992785,0,1,0,7,27,6,0.9934394,1
TXN108055,CUST11824,2025-10-21,05:33:06,185.96,Transfer,Restaurant,961,73,Hyderabad,ATM,Debit Card,681.59,3,0,0,-495.63,0.27243293924610673,0,0,0,10,21,1,0.018981708,0
TXN109152,CUST11544,2025-11-30,03:59:12,99.02,Purchase,Utilities,938,55,Jaipur,Mobile,Net Banking,636.13,2,0,0,-537.11,0.15541569224491078,0,0,0,11,30,6,0.0026532512,0
TXN103869,CUST10136,2025-05-21,20:17:47,231.67,Purchase,Healthcare,2016,57,Mumbai,Desktop,UPI,5.91,1,0,0,225.76,33.526772793053546,0,0,1,5,21,2,0.0016368859,0
TXN103702,CUST11742,2025-05-15,18:23:26,41.55,Purchase,Other,3617,74,Jaipur,ATM,Credit Card,96.77,0,0,0,-55.22,0.4249769868057686,0,0,0,5,15,3,0.0056383116,0
TXN100714,CUST11428,2025-01-26,23:48:46,112.26,Purchase,Electronics,121,32,Delhi,Mobile,Debit Card,57.92,3,0,0,54.34,1.9052953156822812,0,0,0,1,26,6,0.00045655936,0
TXN102846,CUST10935,2025-04-14,14:30:51,43.37,Transfer,Healthcare,1445,56,Pune,Mobile,Credit Card,199.67,4,0,0,-156.29999999999998,0.21612597797378783,0,0,0,4,14,0,0.0066123856,0
TXN106781,CUST10524,2025-09-04,20:28:26,450.35,Purchase,Restaurant,2648,54,Delhi,Mobile,Credit Card,83.57,3,0,0,366.78000000000003,5.325174411729929,0,0,1,9,4,3,0.0015772922,0
TXN109739,CUST12195,2025-12-21,12:50:28,2568.17,Purchase,Electronics,3279,70,Jaipur,ATM,Debit Card,30.81,0,0,0,2537.36,80.73467463061931,0,0,1,12,21,6,0.015402771,0
TXN109540,CUST11719,2025-12-14,06:58:38,97.3,Purchase,Healthcare,2856,57,Nagpur,Mobile,Debit Card,165.94,0,0,0,-68.64,0.5828441356175872,0,0,0,12,14,6,0.0018431566,0
TXN104978,CUST10279,2025-07-01,05:12:56,214.93,Purchase,Entertainment,3033,44,Delhi,Mobile,Debit Card,66.35,2,0,0,148.58,3.191239792130661,0,0,1,7,1,1,0.0012355549,0
TXN100885,CUST10600,2025-02-02,05:12:47,339.43,Deposit,Travel,3187,41,Kolkata,Mobile,Cash,95.1,3,1,0,244.33,3.532049947970864,0,0,1,2,2,6,0.022927294,0
TXN100940,CUST10094,2025-02-04,05:15:58,445.76,Deposit,Electronics,1264,29,Hyderabad,ATM,Wallet,109.34,0,0,0,336.41999999999996,4.039876744607576,0,0,1,2,4,1,0.17500776,0
TXN104955,CUST11497,2025-06-30,09:07:15,141.37,Purchase,Entertainment,36,51,Chennai,Mobile,Cash,74.84,3,0,0,66.53,1.8640559071729959,0,0,0,6,30,0,0.0012838177,0
TXN104535,CUST10874,2025-06-15,02:10:19,100.82,Bill Payment,Travel,1826,24,Delhi,Mobile,Cash,351.77,0,0,0,-250.95,0.2857952773761941,0,0,0,6,15,6,0.0009360416,0
TXN102807,CUST11367,2025-04-13,04:26:25,245.11,Purchase,Utilities,546,30,Kolkata,ATM,Credit Card,99.15,4,0,0,145.96,2.447428856714928,0,0,0,4,13,6,0.007463575,0
TXN101614,CUST11982,2025-02-28,18:07:53,27.92,Bill Payment,Restaurant,1882,24,Nagpur,Tablet,Credit Card,77.54,6,0,0,-49.620000000000005,0.35548764960529666,0,0,0,2,28,4,0.0060523134,0
TXN105852,CUST11039,2025-08-02,00:49:06,237.46,Purchase,Travel,2860,70,Pune,Mobile,Cash,167.82,2,0,0,69.64000000000001,1.4065868972870514,0,0,0,8,2,5,0.0031680595,0
TXN105783,CUST12118,2025-07-30,12:32:02,180.81,Bill Payment,Other,2153,67,Pune,Mobile,Debit Card,79.41,1,0,0,101.4,2.248600920283547,0,0,0,7,30,2,0.00026885016,0
TXN105812,CUST12173,2025-07-31,13:52:15,277.33,Transfer,Utilities,575,33,Mumbai,Mobile,Credit Card,266.93,4,0,0,10.399999999999977,1.0350837905423058,0,0,0,7,31,3,0.016254334,0
TXN108243,CUST12401,2025-10-28,01:48:17,65.7,Purchase,Entertainment,1093,40,Chennai,Mobile,UPI,75.04,1,0,0,-9.340000000000003,0.8640189374013677,0,0,0,10,28,1,0.0031330884,0
TXN104716,CUST11235,2025-06-21,16:18:34,1165.25,Purchase,Fuel,2542,66,Hyderabad,Mobile,Net Banking,403.08,4,0,0,762.1700000000001,2.883711146307662,0,0,0,6,21,5,0.0012521723,0
TXN102739,CUST12485,2025-04-10,17:01:46,838.11,Transfer,Electronics,3046,60,Mumbai,Mobile,Credit Card,124.74,3,0,0,713.37,6.66542070940035,0,0,1,4,10,3,0.022140857,0
TXN101549,CUST12163,2025-02-26,09:20:30,597.05,Purchase,Utilities,599,60,Pune,Mobile,Credit Card,36.2,0,0,0,560.8499999999999,16.049731182795696,0,0,1,2,26,2,0.0015992398,0
TXN100059,CUST11579,2025-01-03,03:32:51,40.32,Bill Payment,Travel,3275,32,Hyderabad,Mobile,Wallet,132.58,1,0,0,-92.26000000000002,0.3018415930528522,0,0,0,1,3,4,0.002232592,0
TXN109572,CUST10758,2025-12-15,10:56:07,219.94,Bill Payment,Fuel,201,23,Mumbai,Mobile,Debit Card,59.02,3,0,0,160.92,3.6644451849383537,0,0,1,12,15,0,0.0007373267,0
TXN105770,CUST10228,2025-07-30,01:10:34,462.31,Purchase,Fuel,808,29,Pune,Mobile,Cash,128.75,1,1,0,333.56,3.563082851637765,0,0,1,7,30,2,0.030792123,0
TXN100343,CUST12197,2025-01-13,11:40:29,25.66,Transfer,Entertainment,3427,55,Kolkata,Mobile,Cash,347.81,2,0,0,-322.15,0.07356440469023251,0,0,0,1,13,0,0.0006380928,0
TXN100882,CUST12052,2025-02-02,02:35:32,27.98,Purchase,Fuel,3356,22,Delhi,Mobile,Net Banking,34.83,2,0,0,-6.849999999999998,0.7809098520792632,0,0,0,2,2,6,0.0016623494,0
TXN101633,CUST11535,2025-03-01,10:43:53,75.7,Transfer,Grocery,2864,43,Kolkata,ATM,Cash,134.31,2,0,0,-58.61,0.5594560638533738,0,0,0,3,1,5,0.019411618,0
TXN109191,CUST11651,2025-12-01,14:03:38,162.04,Purchase,Utilities,301,37,Ahmedabad,ATM,Wallet,635.47,5,1,1,-473.43000000000006,0.25459173252470657,0,0,0,12,1,0,0.97705406,1
TXN109266,CUST10552,2025-12-04,07:35:13,152.92,Deposit,Electronics,1786,42,Mumbai,Mobile,Net Banking,108.11,2,0,0,44.80999999999999,1.4015214004215928,0,0,0,12,4,3,0.012254952,0
TXN108519,CUST11725,2025-11-07,02:56:33,85.0,Bill Payment,Other,2735,72,Kolkata,Mobile,Cash,73.43,1,0,0,11.569999999999993,1.142012629316136,0,0,0,11,7,4,0.0012587437,0
TXN102203,CUST11716,2025-03-22,04:43:59,293.63,Deposit,Travel,1354,49,Mumbai,Mobile,Cash,148.73,1,0,0,144.9,1.9610632471782543,0,0,0,3,22,5,0.00078318274,0
TXN100031,CUST10562,2025-01-02,03:05:03,98.94,Transfer,Healthcare,2736,40,Ahmedabad,Mobile,Credit Card,501.19,1,0,0,-402.25,0.19701706525418666,0,0,0,1,2,3,0.0023470358,0
TXN106556,CUST11374,2025-08-27,15:53:39,304.7,Transfer,Healthcare,2797,31,Pune,Tablet,UPI,48.15,0,0,0,256.55,6.1993896236012205,0,0,1,8,27,2,0.019086657,0
TXN105134,CUST12163,2025-07-06,21:30:39,488.61,Purchase,Entertainment,1951,18,Mumbai,Mobile,Credit Card,92.35,2,0,0,396.26,5.234172469201929,0,0,1,7,6,6,0.0076450566,0
TXN107427,CUST10938,2025-09-28,08:52:33,154.95,Purchase,Restaurant,3561,35,Pune,Mobile,Debit Card,30.68,2,1,0,124.26999999999998,4.891098484848484,0,0,1,9,28,6,0.012620077,0
TXN108819,CUST11454,2025-11-18,01:02:56,40.33,Transfer,Fuel,1263,67,Jaipur,Mobile,Wallet,40.54,2,0,0,-0.21000000000000085,0.970871449205585,0,0,0,11,18,1,0.025525747,0
TXN105965,CUST11427,2025-08-06,03:32:42,697.09,Bill Payment,Online Shopping,1932,71,Ahmedabad,Mobile,UPI,27.41,5,0,0,669.6800000000001,24.536782822949668,0,0,1,8,6,2,0.012063619,0
TXN101826,CUST11147,2025-03-08,11:21:11,220.35,Withdrawal,Entertainment,1840,38,Bengaluru,Tablet,Debit Card,43.59,1,1,1,176.76,4.941690962099125,0,0,1,3,8,5,0.014608748,0
TXN105356,CUST12226,2025-07-14,23:28:10,15.28,Bill Payment,Healthcare,2623,58,Pune,Mobile,Cash,285.92,0,0,0,-270.64000000000004,0.053255262791021885,0,0,0,7,14,0,0.00018194508,0
TXN108288,CUST10431,2025-10-29,17:07:15,60.53,Bill Payment,Electronics,1337,18,Bengaluru,Mobile,Credit Card,226.33,2,0,0,-165.8,0.2662649012448863,0,0,0,10,29,2,0.0027717773,0
TXN109960,CUST11233,2025-12-29,13:55:34,191.32,Purchase,Healthcare,1693,61,Delhi,ATM,UPI,267.92,3,0,0,-76.60000000000002,0.7114383459764985,0,0,0,12,29,0,0.001609004,0
TXN101664,CUST12278,2025-03-02,13:48:56,250.2,Bill Payment,Electronics,1912,24,Delhi,Mobile,Debit Card,477.51,1,0,0,-227.31,0.5228730852019812,0,0,0,3,2,6,0.001382829,0
TXN108934,CUST12496,2025-11-22,05:31:22,369.34,Deposit,Online Shopping,1824,62,Mumbai,Mobile,Net Banking,120.34,2,0,0,248.99999999999997,3.043843744849184,0,0,1,11,22,5,0.00080666493,0
TXN100966,CUST11013,2025-02-05,03:58:55,275.75,Bill Payment,Online Shopping,1169,22,Mumbai,Mobile,Debit Card,142.76,1,0,0,132.99,1.9181274346132444,0,0,0,2,5,2,0.0005256279,0
TXN102148,CUST10078,2025-03-20,04:40:49,50.6,Purchase,Grocery,1278,37,Jaipur,Mobile,Debit Card,295.2,4,0,0,-244.6,0.1708305199189737,0,0,0,3,20,3,0.0006199246,0
TXN100970,CUST11636,2025-02-05,07:28:36,832.3,Bill Payment,Utilities,1056,55,Hyderabad,Mobile,Credit Card,176.84,2,0,0,655.4599999999999,4.680049482681062,0,0,1,2,5,2,0.0018075223,0
TXN103017,CUST11510,2025-04-20,19:54:53,179.84,Purchase,Restaurant,3548,48,Delhi,ATM,Cash,412.55,4,0,0,-232.71,0.4348688187643574,0,0,0,4,20,6,0.0017831407,0
TXN104580,CUST10614,2025-06-16,17:29:17,57.71,Withdrawal,Grocery,70,54,Delhi,Mobile,Debit Card,127.48,3,1,0,-69.77000000000001,0.4491749688667496,0,0,0,6,16,0,0.0018409814,0
TXN101280,CUST10398,2025-02-16,14:19:11,623.5,Transfer,Healthcare,667,27,Bengaluru,Mobile,UPI,91.12,3,0,0,532.38,6.76834563612679,0,0,1,2,16,6,0.0054355282,0
TXN109449,CUST11234,2025-12-10,23:28:19,451.82,Withdrawal,Online Shopping,910,23,Ahmedabad,Mobile,Cash,204.77,3,0,0,247.04999999999998,2.195752539242844,0,0,0,12,10,2,0.00034434185,0
TXN106949,CUST10784,2025-09-10,23:15:12,199.29,Purchase,Healthcare,2986,34,Mumbai,ATM,UPI,36.82,1,0,0,162.47,5.269434161819143,0,0,1,9,10,2,0.0065973895,0
TXN105162,CUST12039,2025-07-07,21:58:27,381.74,Transfer,Entertainment,2398,38,Pune,Desktop,Cash,21.11,0,0,0,360.63,17.265490728177298,0,0,1,7,7,0,0.024482267,0
TXN104280,CUST11462,2025-06-05,19:22:54,157.61,Purchase,Online Shopping,1803,62,Kolkata,Mobile,Wallet,41.89,0,0,0,115.72000000000001,3.674749358824901,0,0,1,6,5,3,0.00086387206,0
TXN100171,CUST12267,2025-01-07,05:24:01,44.34,Withdrawal,Grocery,2303,72,Delhi,Mobile,UPI,715.51,1,0,0,-671.17,0.06188329541806814,0,0,0,1,7,1,0.00058252015,0
TXN104240,CUST10583,2025-06-04,08:26:03,339.01,Bill Payment,Utilities,718,66,Ahmedabad,Tablet,UPI,124.8,2,0,0,214.20999999999998,2.69483306836248,0,0,0,6,4,2,0.00070104573,0
TXN107264,CUST10616,2025-09-22,10:27:54,229.81,Deposit,Travel,523,56,Bengaluru,Desktop,Cash,168.3,4,0,0,61.50999999999999,1.357412876550502,0,0,0,9,22,0,0.001810722,0
TXN106535,CUST11202,2025-08-26,21:32:49,51.0,Transfer,Electronics,378,48,Ahmedabad,Mobile,Wallet,134.73,1,0,0,-83.72999999999999,0.3757459662565387,0,0,0,8,26,1,0.031934135,0
TXN106091,CUST11420,2025-08-10,17:37:47,69.67,Transfer,Online Shopping,3622,22,Nagpur,Desktop,Debit Card,227.61,2,0,0,-157.94,0.30475482262368225,0,0,0,8,10,6,0.0053817388,0
TXN107421,CUST12147,2025-09-28,03:38:02,639.13,Purchase,Other,933,33,Chennai,Mobile,Net Banking,65.77,3,0,0,573.36,9.572113224502022,0,0,1,9,28,6,0.0036832266,0
TXN107155,CUST10943,2025-09-18,11:13:59,30.55,Withdrawal,Utilities,1755,46,Jaipur,Mobile,Credit Card,93.32,0,0,0,-62.769999999999996,0.3238973706530959,0,0,0,9,18,3,0.0003844733,0
TXN101754,CUST11993,2025-03-05,20:26:51,263.59,Transfer,Online Shopping,2762,36,Bengaluru,Mobile,Credit Card,39.65,2,1,0,223.93999999999997,6.484378843788438,0,0,1,3,5,2,0.13308033,0
TXN103712,CUST10412,2025-05-16,03:07:39,337.03,Purchase,Entertainment,627,43,Bengaluru,Tablet,Cash,31.78,3,0,0,305.25,10.281574130567417,0,0,1,5,16,4,0.0054185954,0
TXN107648,CUST10151,2025-10-06,09:57:39,167.42,Purchase,Entertainment,493,49,Bengaluru,Mobile,Wallet,90.13,2,0,0,77.28999999999999,1.8371557116207615,0,0,0,10,6,0,0.008929089,0
TXN107126,CUST11777,2025-09-17,09:53:46,234.95,Purchase,Healthcare,3503,20,Ahmedabad,Mobile,Wallet,1014.94,5,0,0,-779.99,0.2312636573025966,0,0,0,9,17,2,0.0018396545,0
TXN100233,CUST10403,2025-01-09,11:34:08,241.43,Purchase,Grocery,3279,64,Bengaluru,Desktop,Cash,261.15,1,0,0,-19.71999999999997,0.9209612817089453,0,0,0,1,9,3,0.000215851,0
TXN106081,CUST10363,2025-08-10,08:53:34,1266.43,Purchase,Online Shopping,2990,56,Kolkata,Tablet,UPI,78.66,2,0,0,1187.77,15.897941250313835,0,0,1,8,10,6,0.0017176886,0
TXN109741,CUST12076,2025-12-21,14:35:19,77.11,Purchase,Electronics,327,54,Pune,Mobile,Net Banking,513.54,0,0,0,-436.42999999999995,0.14986201267151242,0,0,0,12,21,6,0.0020561188,0
TXN104797,CUST12345,2025-06-24,15:04:41,32.71,Bill Payment,Restaurant,3467,48,Chennai,Desktop,Net Banking,19.71,2,0,0,13.0,1.5794302269435054,0,0,0,6,24,1,0.002290758,0
TXN100344,CUST12361,2025-01-13,12:32:54,300.87,Bill Payment,Healthcare,852,61,Mumbai,Desktop,Cash,164.21,3,0,0,136.66,1.8211367350644634,0,0,0,1,13,0,0.0006627994,0
TXN102124,CUST10623,2025-03-19,07:42:43,370.55,Transfer,Travel,2826,40,Bengaluru,Mobile,Wallet,67.14,3,0,1,303.41,5.438068682125037,0,0,1,3,19,2,0.48803017,0
TXN104622,CUST11268,2025-06-18,06:10:58,347.49,Transfer,Healthcare,746,55,Nagpur,ATM,Debit Card,19.39,3,1,1,328.1,17.04217753800883,0,0,1,6,18,2,0.9975877,1
TXN100581,CUST10372,2025-01-22,03:36:44,223.94,Bill Payment,Grocery,1053,42,Pune,Mobile,Cash,317.64,3,0,0,-93.69999999999999,0.7027993974391162,0,0,0,1,22,2,0.0005825748,0
TXN100015,CUST11515,2025-01-01,13:06:19,93.13,Deposit,Restaurant,106,61,Ahmedabad,Desktop,Credit Card,15.91,0,0,0,77.22,5.507392075694855,0,0,1,1,1,2,0.0009314305,0
TXN101702,CUST11742,2025-03-03,23:00:57,97.21,Transfer,Fuel,521,52,Bengaluru,Tablet,Net Banking,193.96,2,0,0,-96.75000000000001,0.4986151005334427,0,0,0,3,3,0,0.011828795,0
TXN100830,CUST10224,2025-01-31,05:09:37,138.13,Purchase,Entertainment,1045,19,Delhi,Mobile,Wallet,275.83,3,0,0,-137.7,0.49897048730267674,0,0,0,1,31,4,0.013816691,0
TXN105498,CUST10220,2025-07-20,03:31:59,441.11,Transfer,Electronics,821,36,Delhi,Mobile,Wallet,50.84,3,0,1,390.27,8.509066358024691,0,0,1,7,20,6,0.9574092,1
TXN105051,CUST10565,2025-07-03,20:59:41,697.47,Transfer,Utilities,1835,40,Kolkata,ATM,Wallet,98.78,1,0,1,598.69,6.990078171978353,0,0,1,7,3,3,0.9964135,1
TXN101405,CUST10699,2025-02-21,03:31:50,295.69,Bill Payment,Healthcare,1112,59,Kolkata,Mobile,Debit Card,69.16,4,0,0,226.53,4.214509692132269,0,0,1,2,21,4,0.00051750056,0
TXN100272,CUST10562,2025-01-10,21:38:34,50.91,Purchase,Online Shopping,2248,25,Ahmedabad,Mobile,UPI,19.79,0,0,0,31.119999999999997,2.4487734487734487,0,0,0,1,10,4,0.00051198184,0
TXN100062,CUST11981,2025-01-03,06:10:07,219.77,Transfer,Travel,3402,26,Chennai,Desktop,UPI,71.55,2,0,0,148.22000000000003,3.0292212267401792,0,0,1,1,3,4,0.0020612245,0
TXN102050,CUST11540,2025-03-16,15:03:32,367.52,Bill Payment,Travel,825,46,Jaipur,Mobile,Debit Card,531.15,1,0,0,-163.63,0.6906323405054966,0,0,0,3,16,6,0.0011242304,0
TXN106443,CUST11207,2025-08-23,13:10:03,109.2,Transfer,Healthcare,407,50,Hyderabad,Mobile,Cash,44.0,0,0,0,65.2,2.4266666666666667,0,0,0,8,23,5,0.0016056318,0
TXN104511,CUST12230,2025-06-14,05:12:13,151.94,Purchase,Online Shopping,1697,67,Delhi,Desktop,Cash,200.76,2,0,0,-48.81999999999999,0.7530729579698652,0,0,0,6,14,5,0.0005264967,0
TXN102126,CUST10743,2025-03-19,09:27:33,66.54,Transfer,Utilities,2845,63,Ahmedabad,Mobile,Credit Card,53.35,0,0,0,13.190000000000005,1.2242870285188594,0,0,0,3,19,2,0.0009781842,0
TXN107908,CUST11763,2025-10-15,21:07:10,49.54,Withdrawal,Other,3167,40,Chennai,Mobile,Credit Card,158.94,4,0,0,-109.4,0.3097411529323496,0,0,0,10,15,2,0.0051156194,0
TXN102186,CUST11827,2025-03-21,13:52:50,108.19,Transfer,Electronics,2234,36,Pune,ATM,Debit Card,121.59,0,0,0,-13.400000000000006,0.8825352802023003,0,0,0,3,21,4,0.15877962,0
TXN109224,CUST11568,2025-12-02,18:53:32,695.48,Purchase,Restaurant,2121,35,Pune,Desktop,Net Banking,96.89,0,0,0,598.59,7.104709367657575,0,0,1,12,2,1,0.015146177,0
TXN102853,CUST10104,2025-04-14,20:37:48,224.51,Transfer,Healthcare,150,20,Pune,Tablet,UPI,714.49,1,0,0,-489.98,0.31378495855986804,0,0,0,4,14,0,0.06016454,0
TXN102402,CUST10685,2025-03-29,10:35:49,150.05,Bill Payment,Grocery,585,38,Ahmedabad,Mobile,Credit Card,85.99,1,1,0,64.06000000000002,1.7249109092999197,0,0,0,3,29,5,0.0036944323,0
TXN107946,CUST11627,2025-10-17,06:19:11,327.19,Transfer,Healthcare,699,66,Pune,Mobile,Credit Card,225.83,1,0,1,101.35999999999999,1.442445884583168,0,0,0,10,17,4,0.002546219,0
TXN101838,CUST11916,2025-03-08,21:50:14,164.12,Purchase,Online Shopping,2746,55,Hyderabad,Tablet,Net Banking,195.58,3,1,1,-31.460000000000008,0.8348763862040899,0,0,0,3,8,5,0.012695461,0
TXN100118,CUST10863,2025-01-05,07:05:42,63.65,Deposit,Grocery,1114,41,Bengaluru,Desktop,UPI,97.39,1,0,0,-33.74,0.6469153369244842,0,0,0,1,5,6,0.0007796108,0
TXN101811,CUST10303,2025-03-07,22:14:52,226.34,Bill Payment,Online Shopping,1625,72,Pune,ATM,Debit Card,157.54,1,0,0,68.80000000000001,1.427652327488331,0,0,0,3,7,4,0.0011664585,0
TXN109032,CUST11123,2025-11-25,19:08:39,580.23,Transfer,Fuel,2924,63,Mumbai,ATM,Net Banking,122.21,1,0,1,458.02000000000004,4.70927684441198,0,0,1,11,25,1,0.56860656,1
TXN106790,CUST11930,2025-09-05,04:20:14,125.54,Bill Payment,Entertainment,727,19,Pune,Mobile,Cash,67.4,2,0,0,58.14,1.8353801169590642,0,0,0,9,5,4,0.0023138511,0
TXN107563,CUST11618,2025-10-03,07:41:51,250.99,Transfer,Other,2408,29,Pune,ATM,Net Banking,518.42,4,0,0,-267.42999999999995,0.4832120442031497,0,0,0,10,3,4,0.099026844,0
TXN104959,CUST11881,2025-06-30,12:36:56,590.23,Purchase,Healthcare,1188,68,Delhi,ATM,Cash,68.67,1,0,0,521.5600000000001,8.471795607865653,0,0,1,6,30,0,0.061199747,0
TXN109269,CUST10316,2025-12-04,10:12:29,152.67,Purchase,Electronics,210,62,Jaipur,Mobile,Debit Card,224.03,1,0,0,-71.36000000000001,0.6784428742834289,0,0,0,12,4,3,0.0051406305,0
TXN109014,CUST11716,2025-11-25,03:25:04,67.72,Purchase,Electronics,2607,60,Jaipur,Mobile,Wallet,101.86,3,0,0,-34.14,0.658370600816644,0,0,0,11,25,1,0.002237225,0
TXN109535,CUST11255,2025-12-14,02:36:32,152.36,Transfer,Restaurant,2557,69,Bengaluru,Tablet,Credit Card,57.21,4,0,0,95.15,2.6174196873389453,0,0,0,12,14,6,0.0015695259,0
TXN104859,CUST11390,2025-06-26,21:14:48,148.18,Purchase,Grocery,2356,34,Pune,Mobile,Wallet,75.29,1,0,0,72.89,1.9423253375278542,0,0,0,6,26,3,0.0033463687,0
TXN105827,CUST11910,2025-08-01,02:58:34,160.96,Purchase,Utilities,1431,48,Jaipur,ATM,Cash,153.64,1,0,0,7.320000000000022,1.0408691153647183,0,0,0,8,1,4,0.020839324,0
TXN105912,CUST10666,2025-08-04,05:14:23,8.09,Withdrawal,Entertainment,358,21,Mumbai,Mobile,Cash,70.09,1,0,0,-62.0,0.11379940919960613,0,0,0,8,4,0,0.0013514966,0
TXN105303,CUST11362,2025-07-13,01:09:50,73.27,Bill Payment,Other,117,30,Mumbai,Mobile,UPI,126.25,2,0,0,-52.980000000000004,0.575795677799607,0,0,0,7,13,6,0.00470083,0
TXN104032,CUST11493,2025-05-27,18:42:26,32.65,Deposit,Healthcare,2987,75,Jaipur,Desktop,Net Banking,414.86,2,0,0,-382.21000000000004,0.07851199923051026,0,0,0,5,27,1,0.008538536,0
TXN105397,CUST11873,2025-07-16,11:17:26,67.97,Purchase,Travel,203,38,Jaipur,Mobile,Wallet,103.22,3,0,0,-35.25,0.6521780848205718,0,0,0,7,16,2,0.003100117,0
TXN105900,CUST11763,2025-08-03,18:45:19,760.34,Withdrawal,Grocery,952,60,Mumbai,Desktop,Wallet,706.2,6,0,0,54.139999999999986,1.0751414027149322,0,0,0,8,3,6,0.014899132,0
TXN105948,CUST11364,2025-08-05,12:41:32,28.65,Deposit,Other,2783,58,Pune,ATM,Credit Card,141.21,0,0,0,-112.56,0.2014626256943956,0,0,0,8,5,1,0.0006296938,0
TXN100644,CUST12081,2025-01-24,10:39:16,187.41,Purchase,Entertainment,1572,46,Bengaluru,Mobile,UPI,87.73,2,0,0,99.67999999999999,2.112137946579511,0,0,0,1,24,4,0.0007349776,0
TXN108721,CUST10870,2025-11-14,11:25:39,29.47,Transfer,Grocery,151,21,Ahmedabad,Mobile,Net Banking,187.35,1,0,0,-157.88,0.15646402973188214,0,0,0,11,14,4,0.002297657,0
TXN102885,CUST11528,2025-04-16,00:35:17,189.19,Transfer,Electronics,1196,29,Bengaluru,ATM,UPI,65.21,2,0,0,123.98,2.857423349947138,0,0,0,4,16,2,0.03546504,0
TXN108810,CUST11749,2025-11-17,17:11:08,230.35,Purchase,Travel,2789,58,Chennai,Mobile,Wallet,1454.84,1,0,0,-1224.49,0.15822480492361798,0,0,0,11,17,0,0.0004195583,0
TXN109258,CUST11677,2025-12-04,00:35:51,159.85,Transfer,Electronics,3013,60,Ahmedabad,Mobile,Credit Card,53.48,1,1,0,106.37,2.9341042584434653,0,0,0,12,4,3,0.003939235,0
TXN102246,CUST10462,2025-03-23,18:18:06,528.97,Deposit,Electronics,1340,57,Bengaluru,Mobile,Net Banking,78.02,2,0,0,450.95000000000005,6.694128068843331,0,0,1,3,23,6,0.0015630971,0
TXN105412,CUST11506,2025-07-17,00:23:45,199.01,Withdrawal,Travel,3081,33,Bengaluru,Mobile,UPI,96.44,2,0,0,102.57,2.0423850574712645,0,0,0,7,17,3,0.00028821436,0
TXN108909,CUST10111,2025-11-21,07:40:50,192.05,Purchase,Entertainment,3378,41,Kolkata,Mobile,Net Banking,256.44,3,0,0,-64.38999999999999,0.7459990677439404,0,0,0,11,21,4,0.001919221,0
TXN109938,CUST11031,2025-12-28,18:42:18,699.78,Withdrawal,Travel,2817,21,Pune,Mobile,UPI,62.67,3,1,1,637.11,10.990733469451861,0,0,1,12,28,6,0.59911835,1
TXN109277,CUST11671,2025-12-04,17:11:51,172.3,Bill Payment,Healthcare,3203,68,Mumbai,Mobile,Wallet,98.5,1,0,0,73.80000000000001,1.7316582914572864,0,0,0,12,4,3,0.004090942,0
TXN107014,CUST10519,2025-09-13,08:02:35,280.87,Purchase,Fuel,2506,62,Jaipur,Mobile,UPI,29.25,2,0,0,251.62,9.284958677685951,0,0,1,9,13,5,0.0027114025,0
TXN105585,CUST11749,2025-07-23,07:32:38,255.66,Purchase,Fuel,2235,46,Nagpur,Mobile,Debit Card,45.1,6,0,0,210.56,5.545770065075922,0,0,1,7,23,2,0.0006379557,0
TXN102482,CUST11537,2025-04-01,08:29:31,271.42,Purchase,Restaurant,2921,20,Nagpur,Desktop,UPI,91.07,1,0,0,180.35000000000002,2.9479743673292065,0,0,0,4,1,1,0.002883682,0
TXN101762,CUST11987,2025-03-06,03:26:13,100.55,Bill Payment,Fuel,1184,47,Jaipur,Desktop,Cash,189.4,2,0,0,-88.85000000000001,0.5280987394957983,0,0,0,3,6,3,0.00060898013,0
TXN107363,CUST11788,2025-09-26,00:57:36,100.41,Purchase,Restaurant,133,54,Kolkata,ATM,Net Banking,71.59,4,0,0,28.819999999999993,1.383248381319741,0,0,0,9,26,4,0.004552404,0
TXN107555,CUST10667,2025-10-03,00:42:29,51.7,Withdrawal,Online Shopping,1307,19,Ahmedabad,Mobile,Wallet,70.03,1,0,0,-18.33,0.7278614669857807,0,0,0,10,3,4,0.009759205,0
TXN100949,CUST12070,2025-02-04,13:07:45,168.29,Deposit,Utilities,3230,74,Bengaluru,Mobile,Wallet,379.69,4,0,0,-211.4,0.4420657227665554,0,0,0,2,4,1,0.0008126353,0
TXN105189,CUST10426,2025-07-08,21:33:49,78.84,Purchase,Grocery,3514,28,Hyderabad,Desktop,Wallet,45.67,3,0,0,33.17,1.6893079065781016,0,0,0,7,8,1,0.0020616376,0
TXN104673,CUST11743,2025-06-20,02:44:27,384.97,Purchase,Other,438,51,Kolkata,Mobile,UPI,611.03,1,0,0,-226.05999999999995,0.6290051141283924,0,0,0,6,20,4,0.0027141697,0
TXN108499,CUST12056,2025-11-06,09:28:08,475.23,Purchase,Utilities,112,69,Mumbai,Mobile,Net Banking,261.26,1,0,0,213.97000000000003,1.8120567375886527,0,0,0,11,6,3,0.0010463394,0
TXN101138,CUST11708,2025-02-11,10:15:22,195.91,Transfer,Entertainment,956,26,Chennai,Tablet,Debit Card,150.02,2,0,0,45.889999999999986,1.297245397960535,0,0,0,2,11,1,0.006635497,0
TXN107101,CUST10551,2025-09-16,12:03:14,204.63,Bill Payment,Grocery,2752,70,Ahmedabad,Mobile,Wallet,76.06,2,0,0,128.57,2.6554632753698417,0,0,0,9,16,1,0.005401687,0
TXN109113,CUST10288,2025-11-28,17:54:46,88.09,Bill Payment,Online Shopping,3552,46,Bengaluru,Mobile,Wallet,78.56,1,0,0,9.530000000000001,1.1072146807440926,0,0,0,11,28,4,0.005061559,0
TXN108385,CUST10947,2025-11-02,05:52:06,450.07,Bill Payment,Other,152,20,Kolkata,Mobile,Net Banking,747.61,1,0,0,-297.54,0.6012075713655975,0,0,0,11,2,6,0.005112604,0
TXN109119,CUST11406,2025-11-28,23:09:18,1277.37,Withdrawal,Restaurant,1444,50,Hyderabad,Mobile,Debit Card,51.62,2,0,0,1225.75,24.275370581527934,0,0,1,11,28,4,0.0010381478,0
TXN102608,CUST11715,2025-04-05,22:34:35,76.6,Purchase,Fuel,2617,27,Jaipur,Tablet,Debit Card,51.5,0,0,0,25.099999999999994,1.459047619047619,0,0,0,4,5,5,0.001236948,0
TXN101866,CUST11708,2025-03-09,22:18:02,71.03,Withdrawal,Healthcare,1398,52,Delhi,Mobile,Net Banking,60.06,3,0,0,10.969999999999999,1.1632820176875205,0,0,0,3,9,6,0.0011545181,0
TXN107162,CUST11417,2025-09-18,17:20:56,109.21,Bill Payment,Online Shopping,2324,57,Hyderabad,Tablet,Net Banking,244.32,4,0,0,-135.11,0.44517365074188814,0,0,0,9,18,3,0.002050849,0
TXN105308,CUST11419,2025-07-13,05:31:57,61.64,Bill Payment,Entertainment,1350,65,Chennai,Desktop,UPI,93.18,3,0,0,-31.540000000000006,0.6544913994478657,0,0,0,7,13,6,0.001039521,0
TXN108134,CUST10055,2025-10-24,02:34:23,377.95,Purchase,Grocery,1749,70,Jaipur,Mobile,Debit Card,101.88,2,0,0,276.07,3.673697511664075,0,0,1,10,24,4,0.0030098655,0
TXN100849,CUST10260,2025-01-31,21:45:38,543.8,Withdrawal,Utilities,300,28,Jaipur,ATM,Net Banking,303.28,1,0,0,240.51999999999998,1.7871697121072696,0,0,0,1,31,4,0.0026197857,0
TXN103566,CUST10166,2025-05-10,19:34:08,87.87,Transfer,Healthcare,3547,66,Hyderabad,ATM,Net Banking,97.02,1,0,0,-9.149999999999991,0.896449704142012,0,0,0,5,10,5,0.019681988,0
TXN102632,CUST11683,2025-04-06,19:32:42,61.13,Purchase,Healthcare,1602,36,Pune,Tablet,Credit Card,431.69,4,0,0,-370.56,0.14127897571009268,0,0,0,4,6,6,0.0037351735,0
TXN104725,CUST11475,2025-06-22,00:10:22,221.37,Purchase,Healthcare,131,27,Kolkata,Mobile,Wallet,62.67,2,0,0,158.7,3.476833673629653,0,0,1,6,22,6,0.0041090003,0
TXN104920,CUST11409,2025-06-29,02:32:30,90.46,Purchase,Grocery,3011,43,Delhi,Desktop,Wallet,210.38,5,1,0,-119.92,0.42794966411202573,0,0,0,6,29,6,0.013214151,0
TXN109534,CUST11391,2025-12-14,01:44:07,269.61,Withdrawal,Online Shopping,2647,30,Mumbai,Tablet,Credit Card,109.88,3,0,0,159.73000000000002,2.431547619047619,0,0,0,12,14,6,0.0030444826,0
TXN101098,CUST11757,2025-02-09,23:18:31,235.64,Purchase,Travel,2608,35,Ahmedabad,Mobile,Wallet,41.96,4,0,0,193.67999999999998,5.48510242085661,0,0,1,2,9,6,0.002297327,0
TXN100916,CUST10477,2025-02-03,08:17:51,82.0,Transfer,Travel,910,35,Hyderabad,Mobile,Cash,319.42,1,0,0,-237.42000000000002,0.25591411272704573,0,0,0,2,3,0,0.00083842344,0
TXN104158,CUST11205,2025-06-01,08:47:31,155.1,Purchase,Online Shopping,2949,47,Nagpur,Mobile,Credit Card,72.56,2,0,0,82.53999999999999,2.1084828711256116,0,0,0,6,1,6,0.0015023813,0
TXN109488,CUST10897,2025-12-12,09:32:44,77.23,Purchase,Online Shopping,2114,42,Ahmedabad,Mobile,Cash,41.46,2,0,0,35.77,1.81888836552049,0,0,0,12,12,4,0.0019785932,0
TXN101308,CUST10053,2025-02-17,14:46:59,128.61,Purchase,Online Shopping,1969,50,Chennai,Mobile,Wallet,105.28,0,0,0,23.330000000000013,1.2101053820097856,0,0,0,2,17,0,0.014209048,0
TXN106377,CUST12372,2025-08-21,03:30:15,79.88,Bill Payment,Healthcare,2291,28,Ahmedabad,Desktop,Debit Card,247.07,2,0,0,-167.19,0.3220058854355625,0,0,0,8,21,3,0.00054612866,0
TXN105938,CUST11375,2025-08-05,03:57:20,543.57,Purchase,Other,68,19,Chennai,Desktop,Debit Card,72.69,5,0,0,470.88000000000005,7.3764418509974226,0,0,1,8,5,1,0.013813411,0
TXN102520,CUST11277,2025-04-02,17:41:31,254.8,Purchase,Travel,2755,33,Kolkata,Mobile,UPI,124.37,2,0,0,130.43,2.0323841429369067,0,0,0,4,2,2,0.0012992059,0
TXN101319,CUST12263,2025-02-18,00:23:37,162.54,Purchase,Fuel,1355,67,Pune,ATM,Net Banking,130.36,1,0,0,32.17999999999998,1.2373629719853836,0,0,0,2,18,1,0.010887744,0
TXN103790,CUST11187,2025-05-18,23:16:30,789.09,Bill Payment,Restaurant,173,61,Bengaluru,Mobile,UPI,570.37,2,0,0,218.72000000000003,1.3810490575283967,0,0,0,5,18,6,0.00058301,0
TXN108801,CUST10729,2025-11-17,09:19:21,577.96,Purchase,Travel,799,71,Mumbai,Mobile,UPI,36.4,1,1,0,541.5600000000001,15.453475935828878,0,0,1,11,17,0,0.25722176,0
TXN100537,CUST11243,2025-01-20,13:10:12,61.73,Transfer,Online Shopping,3176,41,Nagpur,ATM,UPI,50.21,2,0,0,11.519999999999996,1.2054286272212458,0,0,0,1,20,0,0.018646108,0
TXN100623,CUST10384,2025-01-23,16:18:26,190.49,Withdrawal,Restaurant,2412,43,Jaipur,Desktop,Cash,395.19,2,0,0,-204.7,0.48080466442868325,0,0,0,1,23,3,0.00047565298,0
TXN107881,CUST11223,2025-10-14,21:31:48,54.75,Purchase,Entertainment,1991,44,Kolkata,Mobile,Net Banking,39.58,3,0,0,15.170000000000002,1.3491867915229176,0,0,0,10,14,1,0.0025219903,0
TXN107275,CUST11560,2025-09-22,20:04:32,75.52,Purchase,Utilities,2427,24,Chennai,Mobile,Cash,53.76,0,0,0,21.759999999999998,1.379108838568298,0,0,0,9,22,0,0.0020825872,0
TXN106856,CUST12451,2025-09-07,14:00:02,197.43,Purchase,Grocery,3523,60,Hyderabad,ATM,Cash,72.52,1,0,0,124.91000000000001,2.6853917301414585,0,0,0,9,7,6,0.0011982494,0
TXN100887,CUST11065,2025-02-02,06:57:38,152.62,Withdrawal,Restaurant,1994,68,Jaipur,Mobile,UPI,87.72,2,0,0,64.9,1.7202434625789,0,0,0,2,2,6,0.0021166883,0
TXN101648,CUST10477,2025-03-01,23:50:12,142.97,Purchase,Fuel,1532,42,Delhi,Mobile,Net Banking,83.4,1,0,0,59.56999999999999,1.6939573459715638,0,0,0,3,1,5,0.0027045733,0
TXN107078,CUST10596,2025-09-15,15:57:33,299.08,Bill Payment,Restaurant,1165,39,Pune,Mobile,UPI,30.42,1,0,0,268.65999999999997,9.518777848504136,0,0,1,9,15,0,0.004669203,0
TXN105432,CUST10063,2025-07-17,17:52:11,231.48,Transfer,Travel,3576,34,Delhi,Desktop,UPI,135.13,3,0,0,96.35,1.7004334092411666,0,0,0,7,17,3,0.002112216,0
TXN105416,CUST11019,2025-07-17,03:53:26,119.32,Transfer,Entertainment,1997,57,Nagpur,Mobile,Credit Card,164.36,4,0,0,-45.04000000000002,0.7215771649733913,0,0,0,7,17,3,0.0023409952,0
TXN103855,CUST11913,2025-05-21,08:03:53,236.71,Transfer,Entertainment,1050,35,Mumbai,Mobile,Net Banking,43.81,1,0,0,192.9,5.282526221825485,0,0,1,5,21,2,0.0049542133,0
TXN109307,CUST11284,2025-12-05,19:24:30,90.39,Transfer,Healthcare,1793,23,Mumbai,Tablet,Net Banking,270.87,3,0,0,-180.48000000000002,0.3324750800014713,0,0,0,12,5,4,0.009129532,0
TXN103159,CUST11739,2025-04-25,23:58:42,190.89,Withdrawal,Fuel,3355,57,Jaipur,Tablet,Cash,346.13,5,0,0,-155.24,0.5499092558983666,0,0,0,4,25,4,0.00063956314,0
TXN104084,CUST11722,2025-05-29,16:08:21,272.65,Transfer,Restaurant,123,19,Mumbai,Mobile,Net Banking,45.97,4,0,0,226.67999999999998,5.804769001490313,0,0,1,5,29,3,0.014532882,0
TXN101527,CUST12043,2025-02-25,14:07:14,432.09,Bill Payment,Electronics,525,68,Mumbai,Desktop,Debit Card,122.43,4,1,0,309.65999999999997,3.5006886494369276,0,0,1,2,25,1,0.03146336,0
TXN101324,CUST12030,2025-02-18,04:45:43,324.87,Purchase,Electronics,1929,41,Nagpur,Mobile,Debit Card,44.88,3,0,0,279.99,7.080863121185701,0,0,1,2,18,1,0.0008180065,0
TXN106575,CUST12042,2025-08-28,08:29:40,462.96,Purchase,Other,970,65,Jaipur,Mobile,Credit Card,15.03,3,0,0,447.93,28.880848409232687,0,0,1,8,28,3,0.0046459856,0
TXN107431,CUST11945,2025-09-28,12:22:15,31.73,Purchase,Restaurant,2262,38,Jaipur,Desktop,Credit Card,23.19,3,0,0,8.54,1.3116990491938818,0,0,0,9,28,6,0.003971934,0
TXN101743,CUST10128,2025-03-05,10:50:13,54.49,Transfer,Entertainment,2567,74,Delhi,Tablet,Credit Card,228.42,2,0,0,-173.92999999999998,0.23751198674919363,0,0,0,3,5,2,0.0008532416,0
TXN103947,CUST10528,2025-05-24,16:26:38,1903.83,Purchase,Travel,2137,42,Chennai,Mobile,Credit Card,95.19,0,0,0,1808.6399999999999,19.79239006133694,0,0,1,5,24,5,0.01097689,0
TXN106020,CUST11584,2025-08-08,03:35:52,1187.74,Deposit,Restaurant,3290,53,Hyderabad,Tablet,Credit Card,37.37,0,0,0,1150.3700000000001,30.954912692207458,0,0,1,8,8,4,0.0021279783,0
TXN102404,CUST10187,2025-03-29,12:20:39,211.11,Deposit,Utilities,1181,40,Pune,ATM,Credit Card,106.37,0,0,0,104.74000000000001,1.966191673651858,0,0,0,3,29,5,0.0036554171,0
TXN105176,CUST10390,2025-07-08,10:12:20,149.51,Purchase,Utilities,2034,71,Bengaluru,Mobile,Credit Card,154.85,0,0,0,-5.340000000000003,0.9593198588386269,0,0,0,7,8,1,0.003339182,0
TXN101624,CUST10403,2025-03-01,02:52:05,104.06,Deposit,Restaurant,2555,66,Delhi,ATM,Credit Card,36.74,4,0,0,67.32,2.7572866984631688,0,0,0,3,1,5,0.00042370133,0
TXN101225,CUST11466,2025-02-14,14:16:01,46.97,Withdrawal,Utilities,261,24,Pune,Mobile,Net Banking,97.38,0,0,0,-50.41,0.4774344378938809,0,0,0,2,14,4,0.0037247264,0
TXN100297,CUST10699,2025-01-11,19:29:06,178.02,Deposit,Electronics,709,39,Bengaluru,Tablet,Net Banking,53.7,1,0,0,124.32000000000001,3.2544789762340036,0,0,1,1,11,5,0.0012161181,0
TXN104851,CUST11810,2025-06-26,14:15:26,301.06,Transfer,Travel,1480,26,Bengaluru,Mobile,UPI,165.73,5,0,0,135.33,1.8056738439393032,0,0,0,6,26,3,0.0013062727,0
TXN106747,CUST11986,2025-09-03,14:46:07,150.03,Transfer,Electronics,3446,53,Nagpur,Mobile,Net Banking,258.99,5,0,0,-108.96000000000001,0.5770606561790838,0,0,0,9,3,2,0.0038567171,0
TXN101714,CUST11058,2025-03-04,09:30:00,21.7,Transfer,Utilities,1224,68,Chennai,Mobile,Debit Card,240.75,2,0,0,-219.05,0.08976215098241985,0,0,0,3,4,1,0.0012255517,0
TXN106358,CUST10164,2025-08-20,10:54:15,402.3,Transfer,Online Shopping,3526,22,Ahmedabad,Mobile,UPI,107.76,0,0,0,294.54,3.6989702096358954,0,0,1,8,20,2,0.0061521465,0
TXN102015,CUST12001,2025-03-15,08:28:48,254.96,Purchase,Grocery,338,33,Bengaluru,Desktop,Wallet,344.95,1,0,0,-89.98999999999998,0.7369851134557017,0,0,0,3,15,5,0.002031925,0
TXN109039,CUST12033,2025-11-26,01:15:36,15.95,Purchase,Healthcare,900,22,Pune,ATM,Credit Card,329.81,4,0,1,-313.86,0.04821498745503461,0,0,0,11,26,2,0.01859699,0
TXN100067,CUST11275,2025-01-03,10:32:13,134.94,Transfer,Restaurant,3289,33,Bengaluru,Tablet,Wallet,39.79,0,1,1,95.15,3.3081637656288305,0,0,1,1,3,4,0.7741776,1
TXN100011,CUST10130,2025-01-01,09:36:38,289.24,Transfer,Healthcare,1669,57,Kolkata,Mobile,Cash,251.53,2,0,0,37.71000000000001,1.1453688670652993,0,0,0,1,1,2,0.0021496417,0
TXN104747,CUST10124,2025-06-22,19:23:38,54.93,Purchase,Grocery,2940,61,Kolkata,Mobile,Debit Card,32.96,1,0,0,21.97,1.6174911660777385,0,0,0,6,22,6,0.00024664617,0
TXN104433,CUST10389,2025-06-11,09:03:21,67.67,Purchase,Grocery,365,64,Bengaluru,Desktop,Net Banking,103.1,2,0,0,-35.42999999999999,0.6500480307396734,0,0,0,6,11,2,0.0009067541,0
TXN107716,CUST10395,2025-10-08,21:22:18,50.18,Purchase,Travel,2024,30,Jaipur,Mobile,Cash,147.76,3,0,0,-97.57999999999998,0.33732186071524606,0,0,0,10,8,2,0.0008466084,0
TXN106145,CUST12104,2025-08-12,16:48:31,304.4,Deposit,Restaurant,756,73,Nagpur,Mobile,UPI,95.52,1,0,0,208.88,3.1537505180273517,0,0,1,8,12,1,0.0065100775,0
TXN107688,CUST10920,2025-10-07,20:54:30,103.67,Bill Payment,Travel,2204,33,Kolkata,Mobile,Cash,37.32,4,0,0,66.35,2.7053757828810023,0,0,0,10,7,1,0.00026235462,0
TXN107725,CUST12280,2025-10-09,05:14:05,162.25,Withdrawal,Electronics,140,66,Hyderabad,Mobile,Wallet,184.24,4,0,0,-21.99000000000001,0.8758907363420427,0,0,0,10,9,3,0.0013970481,0
TXN100614,CUST11802,2025-01-23,08:26:38,243.69,Transfer,Restaurant,374,19,Ahmedabad,Mobile,Credit Card,143.71,3,0,0,99.97999999999999,1.6839886669891506,0,0,0,1,23,3,0.006349506,0
TXN103467,CUST10946,2025-05-07,05:04:26,1076.86,Withdrawal,Healthcare,779,21,Kolkata,Tablet,Wallet,92.98,3,0,0,983.8799999999999,11.458395403277292,0,0,1,5,7,2,0.14925636,0
TXN108133,CUST10384,2025-10-24,01:41:57,54.43,Bill Payment,Electronics,3630,31,Mumbai,Desktop,Credit Card,82.88,3,0,0,-28.449999999999996,0.6489031950405342,0,0,0,10,24,4,0.0035793346,0
TXN100878,CUST12317,2025-02-01,23:05:51,75.12,Transfer,Travel,2584,20,Chennai,ATM,UPI,415.66,1,0,1,-340.54,0.18029088465415447,0,0,0,2,1,5,0.81271636,1
TXN108074,CUST11161,2025-10-21,22:09:06,123.71,Purchase,Online Shopping,3073,51,Pune,ATM,Wallet,32.73,3,0,0,90.97999999999999,3.6676549066113253,0,0,1,10,21,1,0.011002649,0
TXN109627,CUST10672,2025-12-17,10:59:17,493.22,Deposit,Online Shopping,2559,23,Jaipur,Mobile,Debit Card,164.93,4,0,0,328.29,2.9724582655336587,0,0,0,12,17,2,0.00047756606,0
TXN107873,CUST10551,2025-10-14,14:32:26,252.25,Bill Payment,Other,1021,46,Kolkata,Desktop,Cash,49.33,2,0,0,202.92000000000002,5.011921319292669,0,0,1,10,14,1,0.005548775,0
TXN104563,CUST11537,2025-06-16,02:38:07,206.99,Deposit,Online Shopping,1610,32,Delhi,Mobile,Cash,1026.13,3,0,0,-819.1400000000001,0.20152268943561183,0,0,0,6,16,0,0.00049609435,0
TXN102390,CUST11956,2025-03-29,00:06:46,875.51,Purchase,Restaurant,3293,25,Kolkata,Mobile,Net Banking,1324.42,5,0,0,-448.9100000000001,0.660552881350817,0,0,0,3,29,5,0.0012667364,0
TXN100227,CUST10452,2025-01-09,06:19:37,17.52,Deposit,Restaurant,249,19,Pune,Desktop,UPI,298.01,1,0,0,-280.49,0.05859335808166951,0,0,0,1,9,3,0.00960262,0
TXN109195,CUST12367,2025-12-01,17:33:19,53.89,Purchase,Utilities,3057,32,Bengaluru,Mobile,Credit Card,257.57,2,0,0,-203.68,0.2084155161078238,0,0,0,12,1,0,0.0024013014,0
TXN103126,CUST11590,2025-04-24,19:08:48,94.19,Purchase,Online Shopping,1519,61,Chennai,Desktop,UPI,91.54,4,0,0,2.6499999999999915,1.017830127512427,0,0,0,4,24,3,0.0010271334,0
TXN100418,CUST11348,2025-01-16,05:12:04,140.28,Deposit,Online Shopping,3290,61,Nagpur,Tablet,Credit Card,60.85,2,0,0,79.43,2.2680679062247373,0,0,0,1,16,3,0.00017686501,0
TXN107062,CUST11477,2025-09-15,01:58:48,106.1,Transfer,Other,2994,25,Ahmedabad,Mobile,Credit Card,125.24,3,0,0,-19.14,0.8404626108998733,0,0,0,9,15,0,0.008836261,0
TXN101346,CUST12375,2025-02-18,23:58:59,172.23,Transfer,Travel,1998,63,Hyderabad,Mobile,Credit Card,57.35,6,0,0,114.88,2.951670951156812,0,0,0,2,18,1,0.0011122576,0
TXN102166,CUST10435,2025-03-20,20:24:24,123.89,Bill Payment,Grocery,1939,51,Delhi,Mobile,Wallet,106.07,2,0,0,17.820000000000007,1.15709349024003,0,0,0,3,20,3,0.0016665006,0
TXN109255,CUST11040,2025-12-03,21:58:35,15.04,Bill Payment,Travel,3561,38,Hyderabad,Mobile,Wallet,961.66,3,0,0,-946.62,0.01562337689319178,0,0,0,12,3,2,0.0006324207,0
TXN100390,CUST11470,2025-01-15,04:44:17,976.44,Bill Payment,Grocery,1939,55,Ahmedabad,Mobile,Wallet,131.69,1,0,0,844.75,7.358806240108525,0,0,1,1,15,2,0.085284464,0
TXN107142,CUST11782,2025-09-17,23:52:30,100.28,Deposit,Grocery,1406,68,Bengaluru,Mobile,Cash,466.38,0,0,0,-366.1,0.21455774744319397,0,0,0,9,17,2,0.00077801524,0
TXN105640,CUST11223,2025-07-25,07:35:48,197.78,Purchase,Online Shopping,2952,30,Chennai,Mobile,Credit Card,117.23,3,0,0,80.55,1.6728410724858327,0,0,0,7,25,4,0.002008744,0
TXN103932,CUST10831,2025-05-24,03:20:19,262.0,Transfer,Travel,219,57,Nagpur,Desktop,Credit Card,667.79,2,0,0,-405.78999999999996,0.39175226902316124,0,0,0,5,24,5,0.0017006114,0
TXN102415,CUST10902,2025-03-29,21:57:17,434.59,Withdrawal,Healthcare,917,39,Chennai,Mobile,Credit Card,789.96,3,0,0,-355.37000000000006,0.54944624254071,0,0,0,3,29,5,0.00068362616,0
TXN107170,CUST11074,2025-09-19,00:20:18,182.36,Purchase,Entertainment,3287,52,Ahmedabad,Mobile,Net Banking,205.16,1,0,0,-22.799999999999983,0.8845556849049283,0,0,0,9,19,4,0.0021110454,0
TXN100319,CUST11705,2025-01-12,14:42:22,79.4,Withdrawal,Online Shopping,2564,34,Delhi,Desktop,Credit Card,120.68,3,0,0,-41.28,0.6525312294543064,0,0,0,1,12,6,0.0029159216,0
TXN100498,CUST11156,2025-01-19,03:05:46,377.33,Purchase,Travel,1055,57,Ahmedabad,ATM,Debit Card,118.28,1,0,0,259.04999999999995,3.1633970489604293,0,0,1,1,19,6,0.0034310124,0
TXN106469,CUST11396,2025-08-24,11:53:00,327.51,Purchase,Utilities,2127,30,Hyderabad,Mobile,Cash,297.85,0,0,0,29.659999999999968,1.09590095365568,0,0,0,8,24,6,0.035114612,0
TXN108752,CUST10794,2025-11-15,14:30:42,16.78,Purchase,Utilities,2355,46,Kolkata,Mobile,Net Banking,40.27,2,0,0,-23.490000000000002,0.4065907438817543,0,0,0,11,15,5,0.00062770175,0
TXN107052,CUST11645,2025-09-14,17:14:35,87.62,Purchase,Online Shopping,2161,70,Ahmedabad,Mobile,Credit Card,115.42,4,0,0,-27.799999999999997,0.7526198247723759,0,0,0,9,14,6,0.009373541,0
TXN107449,CUST10904,2025-09-29,04:05:49,106.43,Withdrawal,Healthcare,2152,49,Nagpur,Mobile,UPI,272.52,1,0,0,-166.08999999999997,0.3891123135419714,0,0,0,9,29,0,0.0004896622,0
TXN101130,CUST10645,2025-02-11,03:16:00,802.38,Bill Payment,Healthcare,552,55,Nagpur,Mobile,Cash,254.42,2,1,0,547.96,3.1414141414141414,0,0,1,2,11,1,0.039907012,0
TXN100985,CUST12291,2025-02-05,20:34:55,253.23,Withdrawal,Restaurant,2525,26,Nagpur,Desktop,UPI,107.45,0,0,0,145.77999999999997,2.3349930843706774,0,0,0,2,5,2,0.00049037684,0
TXN105266,CUST12411,2025-07-11,16:50:15,2405.0,Purchase,Electronics,114,49,Mumbai,Mobile,Debit Card,122.98,1,0,0,2282.02,19.39829004678174,0,0,1,7,11,4,0.003352397,0
TXN107215,CUST11238,2025-09-20,15:39:15,289.1,Purchase,Restaurant,1336,31,Hyderabad,ATM,Cash,67.59,2,0,0,221.51000000000002,4.2149001312144625,0,0,1,9,20,5,0.0045558345,0
TXN108701,CUST10491,2025-11-13,17:57:13,496.63,Withdrawal,Utilities,824,68,Jaipur,Mobile,Wallet,97.05,2,0,1,399.58,5.065068842427333,0,0,1,11,13,3,0.017804105,0
TXN106915,CUST12083,2025-09-09,17:32:53,578.73,Purchase,Restaurant,2484,58,Nagpur,ATM,UPI,393.1,3,0,0,185.63,1.4684851560517636,0,0,0,9,9,1,0.0015721336,0
TXN101047,CUST10799,2025-02-08,02:45:02,997.6,Purchase,Restaurant,3164,22,Chennai,Desktop,UPI,281.79,4,0,0,715.81,3.527706071643269,0,0,1,2,8,5,0.006660947,0
TXN107447,CUST12165,2025-09-29,02:20:59,396.1,Purchase,Grocery,1519,31,Hyderabad,Mobile,Wallet,45.91,2,0,0,350.19000000000005,8.443828607972716,0,0,1,9,29,0,0.013372872,0
TXN105101,CUST11802,2025-07-05,16:40:45,93.33,Transfer,Utilities,1167,28,Jaipur,Mobile,Wallet,123.51,4,0,0,-30.180000000000007,0.7495783471207131,0,0,0,7,5,5,0.050192058,0
TXN105174,CUST10649,2025-07-08,08:27:30,227.6,Transfer,Entertainment,462,23,Ahmedabad,ATM,Cash,49.9,3,1,1,177.7,4.471512770137524,0,0,1,7,8,1,0.986384,1
TXN100555,CUST11140,2025-01-21,04:53:47,46.11,Purchase,Healthcare,1203,19,Nagpur,Desktop,Debit Card,66.04,3,0,0,-19.930000000000007,0.6877983293556085,0,0,0,1,21,1,0.002101601,0
TXN100573,CUST11166,2025-01-21,20:37:22,43.91,Purchase,Grocery,2784,52,Nagpur,ATM,Credit Card,45.36,3,0,0,-1.4500000000000028,0.9471527178602243,0,0,0,1,21,1,0.0019509596,0
TXN102200,CUST10769,2025-03-22,02:06:43,169.08,Transfer,Electronics,119,33,Kolkata,ATM,Credit Card,249.47,3,1,1,-80.38999999999999,0.6750509042999162,0,0,0,3,22,5,0.9849221,1
TXN108175,CUST10797,2025-10-25,14:23:39,60.39,Bill Payment,Other,488,68,Chennai,ATM,Debit Card,100.36,2,0,0,-39.97,0.5957971586424625,0,0,0,10,25,5,0.0060572433,0
TXN100247,CUST11884,2025-01-09,23:48:02,478.61,Purchase,Other,2853,27,Kolkata,Desktop,Cash,414.4,3,0,0,64.21000000000004,1.152166586422725,0,0,0,1,9,3,0.003815728,0
TXN109122,CUST10798,2025-11-29,01:46:34,126.49,Transfer,Online Shopping,670,53,Hyderabad,Tablet,Net Banking,311.95,1,0,0,-185.45999999999998,0.40418597220003194,0,0,0,11,29,5,0.0028230746,0
TXN101283,CUST12041,2025-02-16,16:56:27,28.15,Transfer,Electronics,70,62,Pune,Desktop,UPI,336.41,0,0,0,-308.26000000000005,0.08342965531549153,0,0,0,2,16,6,0.0011936119,0
TXN103187,CUST12224,2025-04-27,00:26:29,487.6,Purchase,Other,1152,45,Ahmedabad,ATM,Debit Card,374.19,0,1,1,113.41000000000003,1.2996081985127537,0,0,0,4,27,6,0.9740006,1
TXN104023,CUST10219,2025-05-27,10:50:39,163.31,Purchase,Travel,2601,72,Ahmedabad,Desktop,UPI,250.53,2,0,0,-87.22,0.6492664890867889,0,0,0,5,27,1,0.0040935716,0
TXN101033,CUST11500,2025-02-07,14:31:08,52.46,Purchase,Grocery,822,41,Pune,Mobile,Wallet,71.12,6,0,0,-18.660000000000004,0.7273987798114254,0,0,0,2,7,4,0.009264875,0
TXN107432,CUST10083,2025-09-28,13:14:40,469.1,Withdrawal,Electronics,394,18,Mumbai,Desktop,Wallet,25.48,2,0,0,443.62,17.71525679758308,0,0,1,9,28,6,0.26935992,0
TXN106505,CUST11388,2025-08-25,19:20:10,365.0,Transfer,Other,534,25,Bengaluru,ATM,Cash,196.35,0,0,0,168.65,1.8495059538890297,0,0,0,8,25,0,0.015377336,0
TXN102603,CUST11241,2025-04-05,18:12:29,350.42,Transfer,Entertainment,758,67,Ahmedabad,Desktop,Wallet,637.35,2,0,0,-286.93,0.5489465027022793,0,0,0,4,5,5,0.008110258,0
TXN104284,CUST10225,2025-06-05,22:52:36,49.64,Withdrawal,Online Shopping,2861,45,Ahmedabad,Mobile,UPI,143.76,3,0,0,-94.11999999999999,0.342912406742194,0,0,0,6,5,3,0.0008497661,0
TXN106608,CUST12371,2025-08-29,13:19:34,229.25,Transfer,Utilities,2360,50,Hyderabad,Mobile,UPI,60.64,2,0,0,168.61,3.7191758598312785,0,0,1,8,29,4,0.0012481302,0
TXN101985,CUST12010,2025-03-14,06:16:09,372.78,Purchase,Other,2781,75,Hyderabad,Mobile,Credit Card,105.12,3,0,0,267.65999999999997,3.512815680361854,0,0,1,3,14,4,0.0005742931,0
TXN103173,CUST10888,2025-04-26,12:12:36,31.56,Purchase,Travel,3416,63,Jaipur,Mobile,Credit Card,277.11,0,0,0,-245.55,0.11348027758800473,0,0,0,4,26,5,0.00037459165,0
TXN100327,CUST10035,2025-01-12,21:41:44,1396.86,Purchase,Electronics,1095,55,Hyderabad,Mobile,Cash,21.23,2,0,0,1375.6299999999999,62.83670715249662,0,0,1,1,12,6,0.0037797056,0
TXN107261,CUST11366,2025-09-22,07:50:38,110.87,Withdrawal,Fuel,1983,38,Nagpur,Desktop,UPI,244.27,2,0,0,-133.4,0.4520324540302524,0,0,0,9,22,0,0.0012560065,0
TXN101064,CUST11287,2025-02-08,17:36:12,111.29,Transfer,Restaurant,503,46,Hyderabad,Desktop,Credit Card,246.21,1,0,0,-134.92000000000002,0.45018405404312123,0,0,0,2,8,5,0.008114375,0
TXN109644,CUST10493,2025-12-18,01:50:27,91.27,Purchase,Entertainment,3149,62,Pune,Mobile,Wallet,161.3,2,0,0,-70.03000000000002,0.5623536660505236,0,0,0,12,18,3,0.000809695,0
TXN102052,CUST12392,2025-03-16,16:48:23,17.85,Bill Payment,Electronics,1788,38,Hyderabad,Mobile,UPI,444.47,1,0,0,-426.62,0.040070038386423326,0,0,0,3,16,6,0.0010351898,0
TXN107567,CUST10834,2025-10-03,11:11:32,325.77,Bill Payment,Fuel,792,57,Chennai,Desktop,Wallet,272.67,3,0,0,53.099999999999966,1.1903752694851462,0,0,0,10,3,4,0.004544787,0
TXN100423,CUST10496,2025-01-16,09:34:11,39.21,Transfer,Utilities,548,39,Jaipur,Mobile,Debit Card,79.12,3,0,0,-39.910000000000004,0.48939091362955567,0,0,0,1,16,3,0.005528473,0
TXN100063,CUST10995,2025-01-03,07:02:32,152.23,Deposit,Electronics,360,73,Nagpur,ATM,UPI,638.25,1,1,1,-486.02,0.23813844348846303,0,0,0,1,3,4,0.97364545,1
TXN106543,CUST12456,2025-08-27,04:32:11,272.31,Purchase,Restaurant,167,40,Ahmedabad,Desktop,Wallet,122.76,4,1,0,149.55,2.200307045895281,0,0,0,8,27,2,0.062427796,0
TXN106000,CUST10143,2025-08-07,10:07:27,112.32,Transfer,Healthcare,1146,29,Delhi,Mobile,Credit Card,41.5,1,0,0,70.82,2.6428235294117646,0,0,0,8,7,3,0.0028720063,0
TXN105705,CUST12381,2025-07-27,16:23:11,544.3,Purchase,Restaurant,693,23,Jaipur,Desktop,Credit Card,78.34,2,1,0,465.9599999999999,6.860347869926896,0,0,1,7,27,6,0.43852213,0
TXN109135,CUST11777,2025-11-29,13:08:02,130.54,Purchase,Travel,2328,62,Bengaluru,Mobile,Net Banking,20.94,6,0,0,109.6,5.949863263445761,0,0,1,11,29,5,0.0005935834,0
TXN102221,CUST11748,2025-03-22,20:27:34,282.72,Bill Payment,Entertainment,1202,70,Mumbai,Mobile,UPI,44.04,0,0,0,238.68000000000004,6.27708703374778,0,0,1,3,22,5,0.0039671343,0
TXN109058,CUST12498,2025-11-26,17:51:36,53.89,Purchase,Electronics,1219,49,Kolkata,Mobile,Credit Card,38.7,3,0,0,15.189999999999998,1.3574307304785893,0,0,0,11,26,2,0.0019072391,0
TXN103141,CUST11587,2025-04-25,08:15:07,245.86,Purchase,Fuel,764,36,Chennai,Tablet,UPI,55.24,2,0,0,190.62,4.371621621621622,0,0,1,4,25,4,0.0016460606,0
TXN103843,CUST10802,2025-05-20,21:34:50,44.59,Transfer,Entertainment,3317,23,Mumbai,Mobile,Wallet,57.94,5,0,0,-13.349999999999994,0.7565320665083136,0,0,0,5,20,1,0.034198668,0
TXN109182,CUST11060,2025-12-01,06:11:50,1891.83,Deposit,Entertainment,1078,46,Bengaluru,Mobile,Credit Card,247.58,3,1,1,1644.25,7.61054791214096,0,0,1,12,1,0,0.86927867,1
TXN100562,CUST11172,2025-01-21,11:00:44,59.84,Transfer,Fuel,1971,40,Nagpur,Mobile,Debit Card,74.18,2,0,0,-14.340000000000003,0.7959563713753658,0,0,0,1,21,1,0.003536002,0
TXN104415,CUST12187,2025-06-10,17:19:47,297.45,Deposit,Grocery,3341,64,Pune,Desktop,Wallet,214.59,2,0,0,82.85999999999999,1.3797022125330487,0,0,0,6,10,1,0.00058025704,0
TXN103309,CUST11249,2025-05-01,11:01:53,29.67,Purchase,Travel,1921,59,Ahmedabad,Mobile,Credit Card,562.8,4,0,0,-533.13,0.052625044341965244,0,0,0,5,1,3,0.00034370364,0
TXN101132,CUST10167,2025-02-11,05:00:50,131.3,Purchase,Travel,1407,68,Delhi,Mobile,Credit Card,227.78,4,0,0,-96.47999999999999,0.5739138036541657,0,0,0,2,11,1,0.0003941724,0
TXN101465,CUST10020,2025-02-23,07:57:07,37.07,Purchase,Healthcare,212,38,Pune,Tablet,UPI,416.27,3,0,0,-379.2,0.08883936060584274,0,0,0,2,23,6,0.015290967,0
TXN104120,CUST11231,2025-05-30,23:35:31,88.59,Purchase,Electronics,479,75,Bengaluru,Mobile,Cash,219.4,4,0,0,-130.81,0.401950998185118,0,0,0,5,30,4,0.007157955,0
TXN101474,CUST10933,2025-02-23,15:48:54,970.55,Purchase,Restaurant,922,52,Nagpur,Mobile,Net Banking,21.48,0,0,0,949.0699999999999,43.17393238434163,0,0,1,2,23,6,0.0053849355,0
TXN104350,CUST11791,2025-06-08,08:32:24,428.62,Purchase,Grocery,712,70,Delhi,Tablet,Credit Card,46.78,3,0,0,381.84000000000003,8.97069903725408,0,0,1,6,8,6,0.0028416312,0
TXN108005,CUST10750,2025-10-19,09:52:02,302.38,Bill Payment,Fuel,1146,70,Ahmedabad,Desktop,Debit Card,77.92,3,0,0,224.45999999999998,3.8314749113025846,0,0,1,10,19,6,0.0044860034,0
TXN105469,CUST10296,2025-07-19,02:11:46,76.61,Purchase,Travel,3214,51,Pune,ATM,Cash,228.18,1,0,0,-151.57,0.33427873287372367,0,0,0,7,19,5,0.00096237526,0
TXN103099,CUST11381,2025-04-23,19:33:25,1056.69,Transfer,Other,3144,19,Delhi,Tablet,UPI,82.35,1,0,0,974.34,12.67774445110978,0,0,1,4,23,2,0.13283175,0
TXN102515,CUST12105,2025-04-02,13:19:25,183.02,Transfer,Travel,3595,72,Pune,Desktop,Debit Card,198.46,3,0,0,-15.439999999999998,0.9175774591396771,0,0,0,4,2,2,0.0028085033,0
TXN104187,CUST11610,2025-06-02,10:07:44,655.39,Bill Payment,Travel,2857,59,Ahmedabad,Mobile,Cash,44.48,2,1,0,610.91,14.410510114335972,0,0,1,6,2,0,0.25616357,0
TXN106226,CUST11227,2025-08-15,15:34:39,184.85,Transfer,Electronics,872,21,Ahmedabad,ATM,Debit Card,178.67,4,0,1,6.180000000000007,1.028830633940001,0,0,0,8,15,4,0.9460596,1
TXN105427,CUST11944,2025-07-17,13:30:04,15.42,Withdrawal,Healthcare,1238,48,Nagpur,Mobile,Cash,65.36,3,0,0,-49.94,0.23236889692585896,0,0,0,7,17,3,0.0006114146,0
TXN105521,CUST10955,2025-07-20,23:37:40,302.3,Withdrawal,Utilities,419,33,Hyderabad,Mobile,UPI,310.67,3,0,0,-8.370000000000005,0.9699361504155035,0,0,0,7,20,6,0.0036593806,0
TXN109002,CUST11194,2025-11-24,16:56:01,61.2,Bill Payment,Restaurant,2532,66,Chennai,Mobile,UPI,60.14,2,0,0,1.0600000000000023,1.000981354268891,0,0,0,11,24,0,0.0047438648,0
TXN100923,CUST12336,2025-02-03,14:24:48,22.9,Purchase,Utilities,1766,36,Hyderabad,ATM,Net Banking,42.21,1,0,0,-19.310000000000002,0.5299699143716732,0,0,0,2,3,0,0.005652916,0
TXN102551,CUST11649,2025-04-03,20:46:35,428.32,Purchase,Electronics,3622,69,Nagpur,Desktop,Wallet,69.6,3,0,0,358.72,6.066855524079321,0,0,1,4,3,3,0.005398831,0
TXN108353,CUST10395,2025-11-01,01:54:38,115.54,Bill Payment,Other,3148,73,Ahmedabad,Desktop,Credit Card,28.19,2,0,0,87.35000000000001,3.958204864679685,0,0,1,11,1,5,0.0010564236,0
TXN109511,CUST10702,2025-12-13,05:38:26,282.87,Transfer,Grocery,970,38,Jaipur,Mobile,UPI,248.36,3,0,0,34.50999999999999,1.1343840230991338,0,0,0,12,13,5,0.014940951,0
TXN101155,CUST10097,2025-02-12,01:06:32,71.56,Purchase,Restaurant,1855,54,Nagpur,Mobile,Cash,875.58,1,0,0,-804.02,0.08163544685025896,0,0,0,2,12,2,0.00026739688,0
TXN100107,CUST10960,2025-01-04,21:29:04,317.77,Transfer,Fuel,2254,57,Nagpur,ATM,Debit Card,172.54,1,0,0,145.23,1.831105220698398,0,0,0,1,4,5,0.008423434,0
TXN107403,CUST12335,2025-09-27,11:54:27,382.9,Purchase,Electronics,424,69,Kolkata,Mobile,Debit Card,442.39,2,0,0,-59.49000000000001,0.8635738289090867,0,0,0,9,27,5,0.001274157,0
TXN101686,CUST12180,2025-03-03,09:02:12,75.84,Purchase,Online Shopping,1452,34,Chennai,Desktop,Cash,307.64,0,0,0,-231.79999999999998,0.24572317262830484,0,0,0,3,3,0,0.00053048827,0
TXN103601,CUST10758,2025-05-12,02:08:53,162.71,Deposit,Healthcare,1169,46,Mumbai,ATM,Debit Card,132.43,3,0,0,30.28,1.219440905343626,0,0,0,5,12,0,0.012720689,0
TXN103239,CUST11196,2025-04-28,21:52:24,228.14,Purchase,Restaurant,1776,62,Pune,Mobile,Cash,78.22,1,0,0,149.92,2.8798283261802573,0,0,0,4,28,0,0.0009000452,0
TXN109758,CUST10011,2025-12-22,05:26:28,45.13,Transfer,Healthcare,1407,40,Mumbai,Desktop,Net Banking,423.11,2,0,0,-377.98,0.10641107259908986,0,0,0,12,22,0,0.002330005,0
TXN101936,CUST10066,2025-03-12,11:27:31,157.11,Bill Payment,Fuel,2674,22,Kolkata,Mobile,Wallet,86.19,4,0,0,70.92000000000002,1.8019268264709258,0,0,0,3,12,2,0.0012506049,0
TXN104303,CUST10446,2025-06-06,15:28:36,263.67,Transfer,Travel,3598,29,Kolkata,Mobile,Cash,392.31,2,0,0,-128.64,0.6703872263608859,0,0,0,6,6,4,0.03265739,0
TXN101787,CUST10821,2025-03-07,01:16:45,121.8,Withdrawal,Utilities,2921,75,Pune,Mobile,Wallet,211.46,0,0,0,-89.66000000000001,0.5732843829426715,0,0,0,3,7,4,0.0021170317,0
TXN100154,CUST11257,2025-01-06,14:32:52,79.18,Purchase,Fuel,1427,40,Bengaluru,Mobile,Cash,80.37,3,0,0,-1.1899999999999977,0.9730859038957848,0,0,0,1,6,0,0.00035565352,0
TXN108548,CUST12191,2025-11-08,04:16:46,251.1,Deposit,Grocery,3462,65,Jaipur,Mobile,Debit Card,453.45,3,0,0,-202.35,0.552536032566839,0,0,0,11,8,5,0.0002568842,0
TXN109653,CUST10549,2025-12-18,09:42:15,47.05,Transfer,Electronics,2769,23,Bengaluru,Mobile,Debit Card,264.17,1,0,0,-217.12,0.1774333446468303,0,0,0,12,18,3,0.000949171,0
TXN109081,CUST11502,2025-11-27,13:57:17,273.48,Purchase,Online Shopping,1747,23,Jaipur,Mobile,Credit Card,228.35,6,0,0,45.130000000000024,1.19241334205363,0,0,0,11,27,3,0.0038989426,0
TXN100549,CUST10504,2025-01-20,23:39:15,194.12,Purchase,Travel,2314,20,Pune,Mobile,UPI,13.61,1,0,0,180.51,13.286789869952088,0,0,1,1,20,0,0.003039066,0
TXN106232,CUST11420,2025-08-15,20:49:10,189.49,Purchase,Healthcare,2333,60,Delhi,Mobile,Credit Card,75.5,1,0,0,113.99000000000001,2.4769934640522875,0,0,0,8,15,4,0.0005515702,0
TXN107184,CUST10834,2025-09-19,12:34:12,607.24,Withdrawal,Fuel,2128,51,Ahmedabad,Mobile,Cash,86.35,2,0,0,520.89,6.951803091013166,0,0,1,9,19,4,0.0016083294,0
TXN107788,CUST10165,2025-10-11,12:16:38,207.98,Purchase,Healthcare,2079,33,Delhi,Mobile,Credit Card,694.59,4,1,0,-486.61,0.29899797294383185,0,0,0,10,11,5,0.003923321,0
TXN103629,CUST10463,2025-05-13,02:36:41,738.12,Bill Payment,Travel,2167,50,Ahmedabad,Desktop,UPI,95.94,2,0,0,642.1800000000001,7.614194347018775,0,0,1,5,13,1,0.0022639418,0
TXN107655,CUST10560,2025-10-06,16:04:36,565.64,Purchase,Grocery,2652,28,Chennai,Mobile,Debit Card,226.02,2,0,0,339.62,2.4915866443485153,0,0,0,10,6,0,0.0003055021,0
TXN102276,CUST11923,2025-03-24,20:30:44,184.24,Purchase,Travel,1977,35,Jaipur,Mobile,Debit Card,46.6,3,0,0,137.64000000000001,3.8705882352941177,0,0,1,3,24,0,0.00022321513,0
TXN104070,CUST10203,2025-05-29,03:54:27,206.85,Bill Payment,Travel,2615,18,Delhi,Mobile,UPI,521.48,3,0,0,-314.63,0.3959003215434083,0,0,0,5,29,3,0.0007139573,0
TXN106112,CUST11135,2025-08-11,11:58:37,188.78,Purchase,Online Shopping,2393,56,Mumbai,Mobile,UPI,48.05,4,0,0,140.73000000000002,3.848725790010194,0,0,1,8,11,0,0.0021012672,0
TXN104029,CUST10803,2025-05-27,16:05:11,71.48,Deposit,Healthcare,2799,29,Mumbai,Mobile,Net Banking,62.94,2,0,0,8.540000000000006,1.1179230528620583,0,0,0,5,27,1,0.0023259139,0
TXN105664,CUST12256,2025-07-26,04:33:54,348.59,Withdrawal,Online Shopping,2610,69,Nagpur,Mobile,Wallet,106.51,6,0,0,242.07999999999998,3.24239605618082,0,0,1,7,26,5,0.0046527134,0
TXN106177,CUST12305,2025-08-13,20:46:00,144.04,Purchase,Other,617,49,Delhi,Mobile,Net Banking,288.53,0,0,0,-144.48999999999998,0.497495941698615,0,0,0,8,13,2,0.020577816,0
TXN105642,CUST10707,2025-07-25,09:20:38,654.68,Withdrawal,Online Shopping,3563,47,Hyderabad,Mobile,Debit Card,54.31,1,0,0,600.3699999999999,11.836557584523593,0,0,1,7,25,4,0.001772594,0
TXN100372,CUST11369,2025-01-14,13:00:42,382.85,Withdrawal,Travel,758,66,Ahmedabad,ATM,Cash,142.35,2,0,0,240.50000000000003,2.6707359609347754,0,0,0,1,14,1,0.0014550699,0
TXN108951,CUST11848,2025-11-22,20:22:32,178.98,Purchase,Utilities,1299,70,Kolkata,Mobile,Cash,167.63,4,1,0,11.349999999999994,1.0613769791851984,0,0,0,11,22,5,0.010758786,0
TXN108761,CUST11403,2025-11-15,22:22:30,43.62,Deposit,Utilities,2364,57,Nagpur,Desktop,UPI,553.96,2,0,0,-510.34000000000003,0.07860025947816057,0,0,0,11,15,5,0.00052705576,0
TXN105905,CUST11705,2025-08-03,23:07:26,152.61,Purchase,Other,1234,50,Nagpur,Mobile,Credit Card,37.24,2,0,0,115.37,3.9908472803347284,0,0,1,8,3,6,0.0019264387,0
TXN105043,CUST10836,2025-07-03,14:00:19,822.47,Bill Payment,Travel,422,43,Delhi,Mobile,Credit Card,164.4,0,0,0,658.07,4.97261185006046,0,0,1,7,3,3,0.0061255475,0
TXN105786,CUST11641,2025-07-30,15:09:18,377.97,Transfer,Utilities,2705,43,Nagpur,Mobile,Debit Card,106.42,1,0,0,271.55,3.518618506795755,0,0,1,7,30,2,0.0016844837,0
TXN105548,CUST10520,2025-07-21,23:13:03,1463.49,Transfer,Other,938,63,Bengaluru,Mobile,Wallet,59.56,4,0,1,1403.93,24.165951122853368,0,0,1,7,21,0,0.9126829,1
TXN103077,CUST10018,2025-04-23,00:20:09,797.42,Purchase,Entertainment,2755,20,Pune,Desktop,Cash,175.43,4,0,0,621.99,4.519752876494927,0,0,1,4,23,2,0.0031116311,0
TXN103414,CUST10136,2025-05-05,06:46:07,414.74,Transfer,Fuel,2753,25,Bengaluru,Mobile,Net Banking,86.96,1,0,0,327.78000000000003,4.715097771714416,0,0,1,5,5,0,0.0068061845,0
TXN109507,CUST10159,2025-12-13,02:08:44,191.98,Transfer,Travel,2671,27,Chennai,ATM,Cash,209.91,4,0,0,-17.930000000000007,0.9102460765255321,0,0,0,12,13,5,0.05622323,0
TXN109722,CUST10275,2025-12-20,21:59:18,351.84,Purchase,Restaurant,1616,58,Pune,Mobile,Debit Card,90.04,2,0,0,261.79999999999995,3.864674868189806,0,0,1,12,20,5,0.0005828433,0
TXN101777,CUST10493,2025-03-06,16:32:32,243.46,Purchase,Healthcare,82,59,Ahmedabad,Mobile,Net Banking,383.1,0,0,0,-139.64000000000001,0.6338453527727155,0,0,0,3,6,3,0.007983277,0
TXN100824,CUST11668,2025-01-30,23:55:06,129.47,Purchase,Travel,2236,20,Delhi,Mobile,Net Banking,177.64,1,0,0,-48.16999999999999,0.7247536945812808,0,0,0,1,30,3,0.0019206364,0
TXN108326,CUST12070,2025-10-31,02:19:15,72.61,Transfer,Fuel,1959,65,Mumbai,ATM,UPI,294.87,7,0,1,-222.26,0.24541183627944704,0,1,0,10,31,4,0.2524026,0
TXN104513,CUST10128,2025-06-14,06:57:03,1009.66,Transfer,Other,1526,21,Mumbai,Tablet,Wallet,297.37,0,0,0,712.29,3.3839192948352714,0,0,1,6,14,5,0.3501952,0
TXN105993,CUST11069,2025-08-07,04:00:30,41.69,Purchase,Utilities,323,22,Jaipur,Mobile,Debit Card,220.9,4,0,0,-179.21,0.1878774222622803,0,0,0,8,7,3,0.0072478754,0
TXN102351,CUST11326,2025-03-27,14:02:20,17.12,Purchase,Other,528,24,Jaipur,Desktop,Credit Card,33.04,5,1,0,-15.919999999999998,0.5029377203290247,0,0,0,3,27,3,0.022813486,0
TXN105510,CUST10044,2025-07-20,14:01:02,254.3,Bill Payment,Entertainment,2346,36,Delhi,Mobile,UPI,20.65,2,1,0,233.65,11.745958429561203,0,0,1,7,20,6,0.016097134,0
TXN108939,CUST11980,2025-11-22,09:53:29,22.96,Transfer,Restaurant,2231,19,Hyderabad,Mobile,Wallet,87.68,4,0,0,-64.72,0.2589084348218313,0,0,0,11,22,5,0.0037239601,0
TXN109723,CUST11004,2025-12-20,22:51:44,419.86,Purchase,Travel,2597,22,Bengaluru,Desktop,Wallet,161.3,2,1,1,258.56,2.5869377695625384,0,0,0,12,20,5,0.38744554,0
TXN103886,CUST10449,2025-05-22,11:08:56,390.49,Transfer,Entertainment,2839,30,Bengaluru,Mobile,Net Banking,330.63,1,0,0,59.860000000000014,1.1774869583572054,0,0,0,5,22,3,0.04230043,0
TXN101555,CUST10142,2025-02-26,14:35:01,39.17,Bill Payment,Entertainment,670,31,Hyderabad,Mobile,Net Banking,155.57,2,0,0,-116.39999999999999,0.25017564028868877,0,0,0,2,26,2,0.0072318497,0
TXN101660,CUST10380,2025-03-02,10:19:15,27.76,Purchase,Utilities,2072,36,Jaipur,Mobile,Cash,169.34,0,0,0,-141.58,0.16296818128448984,0,0,0,3,2,6,0.007200701,0
TXN101448,CUST12126,2025-02-22,17:05:57,25.06,Transfer,Grocery,1276,28,Jaipur,Mobile,Cash,127.31,6,0,0,-102.25,0.19530823786142934,0,0,0,2,22,5,0.017321078,0
TXN101326,CUST10579,2025-02-18,06:30:34,824.46,Transfer,Grocery,1031,41,Delhi,Mobile,Credit Card,94.14,1,0,0,730.32,8.665755728400253,0,0,1,2,18,1,0.026956294,0
TXN105743,CUST11445,2025-07-29,01:35:11,714.41,Withdrawal,Electronics,174,72,Jaipur,ATM,Net Banking,780.31,4,0,0,-65.89999999999998,0.9143745760325607,0,0,0,7,29,1,0.008795959,0
TXN109563,CUST10727,2025-12-15,03:04:20,607.55,Purchase,Travel,1049,21,Jaipur,Desktop,Credit Card,70.14,4,0,0,537.41,8.540202417767782,0,0,1,12,15,0,0.011403192,0
TXN107566,CUST10871,2025-10-03,10:19:07,125.44,Purchase,Travel,1062,49,Hyderabad,Desktop,Credit Card,204.15,1,0,0,-78.71000000000001,0.611455032902754,0,0,0,10,3,4,0.0012726507,0
TXN104424,CUST10882,2025-06-11,01:11:34,109.65,Purchase,Utilities,100,26,Chennai,Mobile,UPI,141.85,2,0,0,-32.19999999999999,0.7675883794189711,0,0,0,6,11,2,0.0016599052,0
TXN102721,CUST11492,2025-04-10,01:18:11,184.32,Purchase,Grocery,64,55,Delhi,ATM,Cash,215.58,3,0,0,-31.26000000000002,0.8510481115523132,0,0,0,4,10,3,0.0010252148,0
TXN108236,CUST12235,2025-10-27,19:41:21,427.31,Purchase,Other,509,26,Delhi,Mobile,Cash,135.48,1,0,0,291.83000000000004,3.1309349355216884,0,0,1,10,27,0,0.0014136927,0
TXN106897,CUST11062,2025-09-09,01:49:18,241.41,Transfer,Healthcare,3262,71,Kolkata,Mobile,Cash,91.36,2,0,0,150.05,2.613793850151581,0,0,0,9,9,1,0.0008410856,0
TXN106756,CUST10229,2025-09-03,22:37:54,521.13,Withdrawal,Entertainment,2549,54,Bengaluru,Desktop,Net Banking,155.66,1,0,0,365.47,3.326503255457679,0,0,1,9,3,2,0.0010386489,0
TXN109650,CUST10658,2025-12-18,07:04:59,700.4,Bill Payment,Restaurant,2670,65,Pune,Tablet,Net Banking,53.9,1,0,0,646.5,12.757741347905283,0,0,1,12,18,3,0.001426514,0
TXN104986,CUST12039,2025-07-01,12:12:18,48.4,Purchase,Other,2094,22,Pune,Mobile,Debit Card,167.93,2,0,0,-119.53,0.28650920499615223,0,0,0,7,1,1,0.0012276296,0
TXN102581,CUST12400,2025-04-04,22:59:13,343.02,Bill Payment,Utilities,313,18,Pune,Mobile,UPI,19.42,1,0,0,323.59999999999997,16.798237022526934,0,0,1,4,4,4,0.0053793783,0
TXN100012,CUST11685,2025-01-01,10:29:03,417.91,Purchase,Grocery,2522,52,Mumbai,Mobile,Credit Card,167.23,1,0,0,250.68000000000004,2.484158592403258,0,0,0,1,1,2,0.00042365023,0
TXN109969,CUST12065,2025-12-29,21:47:21,349.98,Withdrawal,Online Shopping,752,30,Jaipur,Mobile,Credit Card,43.02,3,0,0,306.96000000000004,7.950477055883689,0,0,1,12,29,0,0.0019962357,0
TXN105311,CUST12169,2025-07-13,08:09:13,403.23,Purchase,Healthcare,1469,71,Bengaluru,Mobile,Cash,51.42,5,0,0,351.81,7.692293017932087,0,0,1,7,13,6,0.007831798,0
TXN104439,CUST10498,2025-06-11,14:17:53,108.09,Transfer,Travel,1882,48,Pune,Mobile,Net Banking,85.12,3,0,0,22.97,1.2551091500232234,0,0,0,6,11,2,0.0019124518,0
TXN102132,CUST10104,2025-03-19,14:42:05,68.38,Transfer,Restaurant,779,41,Mumbai,Mobile,Net Banking,335.46,0,0,0,-267.08,0.2032336681923557,0,0,0,3,19,2,0.005951162,0
TXN109041,CUST12464,2025-11-26,03:00:27,121.98,Purchase,Travel,3474,69,Bengaluru,Mobile,Wallet,321.86,1,0,0,-199.88,0.3778108158334882,0,0,0,11,26,2,0.0008947989,0
TXN105204,CUST11567,2025-07-09,10:40:08,509.46,Purchase,Other,3427,61,Ahmedabad,Mobile,Debit Card,56.61,1,0,0,452.84999999999997,8.84325637910085,0,0,1,7,9,2,0.00040220446,0
TXN100680,CUST10758,2025-01-25,18:06:26,279.14,Deposit,Utilities,42,55,Kolkata,Mobile,Cash,372.73,3,0,0,-93.59000000000003,0.7469028442993604,0,0,0,1,25,5,0.0013248981,0
TXN108491,CUST10075,2025-11-06,02:28:46,62.57,Bill Payment,Entertainment,3137,40,Bengaluru,Desktop,UPI,157.21,3,0,0,-94.64000000000001,0.3954870109348334,0,0,0,11,6,3,0.0010163583,0
TXN101364,CUST11591,2025-02-19,15:42:34,264.17,Purchase,Online Shopping,1724,19,Bengaluru,Desktop,UPI,39.25,0,0,0,224.92000000000002,6.563229813664597,0,0,1,2,19,2,0.0017433198,0
TXN100556,CUST10133,2025-01-21,05:46:12,15.62,Deposit,Grocery,1789,44,Hyderabad,Mobile,UPI,502.31,4,1,0,-486.69,0.0310345512705887,0,0,0,1,21,1,0.00208352,0
TXN107896,CUST10536,2025-10-15,10:38:07,291.73,Purchase,Electronics,1803,48,Jaipur,Mobile,UPI,287.31,2,0,0,4.420000000000016,1.0118622316256807,0,0,0,10,15,2,0.0038034788,0
TXN101371,CUST10215,2025-02-19,21:49:31,506.48,Purchase,Entertainment,1825,31,Ahmedabad,Mobile,Net Banking,91.53,3,0,0,414.95000000000005,5.473684210526316,0,0,1,2,19,2,0.00076296943,0
TXN103755,CUST11064,2025-05-17,16:41:45,170.69,Bill Payment,Grocery,580,51,Mumbai,Desktop,UPI,369.87,2,0,0,-199.18,0.4602421333620945,0,0,0,5,17,5,0.009981162,0
TXN101022,CUST10326,2025-02-07,04:54:30,50.35,Transfer,Fuel,480,35,Pune,Mobile,Cash,62.65,0,0,0,-12.299999999999997,0.791044776119403,0,0,0,2,7,4,0.0041182362,0
TXN108197,CUST11640,2025-10-26,09:36:55,57.99,Purchase,Online Shopping,699,51,Chennai,Desktop,Wallet,46.49,1,0,0,11.5,1.221099178774479,0,0,0,10,26,6,0.0061358907,0
TXN101585,CUST10409,2025-02-27,16:47:40,561.67,Transfer,Healthcare,1953,69,Nagpur,Mobile,Wallet,127.39,5,0,0,434.28,4.374717657138406,0,0,1,2,27,3,0.07990545,0
TXN101971,CUST11107,2025-03-13,18:02:16,89.6,Bill Payment,Fuel,348,35,Chennai,Desktop,Debit Card,57.61,1,0,0,31.989999999999995,1.528749360177444,0,0,0,3,13,3,0.00085709704,0
TXN100720,CUST11753,2025-01-27,05:03:17,174.02,Bill Payment,Entertainment,423,59,Chennai,Desktop,Net Banking,358.22,1,0,0,-184.20000000000002,0.484438505651133,0,0,0,1,27,0,0.008260356,0
TXN101055,CUST11201,2025-02-08,09:44:24,64.48,Transfer,Online Shopping,3557,34,Hyderabad,Mobile,Wallet,905.48,1,0,0,-841.0,0.07113229194245875,0,0,0,2,8,5,0.007897501,0
TXN106285,CUST10544,2025-08-17,19:07:30,262.3,Purchase,Grocery,213,28,Pune,Desktop,Net Banking,126.38,6,0,0,135.92000000000002,2.0591929659287174,0,0,0,8,17,6,0.0008928954,0
TXN106304,CUST11443,2025-08-18,11:43:30,38.25,Purchase,Online Shopping,2086,55,Nagpur,Mobile,Debit Card,118.81,0,0,0,-80.56,0.3192554878557716,0,0,0,8,18,0,0.0010567321,0
TXN103033,CUST11251,2025-04-21,09:53:37,177.9,Bill Payment,Fuel,1853,67,Jaipur,Mobile,Credit Card,417.1,2,0,0,-239.20000000000002,0.42549629275292994,0,0,0,4,21,0,0.0012528689,0
TXN103161,CUST10990,2025-04-26,01:43:32,127.14,Withdrawal,Grocery,3364,28,Nagpur,Mobile,Credit Card,153.64,0,0,0,-26.499999999999986,0.8221676151060529,0,0,0,4,26,5,0.002882632,0
TXN107605,CUST10104,2025-10-04,20:23:32,163.95,Transfer,Other,914,73,Mumbai,Mobile,Credit Card,203.89,3,0,0,-39.94,0.8001854653716628,0,0,0,10,4,5,0.0014634855,0
TXN101002,CUST11203,2025-02-06,11:26:05,948.69,Bill Payment,Online Shopping,2099,57,Delhi,Mobile,Wallet,40.2,3,0,0,908.49,23.02645631067961,0,0,1,2,6,3,0.022882706,0
TXN108823,CUST12335,2025-11-18,04:32:37,243.85,Transfer,Travel,130,20,Jaipur,Desktop,Cash,199.22,2,0,0,44.629999999999995,1.2179102986714614,0,0,0,11,18,1,0.006822284,0
TXN105961,CUST12120,2025-08-06,00:03:01,141.05,Purchase,Online Shopping,2126,73,Delhi,Mobile,Debit Card,705.28,1,0,0,-564.23,0.1997083309735516,0,0,0,8,6,2,0.00049072056,0
TXN104505,CUST12398,2025-06-13,23:57:41,497.49,Deposit,Other,507,65,Chennai,Mobile,Cash,101.65,2,0,0,395.84000000000003,4.846468582562104,0,0,1,6,13,4,0.001048665,0
TXN102107,CUST12020,2025-03-18,16:51:33,95.21,Bill Payment,Fuel,1510,64,Hyderabad,Mobile,Credit Card,140.65,0,0,0,-45.44000000000001,0.6721496646664312,0,0,0,3,18,1,0.0013183809,0
TXN108946,CUST11025,2025-11-22,16:00:25,174.02,Deposit,Travel,1508,67,Chennai,ATM,Cash,17.31,0,0,0,156.71,9.504096122337522,0,0,1,11,22,5,0.018281695,0
TXN105109,CUST11392,2025-07-05,23:40:07,275.09,Purchase,Healthcare,2672,20,Kolkata,Mobile,Net Banking,65.79,3,0,0,209.29999999999995,4.118730348854618,0,0,1,7,5,5,0.000775931,0
TXN103804,CUST11392,2025-05-19,11:30:24,274.9,Withdrawal,Fuel,946,53,Ahmedabad,Desktop,UPI,124.88,1,0,0,150.01999999999998,2.1838258659040353,0,0,0,5,19,0,0.0016384708,0
TXN105527,CUST10515,2025-07-21,04:52:12,111.36,Purchase,Restaurant,2027,63,Nagpur,Mobile,Wallet,205.85,2,0,0,-94.49,0.5383611312545323,0,0,0,7,21,0,0.0006994411,0
TXN107961,CUST10604,2025-10-17,19:25:30,190.59,Purchase,Entertainment,2237,64,Bengaluru,ATM,Credit Card,69.94,2,1,1,120.65,2.6866365943050465,0,0,0,10,17,4,0.9536015,1
TXN107338,CUST10604,2025-09-25,03:07:04,130.36,Transfer,Online Shopping,2770,40,Bengaluru,Mobile,Cash,1190.95,3,1,0,-1060.5900000000001,0.10936700364948194,0,0,0,9,25,3,0.0030077915,0
TXN100024,CUST10747,2025-01-01,20:58:06,22.57,Purchase,Healthcare,375,70,Nagpur,ATM,UPI,36.94,4,0,0,-14.369999999999997,0.5948866631523458,0,0,0,1,1,2,0.0032851337,0
TXN100305,CUST10127,2025-01-12,02:28:28,227.23,Deposit,Electronics,3050,23,Delhi,Mobile,Debit Card,971.93,3,1,0,-744.6999999999999,0.2335522596692465,0,0,0,1,12,6,0.0022576388,0
TXN108558,CUST10463,2025-11-08,13:00:59,282.9,Purchase,Online Shopping,711,33,Hyderabad,Mobile,Net Banking,127.26,1,0,0,155.64,2.205675970684547,0,0,0,11,8,5,0.00090497907,0
TXN102314,CUST12085,2025-03-26,05:42:45,350.67,Purchase,Restaurant,919,49,Mumbai,Desktop,Credit Card,191.89,2,0,0,158.78000000000003,1.8179791591062266,0,0,0,3,26,2,0.00079624995,0
TXN106796,CUST10370,2025-09-05,09:34:45,9.82,Purchase,Restaurant,2489,70,Mumbai,Mobile,Debit Card,109.76,3,0,0,-99.94,0.08866016612495485,0,0,0,9,5,4,0.00047013105,0
TXN104444,CUST10226,2025-06-11,18:40:00,314.65,Deposit,Travel,2688,35,Nagpur,Mobile,Net Banking,69.48,0,1,1,245.16999999999996,4.46438706015891,0,0,1,6,11,2,0.03645281,0
TXN101574,CUST11107,2025-02-27,07:11:02,253.57,Bill Payment,Travel,200,47,Pune,ATM,Wallet,273.14,5,0,0,-19.569999999999993,0.924965346173488,0,0,0,2,27,3,0.029653484,0
TXN108594,CUST11075,2025-11-09,20:28:09,892.77,Purchase,Other,2973,73,Mumbai,Mobile,Debit Card,76.79,4,0,0,815.98,11.476667952178943,0,0,1,11,9,6,0.0013681815,0
TXN101397,CUST11985,2025-02-20,20:32:28,56.78,Purchase,Fuel,2336,66,Ahmedabad,Mobile,UPI,125.28,3,0,0,-68.5,0.449635730123535,0,0,0,2,20,3,0.00028424384,0
TXN107055,CUST11129,2025-09-14,19:51:51,864.8,Withdrawal,Utilities,415,54,Kolkata,Mobile,UPI,173.68,2,0,0,691.1199999999999,4.950767117013968,0,0,1,9,14,6,0.0050859447,0
TXN100338,CUST11982,2025-01-13,07:18:22,215.03,Purchase,Healthcare,834,26,Delhi,Mobile,Wallet,60.23,4,0,0,154.8,3.5118406010125756,0,0,1,1,13,0,0.002938849,0
TXN102745,CUST10819,2025-04-10,22:16:18,382.16,Transfer,Utilities,2051,66,Jaipur,ATM,Debit Card,101.88,3,0,0,280.28000000000003,3.7146189735614312,0,0,1,4,10,3,0.028216384,0
TXN106252,CUST11876,2025-08-16,14:17:36,105.63,Purchase,Travel,309,31,Bengaluru,ATM,Wallet,297.56,3,0,0,-191.93,0.353798231511254,0,0,0,8,16,5,0.016275324,0
TXN108308,CUST11646,2025-10-30,10:35:40,201.08,Withdrawal,Grocery,932,29,Hyderabad,Mobile,Credit Card,94.24,6,0,0,106.84000000000002,2.1112977740445196,0,0,0,10,30,3,0.00041944234,0
TXN107761,CUST11880,2025-10-10,12:41:15,281.66,Withdrawal,Restaurant,3331,19,Nagpur,ATM,UPI,506.01,1,0,0,-224.34999999999997,0.5555314490838446,0,0,0,10,10,4,0.040921573,0
TXN101422,CUST10277,2025-02-21,18:23:00,95.71,Purchase,Grocery,2315,74,Bengaluru,Desktop,Net Banking,202.61,3,0,0,-106.90000000000002,0.4700653209567309,0,0,0,2,21,4,0.0006868064,0
TXN100956,CUST12188,2025-02-04,19:14:42,439.59,Transfer,Other,1565,52,Pune,Mobile,Net Banking,77.66,3,0,0,361.92999999999995,5.588482074752098,0,0,1,2,4,1,0.012296773,0
TXN101327,CUST11933,2025-02-18,07:22:59,83.02,Bill Payment,Other,2261,53,Delhi,ATM,Credit Card,79.29,2,0,0,3.7299999999999898,1.0340017436791629,0,0,0,2,18,1,0.0010972181,0
TXN100060,CUST10161,2025-01-03,04:25:16,134.13,Bill Payment,Entertainment,3209,70,Pune,ATM,Cash,121.69,3,0,0,12.439999999999998,1.0932431330996821,0,0,0,1,3,4,0.0018494275,0
TXN105393,CUST11751,2025-07-16,07:47:45,128.26,Withdrawal,Utilities,830,21,Kolkata,ATM,Credit Card,311.93,1,0,0,-183.67000000000002,0.40986802160227526,0,0,0,7,16,2,0.029649368,0
TXN108928,CUST10121,2025-11-22,00:16:50,218.2,Transfer,Entertainment,2757,32,Jaipur,Mobile,Cash,34.99,3,0,0,183.20999999999998,6.062795220894692,0,0,1,11,22,5,0.0036158722,0
TXN108579,CUST11215,2025-11-09,07:21:50,121.11,Withdrawal,Grocery,1599,74,Jaipur,Mobile,Credit Card,419.16,4,0,0,-298.05,0.2882473343488195,0,0,0,11,9,6,0.0030322513,0
TXN108755,CUST12291,2025-11-15,17:07:58,145.87,Bill Payment,Other,2848,54,Chennai,ATM,Debit Card,51.58,0,0,0,94.29,2.774248763788513,0,0,0,11,15,5,0.0030546961,0
TXN102383,CUST12028,2025-03-28,17:59:49,51.27,Purchase,Fuel,3217,20,Jaipur,Mobile,UPI,324.06,3,0,0,-272.79,0.1577247277425706,0,0,0,3,28,4,0.002914443,0
TXN108445,CUST10557,2025-11-04,10:17:23,57.16,Bill Payment,Restaurant,1682,20,Hyderabad,Mobile,Net Banking,63.74,1,0,0,-6.580000000000005,0.8829162805066417,0,0,0,11,4,1,0.0010568777,0
TXN104020,CUST10043,2025-05-27,08:13:23,68.69,Deposit,Travel,2838,56,Bengaluru,Tablet,UPI,172.64,2,0,0,-103.94999999999999,0.39558857406127623,0,0,0,5,27,1,0.0006471715,0
TXN105537,CUST12294,2025-07-21,13:36:25,574.52,Transfer,Electronics,1010,56,Delhi,Tablet,Debit Card,58.25,5,0,0,516.27,9.696540084388186,0,0,1,7,21,0,0.044506177,0
TXN100226,CUST12301,2025-01-09,05:27:12,202.04,Purchase,Restaurant,3168,38,Nagpur,Mobile,Debit Card,50.5,0,0,0,151.54,3.9231067961165045,0,0,1,1,9,3,0.00045282775,0
TXN109416,CUST10526,2025-12-09,18:38:24,35.38,Transfer,Travel,1596,22,Bengaluru,Mobile,Debit Card,85.47,0,0,0,-50.089999999999996,0.40915924598126524,0,0,0,12,9,1,0.0015288136,0
TXN108147,CUST10978,2025-10-24,13:55:51,245.27,Purchase,Restaurant,765,19,Jaipur,Mobile,Credit Card,223.2,2,0,0,22.07000000000002,1.093978590544157,0,0,0,10,24,4,0.006136141,0
TXN104501,CUST10459,2025-06-13,20:28:00,280.9,Bill Payment,Healthcare,2375,45,Bengaluru,Mobile,Cash,407.32,2,0,0,-126.42000000000002,0.6879408307210031,0,0,0,6,13,4,0.0062511065,0
TXN102834,CUST11366,2025-04-14,04:01:48,78.95,Transfer,Other,2460,67,Mumbai,Mobile,Wallet,39.38,1,1,1,39.57,1.955175829618623,0,0,0,4,14,0,0.8290654,1
TXN107102,CUST12073,2025-09-16,12:55:39,28.81,Purchase,Electronics,2526,50,Chennai,Mobile,UPI,840.62,2,0,0,-811.8100000000001,0.03423160096005323,0,0,0,9,16,1,0.0009281832,0
TXN108891,CUST11405,2025-11-20,15:57:15,192.63,Bill Payment,Restaurant,1154,30,Jaipur,Mobile,UPI,201.65,4,0,0,-9.02000000000001,0.9505551443375277,0,0,0,11,20,3,0.004768397,0
TXN102256,CUST11724,2025-03-24,03:02:19,54.19,Transfer,Entertainment,647,54,Nagpur,Desktop,UPI,17.88,2,0,0,36.31,2.8702330508474576,0,0,0,3,24,0,0.00299005,0
TXN103743,CUST10689,2025-05-17,06:12:42,147.3,Transfer,Electronics,2408,49,Mumbai,Desktop,Cash,58.56,3,0,0,88.74000000000001,2.4731363331094696,0,0,0,5,17,5,0.0008050907,0
TXN104173,CUST11066,2025-06-01,21:53:50,220.16,Purchase,Online Shopping,2115,51,Chennai,Desktop,Wallet,181.32,4,1,0,38.84,1.2075471698113207,0,0,0,6,1,6,0.06663298,0
TXN109311,CUST10578,2025-12-05,22:54:11,84.47,Bill Payment,Healthcare,957,33,Jaipur,Desktop,Cash,77.37,3,0,0,7.099999999999994,1.077835906596912,0,0,0,12,5,4,0.0038674416,0
TXN103184,CUST10818,2025-04-26,21:49:14,321.18,Purchase,Utilities,2283,44,Bengaluru,Desktop,Debit Card,66.38,2,0,0,254.8,4.766696349065005,0,0,1,4,26,5,0.0023621034,0
TXN105680,CUST11873,2025-07-26,18:32:39,313.86,Transfer,Fuel,2725,22,Pune,Mobile,Cash,345.64,4,0,0,-31.779999999999973,0.9054350334641127,0,0,0,7,26,5,0.01699481,0
TXN103091,CUST10200,2025-04-23,12:34:03,234.59,Bill Payment,Fuel,848,51,Bengaluru,ATM,UPI,17.7,4,0,0,216.89000000000001,12.544919786096257,0,0,1,4,23,2,0.03150889,0
TXN106818,CUST10411,2025-09-06,04:48:01,76.14,Transfer,Healthcare,2930,44,Jaipur,Desktop,Wallet,130.24,1,0,0,-54.10000000000001,0.5801584882657725,0,0,0,9,6,5,0.06492502,0
TXN107710,CUST10842,2025-10-08,16:07:46,292.01,Bill Payment,Online Shopping,3438,34,Bengaluru,Mobile,UPI,77.28,3,0,0,214.73,3.7303270311701584,0,0,1,10,8,2,0.0006538155,0
TXN103295,CUST10483,2025-04-30,22:47:59,18.32,Purchase,Healthcare,1907,41,Ahmedabad,Mobile,Wallet,665.1,0,1,0,-646.78,0.02750337787119051,0,0,0,4,30,2,0.010401941,0
TXN108540,CUST11863,2025-11-07,21:17:24,327.91,Purchase,Utilities,1954,49,Mumbai,Mobile,Wallet,302.14,6,0,0,25.77000000000004,1.0817114204657916,0,0,0,11,7,4,0.04714986,0
TXN107028,CUST10473,2025-09-13,20:16:29,341.18,Purchase,Healthcare,2065,74,Jaipur,ATM,UPI,347.38,2,0,1,-6.199999999999989,0.9793329123371032,0,0,0,9,13,5,0.04080022,0
TXN104539,CUST10090,2025-06-15,05:40:01,269.96,Transfer,Electronics,1670,43,Hyderabad,ATM,Wallet,213.4,2,0,1,56.559999999999974,1.259141791044776,0,0,0,6,15,6,0.9432869,1
TXN105017,CUST10555,2025-07-02,15:17:22,236.9,Bill Payment,Grocery,1040,46,Jaipur,ATM,Debit Card,53.57,1,0,0,183.33,4.3412131207623235,0,0,1,7,2,2,0.0039141746,0
TXN105958,CUST10556,2025-08-05,21:25:45,213.73,Purchase,Fuel,1006,48,Nagpur,Mobile,Net Banking,232.79,3,0,0,-19.060000000000002,0.9141965011334958,0,0,0,8,5,1,0.0042070453,0
TXN103327,CUST12409,2025-05-02,02:45:28,28.27,Bill Payment,Grocery,767,36,Mumbai,Desktop,UPI,110.52,3,1,0,-82.25,0.2534971305595409,0,0,0,5,2,4,0.02994104,0
TXN104332,CUST12167,2025-06-07,16:48:49,9.77,Transfer,Entertainment,1554,49,Ahmedabad,Mobile,Credit Card,78.68,2,0,0,-68.91000000000001,0.12261546184738954,0,0,0,6,7,5,0.0009601086,0
TXN105138,CUST12352,2025-07-07,01:00:20,180.19,Purchase,Online Shopping,2860,45,Pune,Mobile,Cash,376.69,2,0,0,-196.5,0.4770843813709656,0,0,0,7,7,0,0.00068122725,0
TXN100863,CUST11118,2025-02-01,09:59:31,41.95,Purchase,Travel,1252,66,Nagpur,Mobile,Wallet,239.74,2,0,0,-197.79000000000002,0.17425438232117638,0,0,0,2,1,5,0.0011900851,0
TXN100041,CUST12363,2025-01-02,11:49:16,152.12,Purchase,Healthcare,3290,37,Delhi,Mobile,Cash,73.98,2,0,0,78.14,2.028807682048546,0,0,0,1,2,3,0.00028957662,0
TXN101922,CUST11922,2025-03-11,23:13:37,168.8,Transfer,Restaurant,2453,45,Mumbai,ATM,Debit Card,72.0,5,0,0,96.80000000000001,2.312328767123288,0,0,0,3,11,1,0.012814088,0
TXN107548,CUST10485,2025-10-02,18:35:32,85.41,Purchase,Utilities,3467,59,Bengaluru,Mobile,Cash,161.53,4,0,0,-76.12,0.5255029840644804,0,0,0,10,2,3,0.00041925703,0
TXN104924,CUST10817,2025-06-29,06:02:11,92.9,Bill Payment,Restaurant,1819,59,Bengaluru,Mobile,Wallet,182.34,1,0,0,-89.44,0.50670884695102,0,0,0,6,29,6,0.001738266,0
TXN107060,CUST12333,2025-09-15,00:13:58,135.98,Bill Payment,Restaurant,2332,53,Kolkata,Mobile,Debit Card,206.64,1,1,0,-70.66,0.6548834521286843,0,0,0,9,15,0,0.0031168747,0
TXN108510,CUST12243,2025-11-06,19:04:46,913.65,Purchase,Restaurant,2956,70,Kolkata,ATM,UPI,42.08,3,0,0,871.5699999999999,21.208217270194986,0,0,1,11,6,3,0.043428887,0
TXN105160,CUST12126,2025-07-07,20:13:36,614.89,Withdrawal,Travel,987,45,Hyderabad,Mobile,Cash,112.86,3,0,0,502.03,5.400404004918321,0,0,1,7,7,0,0.0011167895,0
TXN108355,CUST11354,2025-11-01,03:39:28,208.82,Deposit,Travel,3601,24,Ahmedabad,Mobile,Net Banking,263.27,5,0,0,-54.44999999999999,0.7901767132099746,0,0,0,11,1,5,0.004633189,0
TXN108163,CUST10783,2025-10-25,03:54:35,266.23,Purchase,Utilities,645,57,Pune,Mobile,Cash,495.01,5,0,0,-228.77999999999997,0.5367432108223625,0,0,0,10,25,5,0.0007970797,0
TXN107397,CUST12320,2025-09-27,06:39:55,146.56,Transfer,Entertainment,2412,50,Ahmedabad,Mobile,Debit Card,539.69,4,1,0,-393.13000000000005,0.2710610516192273,0,0,0,9,27,5,0.02781895,0
TXN107880,CUST10783,2025-10-14,20:39:23,15.16,Transfer,Electronics,3335,65,Bengaluru,ATM,Credit Card,83.57,0,0,0,-68.41,0.17925978479366206,0,0,0,10,14,1,0.0030125354,0
TXN108420,CUST11247,2025-11-03,12:26:51,187.52,Deposit,Electronics,125,22,Pune,Mobile,Credit Card,437.6,1,0,0,-250.08,0.4275421796625627,0,0,0,11,3,0,0.005714343,0
TXN101352,CUST10036,2025-02-19,05:13:31,163.8,Purchase,Electronics,1789,65,Jaipur,Tablet,Cash,34.62,3,1,0,129.18,4.598540145985402,0,0,1,2,19,2,0.009254402,0
TXN102935,CUST11399,2025-04-17,20:16:20,96.73,Purchase,Online Shopping,3478,23,Nagpur,ATM,Credit Card,113.91,2,0,0,-17.179999999999993,0.8417892263510575,0,0,0,4,17,3,0.005393825,0
TXN106481,CUST10306,2025-08-24,22:22:04,25.67,Transfer,Online Shopping,2265,68,Jaipur,Mobile,UPI,94.04,3,0,0,-68.37,0.27009680134680136,0,0,0,8,24,6,0.017503308,0
TXN108569,CUST10909,2025-11-08,22:37:37,89.0,Purchase,Electronics,949,18,Pune,Mobile,Credit Card,974.44,2,0,0,-885.44,0.09124087591240876,0,0,0,11,8,5,0.0006334317,0
TXN105499,CUST11938,2025-07-20,04:24:24,594.74,Withdrawal,Fuel,532,22,Mumbai,ATM,UPI,152.31,0,0,0,442.43,3.8793294631791793,0,0,1,7,20,6,0.057071883,0
TXN106156,CUST11321,2025-08-13,02:25:09,164.37,Purchase,Electronics,2461,34,Bengaluru,Desktop,Debit Card,146.02,1,0,0,18.349999999999994,1.1180111549449054,0,0,0,8,13,2,0.0048975633,0
TXN108252,CUST10591,2025-10-28,09:40:05,129.85,Deposit,Utilities,2003,55,Mumbai,ATM,Net Banking,55.53,5,0,0,74.32,2.29701043693614,0,0,0,10,28,1,0.0046268143,0
TXN101385,CUST10556,2025-02-20,10:03:25,584.11,Transfer,Electronics,2723,66,Chennai,Mobile,Credit Card,51.81,3,0,0,532.3,11.060594584359023,0,0,1,2,20,3,0.018595967,0
TXN104229,CUST11094,2025-06-03,22:49:25,166.04,Deposit,Grocery,1049,27,Jaipur,Mobile,Debit Card,1002.58,2,0,0,-836.5400000000001,0.16544769724386693,0,0,0,6,3,1,0.00036340987,0
TXN108400,CUST12457,2025-11-02,18:58:26,382.25,Transfer,Healthcare,426,61,Bengaluru,Desktop,UPI,182.82,3,0,0,199.43,2.0794799260145798,0,0,0,11,2,6,0.0011152135,0
TXN107626,CUST11150,2025-10-05,14:44:23,110.41,Purchase,Utilities,3109,64,Mumbai,Mobile,Credit Card,501.93,2,0,0,-391.52,0.21953353349372676,0,0,0,10,5,6,0.0036761556,0
TXN101718,CUST11008,2025-03-04,12:59:41,166.34,Bill Payment,Healthcare,1748,62,Hyderabad,Mobile,Wallet,257.33,1,0,0,-90.98999999999998,0.6439050826462277,0,0,0,3,4,1,0.00078866,0
TXN102359,CUST11283,2025-03-27,21:01:42,184.28,Bill Payment,Travel,678,21,Bengaluru,ATM,Cash,197.25,2,0,0,-12.969999999999999,0.9295334174022699,0,0,0,3,27,3,0.0061488617,0
TXN101691,CUST12003,2025-03-03,13:24:19,40.22,Transfer,Grocery,805,20,Chennai,Mobile,Credit Card,107.96,5,0,0,-67.74,0.36912628487518356,0,0,0,3,3,0,0.00672691,0
TXN101223,CUST10934,2025-02-14,12:31:10,492.94,Purchase,Travel,972,28,Mumbai,Mobile,Wallet,37.84,3,0,0,455.1,12.69155509783728,0,0,1,2,14,4,0.022618609,0
TXN109394,CUST12481,2025-12-08,23:25:08,633.19,Transfer,Other,3428,19,Mumbai,Mobile,Debit Card,195.5,1,0,0,437.69000000000005,3.22234096692112,0,0,1,12,8,0,0.0025633299,0
TXN102593,CUST11387,2025-04-05,09:28:16,118.9,Transfer,Travel,2475,37,Pune,Mobile,Cash,558.92,3,0,0,-440.02,0.21235176453779114,0,0,0,4,5,5,0.002173558,0
TXN108234,CUST10276,2025-10-27,17:56:30,134.25,Withdrawal,Grocery,784,49,Pune,Mobile,Cash,65.62,3,0,0,68.63,2.0151606124287,0,0,0,10,27,0,0.00053727353,0
TXN106139,CUST10241,2025-08-12,11:34:00,42.55,Deposit,Online Shopping,46,39,Ahmedabad,Desktop,UPI,206.32,4,0,0,-163.76999999999998,0.20523827898900251,0,0,0,8,12,1,0.021401944,0
TXN107661,CUST10347,2025-10-06,21:19:08,90.09,Purchase,Electronics,3423,39,Chennai,ATM,Wallet,38.65,3,0,0,51.440000000000005,2.2721311475409838,0,0,0,10,6,0,0.029178945,0
TXN101437,CUST10703,2025-02-22,07:29:19,298.11,Deposit,Restaurant,973,59,Bengaluru,Tablet,UPI,421.57,1,0,0,-123.45999999999998,0.7054689163925504,0,0,0,2,22,5,0.0023676676,0
TXN107665,CUST12320,2025-10-07,00:48:49,274.67,Purchase,Online Shopping,2265,65,Chennai,Mobile,UPI,312.93,0,0,0,-38.25999999999999,0.8749402733093365,0,0,0,10,7,1,0.00208386,0
TXN106256,CUST10218,2025-08-16,17:47:17,150.2,Purchase,Travel,2795,37,Hyderabad,Desktop,Wallet,71.82,7,0,0,78.38,2.0626201592968965,0,1,0,8,16,5,0.010699803,0
TXN100999,CUST10663,2025-02-06,08:48:49,141.01,Transfer,Travel,2164,54,Mumbai,ATM,Debit Card,249.15,0,0,0,-108.14000000000001,0.5637017789326404,0,0,0,2,6,3,0.027002253,0
TXN106219,CUST11273,2025-08-15,09:27:42,84.17,Transfer,Grocery,2994,59,Chennai,Mobile,Credit Card,116.02,0,0,0,-31.849999999999994,0.7192787557682447,0,0,0,8,15,4,0.0043640994,0
TXN108507,CUST10620,2025-11-06,16:27:30,65.51,Transfer,Online Shopping,350,67,Kolkata,Mobile,Debit Card,359.78,2,1,0,-294.27,0.18157880148566996,0,0,0,11,6,3,0.003623362,0
TXN106722,CUST11928,2025-09-02,16:55:35,689.52,Purchase,Electronics,296,63,Ahmedabad,Desktop,Cash,435.3,2,0,0,254.21999999999997,1.5803804721521888,0,0,0,9,2,1,0.00084877235,0
TXN105840,CUST11077,2025-08-01,14:20:03,174.67,Transfer,Restaurant,824,39,Delhi,Desktop,UPI,95.53,0,0,0,79.13999999999999,1.8094892779446803,0,0,0,8,1,4,0.02244666,0
TXN103399,CUST10244,2025-05-04,17:39:48,460.26,Purchase,Other,455,32,Ahmedabad,Desktop,Credit Card,95.85,1,0,0,364.40999999999997,4.752297367062468,0,0,1,5,4,6,0.0021434196,0
TXN106688,CUST12180,2025-09-01,11:13:16,1396.59,Purchase,Grocery,527,48,Nagpur,ATM,Debit Card,208.84,1,0,0,1187.75,6.655499428135722,0,0,1,9,1,0,0.02716072,0
TXN106068,CUST12140,2025-08-09,21:32:05,171.8,Deposit,Other,3032,58,Pune,ATM,Wallet,160.01,3,0,0,11.79000000000002,1.0670144711508602,0,0,0,8,9,5,0.012110771,0
TXN101742,CUST11364,2025-03-05,09:57:48,283.3,Transfer,Fuel,2792,63,Ahmedabad,Mobile,Wallet,71.33,4,0,0,211.97000000000003,3.916770358081018,0,0,1,3,5,2,0.0048772013,0
TXN101959,CUST11931,2025-03-13,07:33:12,49.68,Transfer,Healthcare,2127,65,Mumbai,ATM,Cash,40.56,5,0,0,9.119999999999997,1.1953801732435032,0,0,0,3,13,3,0.0077026743,0
TXN105904,CUST11214,2025-08-03,22:15:00,939.17,Withdrawal,Restaurant,687,59,Pune,ATM,UPI,64.18,0,0,0,874.99,14.408867750843815,0,0,1,8,3,6,0.023513623,0
TXN106030,CUST11480,2025-08-08,12:20:05,341.34,Transfer,Healthcare,2893,40,Nagpur,ATM,Credit Card,703.09,1,0,0,-361.75000000000006,0.48479597778693057,0,0,0,8,8,4,0.045221854,0
TXN100535,CUST10652,2025-01-20,11:25:21,58.08,Purchase,Electronics,1398,64,Delhi,Desktop,Cash,223.56,2,0,0,-165.48000000000002,0.25863911649447807,0,0,0,1,20,0,0.0007377607,0
TXN109599,CUST10412,2025-12-16,10:31:30,361.78,Purchase,Electronics,3060,23,Pune,ATM,Cash,442.8,3,0,0,-81.02000000000004,0.815187021180712,0,0,0,12,16,1,0.0038136533,0
TXN108947,CUST12411,2025-11-22,16:52:51,22.63,Purchase,Healthcare,1850,28,Kolkata,Mobile,Debit Card,52.05,3,0,0,-29.419999999999998,0.42657869934024506,0,0,0,11,22,5,0.00082062074,0
TXN105856,CUST11033,2025-08-02,04:18:47,2267.17,Purchase,Travel,3018,56,Nagpur,Mobile,Debit Card,177.63,2,0,0,2089.54,12.691989027598948,0,0,1,8,2,5,0.035749756,0
TXN107653,CUST10806,2025-10-06,14:19:45,41.13,Bill Payment,Grocery,2228,23,Chennai,Mobile,Debit Card,136.72,0,1,0,-95.59,0.2986494336334592,0,0,0,10,6,0,0.009082123,0
TXN101571,CUST11287,2025-02-27,04:33:46,142.11,Purchase,Entertainment,3139,52,Jaipur,ATM,Credit Card,742.74,2,0,0,-600.63,0.19107483798101488,0,0,0,2,27,3,0.0011120606,0
TXN100003,CUST11095,2025-01-01,02:37:15,49.86,Transfer,Utilities,2752,29,Ahmedabad,Tablet,Debit Card,153.93,3,0,0,-104.07000000000001,0.3218227586652036,0,0,0,1,1,2,0.0116279125,0
TXN108591,CUST11038,2025-11-09,17:50:53,224.74,Purchase,Entertainment,3388,28,Jaipur,Desktop,Net Banking,98.07,2,0,0,126.67000000000002,2.2684970223074594,0,0,0,11,9,6,0.0010034393,0
TXN107743,CUST10462,2025-10-09,20:57:40,3340.22,Purchase,Other,1765,32,Pune,Desktop,Credit Card,70.5,6,0,0,3269.72,46.71636363636363,0,0,1,10,9,3,0.012053405,0
TXN107115,CUST11095,2025-09-17,00:17:08,65.53,Purchase,Entertainment,1050,55,Chennai,ATM,Debit Card,237.15,1,0,0,-171.62,0.27516271257610747,0,0,0,9,17,2,0.0011668546,0
TXN101479,CUST11809,2025-02-23,20:11:01,38.57,Purchase,Healthcare,1094,68,Chennai,Desktop,UPI,330.66,3,1,0,-292.09000000000003,0.11629379485014774,0,0,0,2,23,6,0.007683211,0
TXN108476,CUST10009,2025-11-05,13:22:26,200.72,Withdrawal,Utilities,1469,66,Chennai,ATM,Wallet,130.11,3,0,0,70.60999999999999,1.5309282282053236,0,0,0,11,5,2,0.008884101,0
TXN104598,CUST11232,2025-06-17,09:12:52,109.26,Purchase,Healthcare,1241,74,Delhi,Mobile,Wallet,55.97,1,0,0,53.290000000000006,1.9178515007898895,0,0,0,6,17,1,0.021936767,0
TXN102654,CUST10844,2025-04-07,14:45:58,1006.94,Transfer,Restaurant,3007,25,Jaipur,Mobile,Wallet,74.46,4,0,1,932.48,13.344023323615161,0,0,1,4,7,0,0.9012595,1
TXN105471,CUST12296,2025-07-19,03:56:36,129.77,Purchase,Travel,2575,70,Pune,Desktop,Credit Card,137.97,2,0,0,-8.199999999999989,0.9337986615816364,0,0,0,7,19,5,0.0025569214,0
TXN103927,CUST10092,2025-05-23,22:58:13,77.71,Purchase,Entertainment,2878,26,Bengaluru,Mobile,Debit Card,48.43,1,0,0,29.279999999999994,1.5721221930002023,0,0,0,5,23,4,0.0014687035,0
TXN107227,CUST10832,2025-09-21,02:08:19,197.2,Purchase,Other,1780,46,Jaipur,Mobile,Wallet,46.8,6,0,0,150.39999999999998,4.125523012552302,0,0,1,9,21,6,0.008022396,0
TXN108906,CUST11103,2025-11-21,05:03:34,34.03,Purchase,Electronics,2050,49,Jaipur,Mobile,UPI,174.75,2,1,0,-140.72,0.19362731152204837,0,0,0,11,21,4,0.0054013254,0
TXN100607,CUST11015,2025-01-23,02:19:41,79.98,Purchase,Entertainment,3269,38,Delhi,Desktop,Cash,124.14,6,0,0,-44.16,0.6391241809173726,0,0,0,1,23,3,0.0013376997,0
TXN103447,CUST12371,2025-05-06,11:36:01,231.13,Purchase,Utilities,2305,18,Kolkata,Mobile,UPI,430.61,1,0,0,-199.48000000000002,0.5355065915988971,0,0,0,5,6,1,0.0020632294,0
TXN107349,CUST12064,2025-09-25,12:43:42,64.34,Transfer,Entertainment,2001,45,Hyderabad,Tablet,Wallet,793.31,1,0,0,-728.9699999999999,0.08100112046933818,0,0,0,9,25,3,0.012776684,0
TXN109065,CUST10997,2025-11-26,23:58:33,730.84,Purchase,Healthcare,3325,34,Hyderabad,Desktop,Debit Card,91.61,2,1,0,639.23,7.8915883813843,0,0,1,11,26,2,0.53664666,1
TXN109691,CUST12174,2025-12-19,18:54:15,380.21,Bill Payment,Utilities,2648,26,Jaipur,ATM,Wallet,36.89,3,0,1,343.32,10.034573766165215,0,0,1,12,19,4,0.9075713,1
TXN103267,CUST10674,2025-04-29,22:20:11,49.83,Transfer,Other,997,39,Ahmedabad,Mobile,UPI,40.51,3,0,0,9.32,1.200433630450494,0,0,0,4,29,1,0.0028963757,0
TXN101746,CUST11381,2025-03-05,13:27:29,121.06,Withdrawal,Grocery,611,24,Chennai,Mobile,Net Banking,95.77,1,0,0,25.290000000000006,1.2510075436602253,0,0,0,3,5,2,0.0008173469,0
TXN105431,CUST10626,2025-07-17,16:59:45,238.7,Transfer,Grocery,3025,38,Jaipur,ATM,UPI,63.49,4,0,0,175.20999999999998,3.701349046363777,0,0,1,7,17,3,0.015211819,0
TXN105242,CUST10861,2025-07-10,19:52:09,164.31,Withdrawal,Entertainment,291,21,Kolkata,Mobile,UPI,119.96,2,1,0,44.35000000000001,1.3583829365079365,0,0,0,7,10,3,0.012803952,0
TXN100594,CUST10924,2025-01-22,14:58:13,241.18,Transfer,Online Shopping,2257,49,Delhi,Mobile,Wallet,121.02,1,0,0,120.16000000000001,1.9765612194722177,0,0,0,1,22,2,0.01260567,0
TXN107043,CUST11665,2025-09-14,09:22:48,797.53,Purchase,Travel,369,63,Bengaluru,Tablet,Debit Card,113.12,6,0,0,684.41,6.988520855240098,0,0,1,9,14,6,0.024461549,0
TXN108884,CUST10737,2025-11-20,09:50:18,270.11,Withdrawal,Online Shopping,1630,18,Bengaluru,ATM,Wallet,1191.11,4,0,1,-920.9999999999999,0.22658143963224872,0,0,0,11,20,3,0.48503453,0
TXN109319,CUST10485,2025-12-06,05:53:33,576.37,Deposit,Fuel,957,46,Jaipur,Mobile,Wallet,141.94,3,0,0,434.43,4.032251294249336,0,0,1,12,6,5,0.0038911263,0
TXN106431,CUST11410,2025-08-23,02:41:00,23.72,Withdrawal,Utilities,2598,60,Chennai,ATM,UPI,62.72,1,0,0,-39.0,0.37225360954174513,0,0,0,8,23,5,0.0039387937,0
TXN101913,CUST11241,2025-03-11,15:21:50,118.69,Purchase,Grocery,1409,45,Hyderabad,Mobile,UPI,267.0,3,0,0,-148.31,0.4428731343283582,0,0,0,3,11,1,0.00052748097,0
TXN108149,CUST11915,2025-10-24,15:40:42,145.72,Withdrawal,Electronics,3641,24,Hyderabad,ATM,Cash,471.36,1,0,0,-325.64,0.30849352189008383,0,0,0,10,24,4,0.004358571,0
TXN100785,CUST11541,2025-01-29,13:50:40,449.04,Transfer,Fuel,1154,62,Mumbai,Desktop,Wallet,567.72,3,1,1,-118.68,0.7895625263750176,0,0,0,1,29,2,0.38529634,0
TXN109404,CUST11187,2025-12-09,08:09:21,198.37,Withdrawal,Fuel,2435,21,Jaipur,Mobile,Wallet,164.2,2,1,1,34.170000000000016,1.2007869249394674,0,0,0,12,9,1,0.31896275,0
TXN105077,CUST10652,2025-07-04,19:42:38,256.25,Purchase,Healthcare,2652,22,Hyderabad,Mobile,UPI,37.37,2,0,0,218.88,6.678394579098255,0,0,1,7,4,4,0.0014219229,0
TXN106051,CUST11269,2025-08-09,06:40:56,333.73,Purchase,Fuel,1558,67,Hyderabad,Mobile,Wallet,421.02,2,0,0,-87.28999999999996,0.7907919055968912,0,0,0,8,9,5,0.005000517,0
TXN105992,CUST11798,2025-08-07,03:08:04,203.72,Purchase,Restaurant,139,21,Bengaluru,ATM,UPI,99.24,2,0,0,104.48,2.032322426177175,0,0,0,8,7,3,0.011224771,0
TXN106125,CUST12263,2025-08-11,23:20:06,105.84,Transfer,Healthcare,706,52,Mumbai,Mobile,Net Banking,355.16,1,0,0,-249.32000000000002,0.2971698113207547,0,0,0,8,11,0,0.004768931,0
TXN103123,CUST11238,2025-04-24,16:31:32,141.24,Bill Payment,Other,2289,73,Jaipur,ATM,Debit Card,146.16,3,0,0,-4.9199999999999875,0.9597716770861648,0,0,0,4,24,3,0.0028859933,0
TXN101355,CUST10972,2025-02-19,07:50:46,813.95,Withdrawal,Other,3094,53,Hyderabad,Mobile,Cash,71.66,1,0,0,742.2900000000001,11.202174511423067,0,0,1,2,19,2,0.0019401773,0
TXN105556,CUST10548,2025-07-22,06:12:25,250.22,Deposit,Fuel,426,30,Chennai,Mobile,Credit Card,66.76,5,0,0,183.45999999999998,3.692739079102715,0,0,1,7,22,1,0.0009690703,0
TXN101552,CUST10089,2025-02-26,11:57:46,199.56,Deposit,Utilities,3184,63,Ahmedabad,ATM,Debit Card,152.4,1,0,0,47.16,1.3009126466753584,0,0,0,2,26,2,0.001934865,0
TXN102976,CUST10946,2025-04-19,08:05:36,357.02,Transfer,Healthcare,1462,43,Delhi,Desktop,Debit Card,461.59,1,0,0,-104.57,0.7717849499556843,0,0,0,4,19,5,0.013159269,0
TXN106943,CUST11582,2025-09-10,18:00:41,883.63,Purchase,Electronics,3386,24,Jaipur,Desktop,Wallet,85.22,2,0,0,798.41,10.248550220366504,0,0,1,9,10,2,0.02976019,0
TXN103365,CUST10619,2025-05-03,11:57:28,391.72,Purchase,Other,3449,62,Hyderabad,ATM,Net Banking,105.66,3,0,0,286.06000000000006,3.672604537783612,0,0,1,5,3,5,0.0011609426,0
TXN102248,CUST10282,2025-03-23,20:02:57,95.78,Transfer,Travel,2621,28,Ahmedabad,Desktop,Debit Card,144.45,4,0,0,-48.66999999999999,0.6585080783774494,0,0,0,3,23,6,0.006403181,0
TXN100609,CUST10373,2025-01-23,04:04:32,33.98,Purchase,Restaurant,2854,74,Kolkata,Desktop,Wallet,282.18,2,0,0,-248.20000000000002,0.11999434988346633,0,0,0,1,23,3,0.0013721759,0
TXN108272,CUST12403,2025-10-29,03:08:30,75.43,Purchase,Healthcare,3290,62,Kolkata,ATM,Debit Card,245.28,4,0,0,-169.85,0.30627740782848795,0,0,0,10,29,2,0.00040284608,0
TXN102212,CUST10935,2025-03-22,12:35:47,239.08,Bill Payment,Electronics,1302,42,Ahmedabad,ATM,UPI,151.36,1,0,0,87.72,1.5691782620110264,0,0,0,3,22,5,0.0035974514,0
TXN106624,CUST10354,2025-08-30,03:18:18,55.68,Purchase,Other,491,32,Kolkata,Mobile,Net Banking,158.54,4,0,0,-102.85999999999999,0.34900338473110193,0,0,0,8,30,5,0.005553466,0
TXN107394,CUST10766,2025-09-27,04:02:39,385.86,Transfer,Other,1681,75,Delhi,Desktop,UPI,9.78,3,0,1,376.08000000000004,35.79406307977737,0,0,1,9,27,5,0.043738034,0
TXN105586,CUST11850,2025-07-23,08:25:03,72.42,Purchase,Electronics,1310,40,Mumbai,Desktop,Debit Card,110.28,3,0,0,-37.86,0.6507907979870596,0,0,0,7,23,2,0.0033115868,0
TXN109489,CUST10444,2025-12-12,10:25:09,184.3,Withdrawal,Utilities,768,73,Hyderabad,ATM,Cash,111.88,2,0,0,72.42000000000002,1.632707299787385,0,0,0,12,12,4,0.0057058316,0
TXN103882,CUST11942,2025-05-22,07:39:15,42.04,Purchase,Online Shopping,2342,18,Chennai,Mobile,Net Banking,300.31,0,0,0,-258.27,0.13952407819189538,0,0,0,5,22,3,0.0019654713,0
TXN109478,CUST10866,2025-12-12,00:48:31,35.43,Deposit,Travel,385,33,Ahmedabad,Desktop,UPI,153.03,1,1,0,-117.6,0.23002012594949037,0,0,0,12,12,4,0.015611022,0
TXN109345,CUST11589,2025-12-07,04:36:30,68.77,Bill Payment,Fuel,778,70,Kolkata,Mobile,Net Banking,692.54,2,1,0,-623.77,0.0991579433053609,0,0,0,12,7,6,0.0035977676,0
TXN108859,CUST10433,2025-11-19,11:59:47,538.41,Withdrawal,Restaurant,2816,39,Mumbai,Mobile,Net Banking,23.07,0,0,0,515.3399999999999,22.368508516825923,0,0,1,11,19,2,0.00065091264,0
TXN109354,CUST10623,2025-12-07,12:28:17,194.44,Purchase,Utilities,504,30,Kolkata,ATM,Cash,38.03,1,0,0,156.41,4.981808864975659,0,0,1,12,7,6,0.021739727,0
TXN104974,CUST11101,2025-07-01,01:43:15,217.74,Bill Payment,Other,441,57,Pune,Mobile,Wallet,123.43,3,0,0,94.31,1.7498995419111147,0,0,0,7,1,1,0.005262709,0
TXN108638,CUST10838,2025-11-11,10:54:41,44.8,Transfer,Restaurant,478,25,Kolkata,Mobile,Debit Card,145.93,2,0,0,-101.13000000000001,0.30490709861838966,0,0,0,11,11,1,0.0062505053,0
TXN106724,CUST10181,2025-09-02,18:40:25,174.07,Purchase,Electronics,2208,30,Pune,Mobile,UPI,130.55,1,0,0,43.51999999999998,1.3232231090839983,0,0,0,9,2,1,0.018945979,0
TXN105224,CUST10254,2025-07-10,04:08:34,284.0,Purchase,Online Shopping,2298,43,Chennai,Desktop,Debit Card,108.74,1,0,0,175.26,2.5879351193730638,0,0,0,7,10,3,0.0013822898,0
TXN106695,CUST11614,2025-09-01,17:20:12,47.9,Purchase,Travel,3649,27,Bengaluru,Mobile,Net Banking,137.38,0,0,0,-89.47999999999999,0.34614828732475794,0,0,0,9,1,0,0.005747049,0
TXN101504,CUST11763,2025-02-24,18:01:32,79.22,Deposit,Travel,253,27,Hyderabad,Mobile,Net Banking,302.11,3,0,0,-222.89000000000001,0.2613572630398205,0,0,0,2,24,0,0.01228685,0
TXN102731,CUST11058,2025-04-10,10:02:24,115.77,Purchase,Online Shopping,3321,71,Mumbai,Mobile,Cash,240.86,2,1,0,-125.09000000000002,0.47866534358719914,0,0,0,4,10,3,0.010673538,0
TXN109847,CUST11268,2025-12-25,11:11:58,450.58,Bill Payment,Entertainment,948,35,Kolkata,Mobile,Debit Card,253.24,3,0,0,197.33999999999997,1.7722624292007552,0,0,0,12,25,3,0.00027753148,0
TXN104683,CUST10770,2025-06-20,11:28:40,213.97,Transfer,Entertainment,3579,50,Hyderabad,Mobile,UPI,90.78,4,0,0,123.19,2.331335803007191,0,0,0,6,20,4,0.0016117556,0
TXN106669,CUST11969,2025-08-31,18:37:15,320.92,Transfer,Travel,1298,19,Chennai,Mobile,Debit Card,170.82,0,0,0,150.10000000000002,1.8677685950413225,0,0,0,8,31,6,0.009587965,0
TXN106885,CUST11603,2025-09-08,15:20:15,33.78,Purchase,Restaurant,214,44,Mumbai,Mobile,Credit Card,63.51,2,1,0,-29.729999999999997,0.5236397457758488,0,0,0,9,8,0,0.005268076,0
TXN108528,CUST11034,2025-11-07,10:48:21,216.89,Deposit,Travel,1013,26,Ahmedabad,Mobile,Wallet,384.5,1,0,0,-167.61,0.5626199740596627,0,0,0,11,7,4,0.0047037737,0
TXN102635,CUST10967,2025-04-06,22:09:58,167.91,Purchase,Fuel,664,63,Delhi,Desktop,Wallet,420.75,1,0,0,-252.84,0.39812685240071133,0,0,0,4,6,6,0.0010468907,0
TXN108534,CUST11375,2025-11-07,16:02:52,794.18,Transfer,Healthcare,2624,35,Pune,Tablet,Credit Card,362.68,3,1,0,431.49999999999994,2.1837329520457542,0,0,0,11,7,4,0.046895828,0
TXN108695,CUST11754,2025-11-13,12:42:42,403.26,Purchase,Online Shopping,880,59,Bengaluru,Mobile,Credit Card,136.31,3,0,0,266.95,2.936858204063797,0,0,0,11,13,3,0.00048378887,0
TXN108795,CUST12005,2025-11-17,04:04:49,104.08,Purchase,Grocery,2405,27,Nagpur,ATM,Debit Card,32.97,1,1,1,71.11,3.063879894024139,0,0,1,11,17,0,0.9629981,1
TXN107986,CUST11755,2025-10-18,17:16:02,93.09,Withdrawal,Fuel,2643,38,Jaipur,ATM,UPI,38.12,3,0,0,54.970000000000006,2.379601226993865,0,0,0,10,18,5,0.0064937463,0
TXN104496,CUST11028,2025-06-13,16:05:54,319.85,Withdrawal,Fuel,3346,57,Delhi,ATM,Wallet,494.69,3,0,0,-174.83999999999997,0.645262159817628,0,0,0,6,13,4,0.013993622,0
TXN109843,CUST10312,2025-12-25,07:42:17,49.09,Withdrawal,Grocery,1077,25,Nagpur,Desktop,Credit Card,98.37,2,0,0,-49.28,0.4940122773472879,0,0,0,12,25,3,0.0006860649,0
TXN103218,CUST11378,2025-04-28,03:31:33,1044.35,Purchase,Restaurant,951,28,Hyderabad,Mobile,Wallet,116.89,2,0,0,927.4599999999999,8.858681822037491,0,0,1,4,28,0,0.3026067,0
TXN104624,CUST11083,2025-06-18,07:55:49,163.98,Bill Payment,Online Shopping,2529,21,Ahmedabad,ATM,UPI,127.26,0,0,0,36.719999999999985,1.2784968033681585,0,0,0,6,18,2,0.02257978,0
TXN102859,CUST11289,2025-04-15,01:52:19,132.96,Purchase,Travel,924,70,Mumbai,Mobile,Credit Card,515.88,4,0,0,-382.91999999999996,0.25723572202445444,0,0,0,4,15,1,0.032143123,0
TXN109321,CUST11472,2025-12-06,07:38:23,96.68,Bill Payment,Entertainment,43,51,Mumbai,Mobile,Wallet,86.08,1,0,0,10.600000000000009,1.1102434542949013,0,0,0,12,6,5,0.022972763,0
TXN109844,CUST11017,2025-12-25,08:34:42,154.59,Purchase,Travel,3333,42,Delhi,Desktop,Net Banking,156.58,4,0,0,-1.990000000000009,0.9810255108516308,0,0,0,12,25,3,0.0010354152,0
TXN101699,CUST11847,2025-03-03,20:23:41,148.72,Bill Payment,Other,2376,60,Bengaluru,ATM,Net Banking,184.99,1,0,0,-36.27000000000001,0.799612882413033,0,0,0,3,3,0,0.0006864795,0
TXN108425,CUST11291,2025-11-03,16:48:57,277.86,Purchase,Grocery,1603,26,Pune,ATM,Debit Card,87.54,4,0,0,190.32,3.1382426022136887,0,0,1,11,3,0,0.0041426285,0
TXN106339,CUST10926,2025-08-19,18:18:15,124.92,Purchase,Fuel,3296,73,Kolkata,Mobile,Debit Card,29.04,2,0,0,95.88,4.1584553928095875,0,0,1,8,19,1,0.000514239,0
TXN109757,CUST11545,2025-12-22,04:34:03,119.49,Deposit,Healthcare,2295,33,Bengaluru,Mobile,Credit Card,63.38,2,0,0,56.10999999999999,1.8560111835973905,0,0,0,12,22,0,0.00083454256,0
TXN104748,CUST11092,2025-06-22,20:16:03,30.17,Transfer,Grocery,2472,51,Hyderabad,Mobile,Net Banking,712.8,2,0,0,-682.63,0.04226674138414122,0,0,0,6,22,6,0.004634414,0
TXN102344,CUST12160,2025-03-27,07:55:23,143.09,Deposit,Grocery,617,44,Hyderabad,Mobile,Wallet,27.87,3,0,0,115.22,4.956356078974714,0,0,1,3,27,3,0.0030998,0
TXN104417,CUST11016,2025-06-10,19:04:37,183.75,Withdrawal,Restaurant,1760,72,Bengaluru,Mobile,Net Banking,300.38,1,0,0,-116.63,0.6096954011546885,0,0,0,6,10,1,0.00568856,0
TXN107542,CUST11464,2025-10-02,13:21:00,360.22,Purchase,Restaurant,176,71,Hyderabad,Mobile,UPI,246.24,1,0,0,113.98000000000002,1.4569648924122311,0,0,0,10,2,3,0.0013585401,0
TXN102420,CUST10905,2025-03-30,02:19:24,345.91,Transfer,Travel,2816,74,Bengaluru,Mobile,Cash,65.81,8,0,0,280.1,5.177518335578506,0,1,1,3,30,6,0.08493891,0
TXN107237,CUST10679,2025-09-21,10:52:31,988.46,Transfer,Grocery,240,69,Kolkata,Mobile,Credit Card,220.44,1,0,0,768.02,4.463782514450867,0,0,1,9,21,6,0.012007305,0
TXN106676,CUST10749,2025-09-01,00:44:12,314.99,Purchase,Grocery,959,44,Nagpur,ATM,Credit Card,649.5,1,0,0,-334.51,0.48422751729438895,0,0,0,9,1,0,0.002665201,0
TXN101907,CUST10262,2025-03-11,10:07:18,96.54,Withdrawal,Travel,678,66,Pune,ATM,Cash,64.18,4,0,0,32.36,1.4811291807302853,0,0,0,3,11,1,0.0012942983,0
TXN106345,CUST11484,2025-08-19,23:32:46,449.42,Bill Payment,Utilities,337,20,Pune,Desktop,Cash,176.29,4,0,0,273.13,2.53494274916803,0,0,0,8,19,1,0.002312402,0
TXN101054,CUST11823,2025-02-08,08:51:59,110.37,Purchase,Other,73,28,Bengaluru,Desktop,Cash,338.58,0,0,0,-228.20999999999998,0.3250191412921845,0,0,0,2,8,5,0.0007909747,0
TXN104405,CUST10416,2025-06-10,08:35:34,48.95,Bill Payment,Online Shopping,771,24,Ahmedabad,Tablet,Cash,37.05,1,0,0,11.900000000000006,1.2864651773981606,0,0,0,6,10,1,0.00073631096,0
TXN105933,CUST10365,2025-08-04,23:35:13,79.19,Deposit,Fuel,1070,69,Delhi,Mobile,Debit Card,141.34,3,0,0,-62.150000000000006,0.556343965153857,0,0,0,8,4,0,0.000572766,0
TXN101837,CUST11357,2025-03-08,20:57:49,461.71,Purchase,Grocery,659,62,Bengaluru,ATM,Net Banking,243.45,1,0,0,218.26,1.8887707097565964,0,0,0,3,8,5,0.0008259549,0
TXN105751,CUST12172,2025-07-29,08:34:33,225.55,Bill Payment,Grocery,3162,38,Bengaluru,Desktop,Debit Card,44.45,1,0,0,181.10000000000002,4.962596259625963,0,0,1,7,29,1,0.000512473,0
TXN106791,CUST10455,2025-09-05,05:12:39,124.62,Transfer,Restaurant,1471,73,Chennai,ATM,Cash,198.67,3,0,0,-74.04999999999998,0.6241298141934192,0,0,0,9,5,4,0.0026619595,0
TXN109835,CUST10985,2025-12-25,00:42:54,122.94,Transfer,Other,2293,69,Bengaluru,ATM,Debit Card,160.87,2,0,0,-37.93000000000001,0.7594983628837956,0,0,0,12,25,3,0.008220937,0
TXN107684,CUST10368,2025-10-07,17:24:49,233.66,Bill Payment,Electronics,3597,19,Bengaluru,Mobile,Credit Card,112.68,3,1,0,120.97999999999999,2.0554187192118225,0,0,0,10,7,1,0.035011224,0
TXN103797,CUST10602,2025-05-19,05:23:27,176.34,Purchase,Online Shopping,54,24,Nagpur,Mobile,Cash,135.24,3,1,0,41.099999999999994,1.2943335290663533,0,0,0,5,19,0,0.0029892824,0
TXN103722,CUST10609,2025-05-16,11:51:51,20.5,Bill Payment,Fuel,1683,62,Hyderabad,Mobile,Cash,140.89,3,0,0,-120.38999999999999,0.14447811685108183,0,0,0,5,16,4,0.0010086765,0
TXN102030,CUST11960,2025-03-15,21:35:07,32.54,Purchase,Travel,227,75,Bengaluru,Mobile,UPI,60.56,1,0,0,-28.020000000000003,0.5285899935022742,0,0,0,3,15,5,0.0015016133,0
TXN101229,CUST12235,2025-02-14,17:45:42,144.49,Transfer,Other,1882,57,Ahmedabad,Mobile,UPI,106.05,4,0,0,38.44000000000001,1.3497431106959366,0,0,0,2,14,4,0.004280968,0
TXN101345,CUST10037,2025-02-18,23:06:34,211.12,Bill Payment,Grocery,2406,72,Ahmedabad,Mobile,Credit Card,179.23,0,0,0,31.890000000000015,1.1713921100815625,0,0,0,2,18,1,0.0040730266,0
TXN108873,CUST10976,2025-11-20,00:13:40,43.11,Bill Payment,Other,3192,42,Hyderabad,Desktop,Cash,169.6,4,0,0,-126.49,0.2526963657678781,0,0,0,11,20,3,0.0005541283,0
TXN104572,CUST10890,2025-06-16,10:29:55,1056.68,Purchase,Fuel,1286,75,Chennai,Mobile,UPI,74.35,2,0,0,982.33,14.023623092236233,0,0,1,6,16,0,0.010808034,0
TXN100146,CUST10972,2025-01-06,07:33:30,157.61,Transfer,Fuel,2375,49,Mumbai,ATM,Debit Card,111.79,3,0,0,45.82000000000001,1.397375653870024,0,0,0,1,6,0,0.016332518,0
TXN109559,CUST10243,2025-12-14,23:34:39,351.85,Transfer,Entertainment,1237,36,Nagpur,ATM,Debit Card,411.39,4,0,0,-59.539999999999964,0.8531972162273577,0,0,0,12,14,6,0.11252491,0
TXN109812,CUST10291,2025-12-24,04:37:13,477.23,Deposit,Other,989,58,Ahmedabad,ATM,Net Banking,194.11,4,0,0,283.12,2.4459535646558352,0,0,0,12,24,2,0.0010469566,0
TXN100884,CUST10131,2025-02-02,04:20:22,119.29,Purchase,Fuel,3037,49,Mumbai,Mobile,Debit Card,61.85,3,0,0,57.440000000000005,1.898011137629276,0,0,0,2,2,6,0.0009339864,0
TXN105103,CUST10410,2025-07-05,18:25:35,122.75,Purchase,Travel,1769,53,Bengaluru,Mobile,Net Banking,907.85,2,0,1,-785.1,0.13506079110964406,0,0,0,7,5,5,0.00044960357,0
TXN105299,CUST10924,2025-07-12,21:40:09,117.92,Purchase,Grocery,3340,28,Bengaluru,ATM,Credit Card,75.94,2,0,0,41.980000000000004,1.5326228229789447,0,0,0,7,12,5,0.0028068905,0
TXN106381,CUST11320,2025-08-21,06:59:56,116.64,Purchase,Online Shopping,642,72,Delhi,Mobile,Wallet,850.21,3,0,0,-733.57,0.13702846536107424,0,0,0,8,21,3,0.0037348098,0
TXN102907,CUST11403,2025-04-16,19:48:33,128.88,Deposit,Online Shopping,620,23,Hyderabad,Mobile,Cash,55.4,3,0,0,73.47999999999999,2.2851063829787233,0,0,0,4,16,2,0.00017469718,0
TXN101116,CUST12076,2025-02-10,15:02:06,275.07,Purchase,Restaurant,562,72,Nagpur,ATM,Wallet,220.53,4,0,0,54.53999999999999,1.241682842052995,0,0,0,2,10,0,0.00901474,0
TXN108544,CUST10146,2025-11-08,00:47:05,205.33,Transfer,Entertainment,383,46,Pune,Desktop,Debit Card,145.18,0,0,0,60.150000000000006,1.4046381173895197,0,0,0,11,8,5,0.011605903,0
TXN104546,CUST11986,2025-06-15,11:46:58,303.4,Purchase,Healthcare,1736,33,Delhi,Mobile,Credit Card,125.65,0,0,0,177.74999999999997,2.3955783655744174,0,0,0,6,15,6,0.0021679096,0
TXN105115,CUST12099,2025-07-06,04:54:39,94.99,Purchase,Healthcare,1289,31,Delhi,ATM,Wallet,133.86,3,0,0,-38.87000000000002,0.7043600771170101,0,0,0,7,6,6,0.039056193,0
TXN100257,CUST10815,2025-01-10,08:32:15,596.16,Bill Payment,Online Shopping,635,27,Chennai,Mobile,Credit Card,26.87,3,0,0,569.29,21.39074273412271,0,0,1,1,10,4,0.0029462357,0
TXN109754,CUST10493,2025-12-22,01:56:47,196.42,Transfer,Restaurant,3457,41,Chennai,Mobile,Net Banking,43.85,3,0,0,152.57,4.379487179487179,0,0,1,12,22,0,0.003236714,0
TXN106350,CUST10753,2025-08-20,03:54:53,163.25,Transfer,Online Shopping,1170,34,Jaipur,Desktop,Cash,72.32,4,0,0,90.93,2.226541189307147,0,0,0,8,20,2,0.000919771,0
TXN103376,CUST11275,2025-05-03,21:34:06,358.03,Purchase,Restaurant,1932,18,Nagpur,Mobile,Credit Card,122.0,1,0,0,236.02999999999997,2.910813008130081,0,0,0,5,3,5,0.004902169,0
TXN104014,CUST10249,2025-05-27,02:58:51,54.39,Deposit,Utilities,2810,70,Hyderabad,Desktop,Cash,56.45,2,1,0,-2.0600000000000023,0.9467362924281983,0,0,0,5,27,1,0.007771754,0
TXN107584,CUST11613,2025-10-04,02:02:42,228.71,Purchase,Restaurant,2057,36,Bengaluru,Mobile,Credit Card,138.49,1,0,0,90.22,1.6396157430640188,0,0,0,10,4,5,0.004539845,0
TXN107892,CUST10292,2025-10-15,07:08:26,54.35,Deposit,Travel,1878,22,Mumbai,ATM,Cash,55.57,0,0,0,-1.2199999999999989,0.9607565847622415,0,0,0,10,15,2,0.019995984,0
TXN103835,CUST11007,2025-05-20,14:35:27,173.93,Transfer,Utilities,2281,73,Ahmedabad,Mobile,Cash,114.62,2,0,0,59.31,1.5043245113302197,0,0,0,5,20,1,0.003705568,0
TXN109472,CUST11883,2025-12-11,19:34:00,322.17,Purchase,Utilities,848,36,Mumbai,Mobile,Debit Card,56.03,2,0,0,266.14,5.649132035770648,0,0,1,12,11,3,0.00094718626,0
TXN109109,CUST11505,2025-11-28,14:25:05,245.03,Transfer,Grocery,2332,29,Pune,ATM,UPI,33.84,2,0,1,211.19,7.033008036739379,0,0,1,11,28,4,0.11395638,0
TXN108822,CUST10803,2025-11-18,03:40:11,5.33,Purchase,Restaurant,1224,40,Kolkata,Mobile,Credit Card,230.16,3,0,0,-224.82999999999998,0.023057622426025264,0,0,0,11,18,1,0.00074231933,0
TXN100102,CUST11751,2025-01-04,17:06:58,938.53,Purchase,Electronics,632,62,Ahmedabad,ATM,Cash,137.4,3,0,0,801.13,6.78128612716763,0,0,1,1,4,5,0.04301739,0
TXN105281,CUST10143,2025-07-12,05:56:34,71.2,Purchase,Other,2006,45,Ahmedabad,Mobile,Net Banking,167.54,6,0,0,-96.33999999999999,0.4224516435267593,0,0,0,7,12,5,0.011912614,0
TXN104834,CUST10227,2025-06-25,23:24:17,524.8,Purchase,Grocery,2260,27,Chennai,Tablet,UPI,72.26,1,0,0,452.53999999999996,7.163527163527163,0,0,1,6,25,2,0.0010611821,0
TXN106714,CUST11582,2025-09-02,09:56:13,3760.57,Deposit,Healthcare,3412,27,Bengaluru,Mobile,Net Banking,86.93,6,0,0,3673.6400000000003,42.76776981689981,0,0,1,9,2,1,0.024186376,0
TXN108718,CUST11717,2025-11-14,08:48:23,324.77,Withdrawal,Other,349,57,Mumbai,ATM,UPI,396.39,4,0,0,-71.62,0.8172576058783563,0,0,0,11,14,4,0.011802628,0
TXN109552,CUST10912,2025-12-14,17:27:42,105.29,Bill Payment,Utilities,275,65,Ahmedabad,Mobile,Net Banking,468.35,1,0,0,-363.06,0.2243315223180995,0,0,0,12,14,6,0.0012996149,0
TXN108202,CUST10235,2025-10-26,13:59:01,119.05,Transfer,Travel,2055,63,Kolkata,Mobile,Debit Card,543.87,2,0,0,-424.82,0.2184924844458311,0,0,0,10,26,6,0.0083463015,0
TXN107758,CUST10362,2025-10-10,10:03:59,322.28,Withdrawal,Other,3124,64,Nagpur,Desktop,Debit Card,935.12,2,0,0,-612.84,0.34427210186728197,0,0,0,10,10,4,0.0003635485,0
TXN108176,CUST10238,2025-10-25,15:16:04,238.34,Purchase,Utilities,3634,64,Nagpur,Mobile,Cash,370.68,2,0,0,-132.34,0.6412505380972879,0,0,0,10,25,5,0.0009925696,0
TXN105388,CUST10998,2025-07-16,03:25:39,55.43,Transfer,Restaurant,3410,45,Delhi,Mobile,Net Banking,114.46,1,0,0,-59.029999999999994,0.4800796812749004,0,0,0,7,16,2,0.006099788,0
TXN109980,CUST12264,2025-12-30,07:23:59,56.15,Bill Payment,Other,854,46,Pune,Mobile,Credit Card,746.14,3,0,0,-689.99,0.07515325106405761,0,0,0,12,30,1,0.00048658552,0
TXN109588,CUST10302,2025-12-16,00:54:52,366.95,Bill Payment,Online Shopping,698,26,Hyderabad,Mobile,Credit Card,29.43,0,0,0,337.52,12.058823529411764,0,0,1,12,16,1,0.0012344685,0
TXN102507,CUST10883,2025-04-02,06:20:03,144.1,Transfer,Utilities,2797,53,Kolkata,Mobile,Net Banking,76.99,1,0,0,67.11,1.847672778561354,0,0,0,4,2,2,0.0012770254,0
TXN100119,CUST10563,2025-01-05,07:58:07,121.35,Transfer,Restaurant,1779,39,Chennai,Mobile,Credit Card,400.86,4,0,1,-279.51,0.30197083561439303,0,0,0,1,5,6,0.0030967633,0
TXN106110,CUST10468,2025-08-11,10:13:47,72.26,Purchase,Grocery,2850,70,Pune,Desktop,Wallet,142.42,1,0,0,-70.15999999999998,0.5038348905313067,0,0,0,8,11,0,0.003958837,0
TXN103811,CUST12170,2025-05-19,17:37:21,266.11,Transfer,Travel,1876,27,Jaipur,Desktop,Cash,21.19,2,0,0,244.92000000000002,11.992338891392519,0,0,1,5,19,0,0.032520168,0
TXN104271,CUST11447,2025-06-05,11:31:07,115.38,Purchase,Restaurant,2269,66,Hyderabad,Mobile,UPI,72.58,2,0,0,42.8,1.5680891546615927,0,0,0,6,5,3,0.00016235311,0
TXN108078,CUST12118,2025-10-22,01:38:47,138.26,Purchase,Utilities,2342,73,Kolkata,Mobile,Wallet,97.61,0,0,0,40.64999999999999,1.4020890376229591,0,0,0,10,22,2,0.006530145,0
TXN103252,CUST11088,2025-04-29,09:13:52,64.28,Withdrawal,Grocery,1518,63,Pune,Mobile,Net Banking,239.39,4,1,0,-175.10999999999999,0.26739881026665,0,0,0,4,29,1,0.0095411865,0
TXN106649,CUST12400,2025-08-31,01:08:50,157.71,Purchase,Entertainment,749,28,Pune,ATM,Wallet,77.45,1,0,0,80.26,2.0103250478011474,0,0,0,8,31,6,0.068609476,0
TXN108439,CUST11814,2025-11-04,05:02:51,698.78,Purchase,Online Shopping,3281,38,Chennai,Tablet,Credit Card,558.78,2,0,0,140.0,1.248311836793026,0,0,0,11,4,1,0.0033614086,0
TXN106494,CUST10208,2025-08-25,09:43:32,90.73,Bill Payment,Restaurant,999,31,Nagpur,ATM,Wallet,52.31,4,0,0,38.42,1.70193209529169,0,0,0,8,25,0,0.02113067,0
TXN102491,CUST11317,2025-04-01,16:21:18,236.57,Deposit,Online Shopping,653,27,Bengaluru,ATM,Net Banking,112.27,0,0,0,124.3,2.0885494835349165,0,0,0,4,1,1,0.004080389,0
TXN102490,CUST10343,2025-04-01,15:28:53,260.69,Bill Payment,Travel,1702,18,Kolkata,Mobile,Debit Card,236.87,3,0,0,23.819999999999993,1.0959347542775466,0,0,0,4,1,1,0.0024353804,0
TXN100030,CUST10189,2025-01-02,02:12:38,794.19,Purchase,Restaurant,1399,55,Jaipur,Mobile,Debit Card,134.77,1,1,0,659.4200000000001,5.849524931870074,0,0,1,1,2,3,0.46061906,0
TXN109034,CUST10988,2025-11-25,20:53:30,117.61,Purchase,Travel,553,52,Bengaluru,Mobile,Debit Card,57.61,2,1,0,60.0,2.0066541545811294,0,0,0,11,25,1,0.003845595,0
TXN107289,CUST12308,2025-09-23,08:18:26,264.68,Deposit,Online Shopping,2262,68,Pune,Desktop,Cash,198.36,0,0,0,66.32,1.3276484751203852,0,0,0,9,23,1,0.0071620257,0
TXN104542,CUST10738,2025-06-15,08:17:16,616.64,Deposit,Restaurant,3172,68,Bengaluru,ATM,Net Banking,248.2,1,0,0,368.44,2.474478330658106,0,0,0,6,15,6,0.006162485,0
TXN102669,CUST10595,2025-04-08,03:52:17,117.88,Purchase,Other,2971,72,Delhi,Mobile,Net Banking,501.33,0,0,0,-383.45,0.2346664543228555,0,0,0,4,8,1,0.0018660626,0
TXN105674,CUST10446,2025-07-26,13:18:07,107.04,Transfer,Travel,388,36,Delhi,Desktop,Net Banking,266.72,2,0,0,-159.68,0.39982070820259974,0,0,0,7,26,5,0.01372301,0
TXN109453,CUST10532,2025-12-11,02:58:00,125.37,Transfer,Utilities,2173,69,Mumbai,Mobile,Net Banking,109.52,3,0,0,15.850000000000009,1.1343648208469057,0,0,0,12,11,3,0.0018107012,0
TXN108624,CUST10091,2025-11-10,22:40:47,187.83,Deposit,Utilities,1999,42,Nagpur,ATM,Debit Card,98.71,4,0,0,89.12000000000002,1.883762912446094,0,0,0,11,10,0,0.005034809,0
TXN102116,CUST11940,2025-03-19,00:43:20,52.0,Purchase,Other,42,42,Chennai,Mobile,UPI,248.83,0,0,0,-196.83,0.20814153624464635,0,0,0,3,19,2,0.015414301,0
TXN101750,CUST11198,2025-03-05,16:57:10,702.51,Bill Payment,Fuel,192,39,Bengaluru,ATM,Credit Card,223.24,3,1,1,479.27,3.1328487334998214,0,0,1,3,5,2,0.9459418,1
TXN106385,CUST11545,2025-08-21,10:29:37,78.44,Transfer,Electronics,310,39,Ahmedabad,ATM,Net Banking,23.97,3,1,1,54.47,3.1413696435722867,0,0,1,8,21,3,0.9808775,1
TXN105873,CUST10026,2025-08-02,19:09:57,64.26,Withdrawal,Electronics,3288,55,Hyderabad,ATM,Debit Card,210.47,3,1,1,-146.20999999999998,0.3038728897715988,0,0,0,8,2,5,0.9149508,1
TXN106836,CUST10282,2025-09-06,20:31:36,247.56,Purchase,Healthcare,1251,47,Pune,ATM,Debit Card,57.41,3,0,0,190.15,4.238315356959425,0,0,1,9,6,5,0.014152055,0
TXN103253,CUST10355,2025-04-29,10:06:18,896.06,Purchase,Restaurant,2021,58,Pune,Tablet,Net Banking,67.36,1,0,0,828.6999999999999,13.107957870099472,0,0,1,4,29,1,0.0029276907,0
TXN105652,CUST10966,2025-07-25,18:04:51,132.84,Purchase,Grocery,3580,54,Pune,Mobile,Cash,68.8,0,0,0,64.04,1.9031518624641834,0,0,0,7,25,4,0.0012914189,0
TXN104396,CUST12004,2025-06-10,00:43:46,168.3,Purchase,Restaurant,1182,22,Hyderabad,Tablet,Wallet,282.83,0,0,0,-114.52999999999997,0.5929605749920728,0,0,0,6,10,1,0.023819178,0
TXN104106,CUST10498,2025-05-30,11:21:37,113.71,Bill Payment,Travel,77,35,Ahmedabad,ATM,Wallet,668.9,2,0,0,-555.1899999999999,0.16974175250037318,0,0,0,5,30,4,0.05527605,0
TXN109310,CUST11511,2025-12-05,22:01:45,125.58,Transfer,Healthcare,194,68,Nagpur,Mobile,Debit Card,233.69,3,0,0,-108.11,0.5350888405982359,0,0,0,12,5,4,0.00061428925,0
TXN101529,CUST11415,2025-02-25,15:52:04,322.75,Purchase,Restaurant,579,37,Ahmedabad,Mobile,Net Banking,690.96,2,0,0,-368.21000000000004,0.46642869530030634,0,0,0,2,25,1,0.0022763612,0
TXN105133,CUST10117,2025-07-06,20:38:14,38.57,Withdrawal,Travel,1983,73,Chennai,Desktop,Debit Card,193.35,1,0,0,-154.78,0.19845639310522253,0,0,0,7,6,6,0.001136275,0
TXN104361,CUST10765,2025-06-08,18:09:02,75.74,Deposit,Fuel,1608,47,Kolkata,Desktop,Credit Card,532.11,2,0,0,-456.37,0.14207199264692089,0,0,0,6,8,6,0.0006820708,0
TXN102352,CUST10970,2025-03-27,14:54:45,353.89,Bill Payment,Healthcare,678,52,Delhi,ATM,Wallet,377.81,1,0,0,-23.920000000000016,0.9342150418415565,0,0,0,3,27,3,0.011204241,0
TXN108531,CUST12353,2025-11-07,13:25:36,248.79,Transfer,Other,2680,69,Delhi,Desktop,Debit Card,24.04,1,0,0,224.75,9.935702875399361,0,0,1,11,7,4,0.003042635,0
TXN104225,CUST11938,2025-06-03,19:19:44,431.72,Bill Payment,Fuel,2559,24,Chennai,ATM,Net Banking,195.68,3,1,1,236.04000000000002,2.195037624567826,0,0,0,6,3,1,0.9694122,1
TXN107589,CUST11097,2025-10-04,06:24:48,177.0,Purchase,Electronics,2209,39,Pune,Mobile,Net Banking,42.92,0,0,0,134.07999999999998,4.030054644808743,0,0,1,10,4,5,0.003370924,0
TXN108017,CUST11875,2025-10-19,20:21:05,37.71,Withdrawal,Online Shopping,800,31,Hyderabad,ATM,Net Banking,105.61,2,0,0,-67.9,0.35371916330550607,0,0,0,10,19,6,0.0066621997,0
TXN105800,CUST10839,2025-07-31,03:23:12,437.02,Purchase,Utilities,1963,57,Delhi,Mobile,Debit Card,153.48,3,0,0,283.53999999999996,2.8289746245468668,0,0,0,7,31,3,0.00031798045,0
TXN108524,CUST11598,2025-11-07,07:18:40,32.23,Deposit,Healthcare,1348,26,Jaipur,Mobile,UPI,174.2,3,0,0,-141.97,0.18396118721461185,0,0,0,11,7,4,0.0021692128,0
TXN101172,CUST11040,2025-02-12,15:57:41,72.2,Purchase,Healthcare,220,26,Kolkata,ATM,Cash,173.18,4,0,0,-100.98,0.4145137214375933,0,0,0,2,12,2,0.010276974,0
TXN108561,CUST11206,2025-11-08,15:38:15,165.22,Transfer,Healthcare,779,36,Bengaluru,Desktop,Credit Card,820.56,3,0,0,-655.3399999999999,0.20110521447003263,0,0,0,11,8,5,0.0030900254,0
TXN106378,CUST10054,2025-08-21,04:22:40,115.56,Purchase,Restaurant,2743,49,Chennai,ATM,Net Banking,112.87,3,0,0,2.6899999999999977,1.0148414859049792,0,0,0,8,21,3,0.0058437437,0
TXN102707,CUST10987,2025-04-09,13:04:18,646.74,Bill Payment,Travel,2731,58,Chennai,Mobile,Cash,130.91,0,0,0,515.83,4.902888332954287,0,0,1,4,9,2,0.0019913665,0
TXN103069,CUST10125,2025-04-22,17:20:47,381.22,Purchase,Online Shopping,531,25,Kolkata,Mobile,Debit Card,298.21,3,0,0,83.01000000000005,1.274088432873233,0,0,0,4,22,1,0.00071628595,0
TXN102121,CUST11731,2025-03-19,05:05:27,115.28,Withdrawal,Restaurant,2305,70,Nagpur,Mobile,Debit Card,206.02,1,0,0,-90.74000000000001,0.5568544102019128,0,0,0,3,19,2,0.00095813704,0
TXN109522,CUST10897,2025-12-13,15:15:04,212.12,Purchase,Other,153,53,Jaipur,Mobile,Wallet,48.69,2,0,0,163.43,4.268866975246529,0,0,1,12,13,5,0.010425853,0
TXN103938,CUST11348,2025-05-24,08:34:51,34.71,Purchase,Online Shopping,288,45,Pune,Mobile,Wallet,56.24,2,0,0,-21.53,0.6063941299790356,0,0,0,5,24,5,0.007102015,0
TXN104489,CUST10536,2025-06-13,09:58:57,547.91,Purchase,Online Shopping,3468,19,Pune,Mobile,Net Banking,58.88,2,0,0,489.03,9.150133600534401,0,0,1,6,13,4,0.009943045,0
TXN108736,CUST11284,2025-11-15,00:31:58,329.08,Bill Payment,Travel,2043,19,Bengaluru,Mobile,Wallet,132.84,3,1,1,196.23999999999998,2.4587567244471007,0,0,0,11,15,5,0.16882212,0
TXN104947,CUST11260,2025-06-30,02:07:53,607.98,Withdrawal,Online Shopping,931,74,Kolkata,ATM,Debit Card,87.99,2,0,0,519.99,6.8320035959096534,0,0,1,6,30,0,0.008449214,0
TXN107404,CUST10337,2025-09-27,12:46:52,218.93,Transfer,Fuel,596,32,Delhi,Desktop,Cash,28.07,0,0,0,190.86,7.531131750945993,0,0,1,9,27,5,0.009326062,0
TXN104669,CUST11774,2025-06-19,23:14:46,200.34,Transfer,Utilities,1980,21,Bengaluru,ATM,Cash,67.7,3,0,1,132.64,2.9161572052401747,0,0,0,6,19,3,0.63165295,1
TXN105602,CUST10110,2025-07-23,22:23:47,74.57,Transfer,Other,778,66,Kolkata,Mobile,Net Banking,1200.48,1,0,0,-1125.91,0.06206511968572094,0,0,0,7,23,2,0.0022512078,0
TXN102896,CUST11889,2025-04-16,10:11:55,320.13,Withdrawal,Grocery,2502,32,Bengaluru,Mobile,Cash,192.25,2,0,0,127.88,1.6565588615782665,0,0,0,4,16,2,0.0002615484,0
TXN100691,CUST10204,2025-01-26,03:43:04,32.71,Purchase,Restaurant,803,39,Mumbai,Mobile,Credit Card,283.77,1,0,0,-251.05999999999997,0.11486462759419884,0,0,0,1,26,6,0.0039343475,0
TXN108162,CUST12286,2025-10-25,03:02:10,241.22,Bill Payment,Entertainment,2395,34,Jaipur,Tablet,Debit Card,270.44,1,0,0,-29.22,0.8886678455643973,0,0,0,10,25,5,0.006268411,0
TXN100559,CUST12220,2025-01-21,08:23:28,120.34,Deposit,Travel,1204,60,Bengaluru,Mobile,Wallet,98.28,2,0,0,22.060000000000002,1.2121273166800968,0,0,0,1,21,1,0.005293068,0
TXN104216,CUST11230,2025-06-03,11:27:57,74.55,Purchase,Electronics,3445,66,Kolkata,ATM,Cash,971.19,1,0,1,-896.6400000000001,0.07668254147851757,0,0,0,6,3,1,0.0006382123,0
TXN108905,CUST11481,2025-11-21,04:11:09,329.18,Purchase,Fuel,653,50,Nagpur,ATM,Net Banking,70.07,3,0,0,259.11,4.63177149289433,0,0,1,11,21,4,0.005980951,0
TXN108529,CUST11343,2025-11-07,11:40:46,24.96,Transfer,Utilities,3560,41,Pune,Mobile,Credit Card,277.94,0,0,0,-252.98,0.0894816089481609,0,0,0,11,7,4,0.00074085785,0
TXN109848,CUST11017,2025-12-25,12:04:23,364.04,Deposit,Healthcare,2558,75,Delhi,Mobile,Debit Card,62.21,1,0,0,301.83000000000004,5.75921531403259,0,0,1,12,25,3,0.00065251015,0
TXN107532,CUST12147,2025-10-02,04:36:47,283.81,Bill Payment,Restaurant,3256,27,Ahmedabad,Mobile,Net Banking,70.24,2,1,0,213.57,3.9838573834924205,0,0,1,10,2,3,0.0128587475,0
TXN104800,CUST11923,2025-06-24,17:41:57,107.24,Bill Payment,Utilities,2174,61,Kolkata,Mobile,Net Banking,134.58,2,0,0,-27.340000000000018,0.7909721197816786,0,0,0,6,24,1,0.0013106856,0
TXN105658,CUST10689,2025-07-25,23:19:23,858.47,Transfer,Fuel,162,73,Mumbai,Mobile,Net Banking,517.58,1,0,0,340.89,1.655424428246365,0,0,0,7,25,4,0.0041914647,0
TXN109752,CUST10958,2025-12-22,00:11:57,693.36,Transfer,Grocery,784,28,Pune,Mobile,Wallet,27.88,2,0,1,665.48,24.00831024930748,0,0,1,12,22,0,0.8693523,1
TXN100150,CUST11479,2025-01-06,11:03:11,65.19,Purchase,Entertainment,1512,40,Mumbai,Desktop,Net Banking,83.54,1,0,0,-18.35000000000001,0.7711142654364797,0,0,0,1,6,0,0.0032455625,0
TXN106496,CUST11311,2025-08-25,11:28:23,234.17,Purchase,Healthcare,3428,18,Jaipur,Mobile,Net Banking,63.89,3,0,0,170.27999999999997,3.608722453382647,0,0,1,8,25,0,0.0012261576,0
TXN103611,CUST10999,2025-05-12,10:53:06,13.24,Bill Payment,Electronics,2897,20,Nagpur,ATM,Cash,231.44,5,0,0,-218.2,0.05696093615556703,0,0,0,5,12,0,0.03502308,0
TXN104730,CUST11216,2025-06-22,04:32:28,304.92,Transfer,Electronics,2214,19,Delhi,Mobile,Cash,149.16,0,0,0,155.76000000000002,2.0306339904102293,0,0,0,6,22,6,0.008002104,0
TXN102587,CUST11395,2025-04-05,04:13:45,50.09,Transfer,Utilities,2164,53,Ahmedabad,Mobile,Net Banking,178.93,5,1,0,-128.84,0.27838603901517256,0,0,0,4,5,5,0.047778364,0
TXN109331,CUST11388,2025-12-06,16:22:36,275.5,Withdrawal,Electronics,2572,19,Pune,Mobile,UPI,101.81,2,0,0,173.69,2.6797004182472524,0,0,0,12,6,5,0.0014887949,0
TXN107186,CUST11475,2025-09-19,14:19:02,62.88,Purchase,Entertainment,128,20,Bengaluru,Desktop,UPI,275.0,2,0,0,-212.12,0.22782608695652176,0,0,0,9,19,4,0.0034906717,0
TXN106005,CUST10147,2025-08-07,14:29:33,576.19,Purchase,Fuel,295,30,Nagpur,Mobile,Net Banking,111.38,2,0,0,464.81000000000006,5.127157857269977,0,0,1,8,7,3,0.002610257,0
TXN104970,CUST10922,2025-06-30,22:13:34,276.45,Purchase,Restaurant,1690,62,Delhi,Mobile,Wallet,98.89,3,0,0,177.56,2.7675442987286014,0,0,0,6,30,0,0.0015511321,0
TXN109455,CUST11938,2025-12-11,04:42:50,620.37,Purchase,Online Shopping,1486,43,Delhi,Tablet,Credit Card,129.28,0,0,0,491.09000000000003,4.761820693890083,0,0,1,12,11,3,0.0039679594,0
TXN109008,CUST12279,2025-11-24,22:10:32,28.3,Transfer,Online Shopping,995,43,Kolkata,Mobile,Net Banking,60.55,0,0,0,-32.25,0.4597887896019497,0,0,0,11,24,0,0.0016213051,0
TXN106096,CUST12244,2025-08-10,21:59:53,227.92,Bill Payment,Online Shopping,2159,64,Chennai,Desktop,UPI,987.06,7,0,0,-759.14,0.23067425055158594,0,1,0,8,10,6,0.12837581,0
TXN104597,CUST11358,2025-06-17,08:20:27,48.06,Transfer,Healthcare,608,41,Jaipur,Mobile,Wallet,65.1,3,0,0,-17.039999999999992,0.7270801815431166,0,0,0,6,17,1,0.033965956,0
TXN101763,CUST11310,2025-03-06,04:18:38,1384.74,Transfer,Electronics,2972,38,Hyderabad,Mobile,Debit Card,898.17,1,0,0,486.57000000000005,1.5400202408888197,0,0,0,3,6,3,0.0030737533,0
TXN104455,CUST10272,2025-06-12,04:16:38,127.28,Deposit,Utilities,2964,66,Ahmedabad,Desktop,Debit Card,138.85,0,0,0,-11.569999999999993,0.9101179835538077,0,0,0,6,12,3,0.00076500647,0
TXN100006,CUST10466,2025-01-01,05:14:31,91.03,Transfer,Entertainment,1692,44,Ahmedabad,Mobile,Net Banking,82.43,3,0,0,8.599999999999994,1.091094330576531,0,0,0,1,1,2,0.0024626849,0
TXN108785,CUST10090,2025-11-16,19:20:36,260.91,Purchase,Utilities,1485,69,Chennai,Mobile,Cash,135.82,3,0,0,125.09000000000003,1.9069580470691423,0,0,0,11,16,6,0.001147354,0
TXN107769,CUST11702,2025-10-10,19:40:37,37.52,Purchase,Grocery,3614,27,Chennai,Tablet,Cash,44.17,2,0,0,-6.649999999999999,0.8306398051804296,0,0,0,10,10,4,0.0032524047,0
TXN107368,CUST11017,2025-09-26,05:19:42,353.05,Withdrawal,Grocery,2428,23,Bengaluru,Mobile,Credit Card,94.64,1,0,0,258.41,3.6914470932664156,0,0,1,9,26,4,0.00083806005,0
TXN103585,CUST12230,2025-05-11,12:10:09,87.18,Purchase,Online Shopping,160,58,Kolkata,ATM,Credit Card,132.94,2,0,0,-45.75999999999999,0.6508884575182918,0,0,0,5,11,6,0.0013114217,0
TXN101016,CUST10688,2025-02-06,23:39:58,420.63,Transfer,Other,1551,60,Kolkata,Mobile,Cash,246.59,3,0,0,174.04,1.6988973706530959,0,0,0,2,6,3,0.00020415505,0
TXN100286,CUST10016,2025-01-11,09:52:28,159.43,Bill Payment,Travel,659,69,Bengaluru,Mobile,UPI,156.45,1,0,0,2.980000000000018,1.012575420768498,0,0,0,1,11,5,0.0013479353,0
TXN105629,CUST10565,2025-07-24,21:59:10,1677.49,Transfer,Healthcare,2358,24,Hyderabad,Mobile,UPI,119.01,3,0,0,1558.48,13.9779185067911,0,0,1,7,24,3,0.023823543,0
TXN109907,CUST12234,2025-12-27,15:37:14,105.28,Withdrawal,Online Shopping,1310,19,Bengaluru,Mobile,Cash,130.1,3,0,0,-24.819999999999993,0.8030511060259344,0,0,0,12,27,5,0.0016225112,0
TXN108317,CUST11098,2025-10-30,18:27:28,86.78,Deposit,Other,776,25,Ahmedabad,ATM,Debit Card,38.57,1,1,1,48.21,2.1930755622946676,0,0,0,10,30,3,0.9847462,1
TXN105977,CUST10091,2025-08-06,14:01:45,70.81,Transfer,Electronics,1968,38,Chennai,Mobile,Cash,196.17,0,0,0,-125.35999999999999,0.35913171374955627,0,0,0,8,6,2,0.0020137047,0
TXN100089,CUST11698,2025-01-04,05:45:29,179.2,Purchase,Grocery,1924,48,Kolkata,ATM,Wallet,122.47,2,0,0,56.72999999999999,1.4513647039766744,0,0,0,1,4,5,0.034119986,0
TXN107157,CUST11127,2025-09-18,12:58:49,254.31,Purchase,Entertainment,1359,30,Delhi,Mobile,Net Banking,48.1,2,1,0,206.21,5.179429735234216,0,0,1,9,18,3,0.013780244,0
TXN100141,CUST11496,2025-01-06,03:11:23,177.26,Transfer,Healthcare,568,19,Bengaluru,Tablet,Credit Card,132.17,5,0,0,45.09,1.331080573702786,0,0,0,1,6,0,0.035752904,0
TXN105279,CUST11590,2025-07-12,04:11:44,2037.2,Withdrawal,Other,1465,22,Ahmedabad,Mobile,UPI,82.63,4,0,0,1954.5700000000002,24.35967954083463,0,0,1,7,12,5,0.0063603576,0
TXN102540,CUST10558,2025-04-03,11:09:57,64.9,Withdrawal,Entertainment,1952,54,Pune,Mobile,Debit Card,125.76,0,0,0,-60.86,0.5119911644051751,0,0,0,4,3,3,0.0009319551,0
TXN108870,CUST11578,2025-11-19,21:36:25,109.72,Bill Payment,Utilities,3341,45,Ahmedabad,Mobile,Credit Card,153.69,2,0,0,-43.97,0.7092895468356067,0,0,0,11,19,2,0.00042951197,0
TXN107505,CUST12327,2025-10-01,05:01:25,136.43,Withdrawal,Fuel,3213,39,Ahmedabad,Desktop,Wallet,622.7,2,0,0,-486.27000000000004,0.21874298540965206,0,0,0,10,1,2,0.0015400831,0
TXN109517,CUST11741,2025-12-13,10:52:57,158.64,Purchase,Healthcare,2447,38,Bengaluru,Mobile,Debit Card,80.34,2,0,0,78.29999999999998,1.9503319400049173,0,0,0,12,13,5,0.00045034758,0
TXN104447,CUST10816,2025-06-11,21:17:15,117.38,Purchase,Electronics,31,43,Pune,Tablet,UPI,596.23,6,0,0,-478.85,0.19654069621418882,0,0,0,6,11,2,0.008103885,0
TXN100142,CUST12237,2025-01-06,04:03:48,204.8,Transfer,Healthcare,2286,68,Delhi,ATM,UPI,225.15,4,0,0,-20.349999999999994,0.9055936325447712,0,0,0,1,6,0,0.0061538117,0
TXN102672,CUST10423,2025-04-08,06:29:33,1376.09,Transfer,Fuel,960,23,Mumbai,Tablet,Wallet,763.79,5,0,0,612.3,1.7993043842100445,0,0,0,4,8,1,0.06785585,0
TXN104975,CUST10526,2025-07-01,02:35:40,137.18,Transfer,Entertainment,383,19,Hyderabad,ATM,Wallet,419.1,2,0,1,-281.92,0.32654129969054985,0,0,0,7,1,1,0.98959607,1
TXN106775,CUST11280,2025-09-04,15:13:54,77.35,Purchase,Travel,1495,64,Kolkata,Mobile,Debit Card,418.81,2,0,0,-341.46000000000004,0.18425001786522474,0,0,0,9,4,3,0.00024688707,0
TXN107090,CUST10541,2025-09-16,02:26:36,216.78,Purchase,Fuel,1595,22,Ahmedabad,Tablet,UPI,201.02,2,0,0,15.759999999999991,1.073062073062073,0,0,0,9,16,1,0.00402988,0
TXN100246,CUST12200,2025-01-09,22:55:37,872.76,Purchase,Online Shopping,1902,47,Mumbai,Desktop,Net Banking,182.31,0,0,0,690.45,4.761115051006492,0,0,1,1,9,3,0.0044221827,0
TXN100751,CUST11030,2025-01-28,08:08:21,152.65,Purchase,Entertainment,180,37,Mumbai,ATM,Wallet,302.58,3,0,0,-149.92999999999998,0.5028328611898017,0,0,0,1,28,1,0.17343552,0
TXN102861,CUST10209,2025-04-15,03:37:10,149.07,Transfer,Entertainment,216,40,Chennai,Desktop,Net Banking,214.09,1,0,0,-65.02000000000001,0.6930587196057464,0,0,0,4,15,1,0.010643167,0
TXN102101,CUST10900,2025-03-18,11:37:01,179.92,Purchase,Other,2791,71,Ahmedabad,Tablet,Wallet,462.75,4,0,0,-282.83000000000004,0.38796765498652286,0,0,0,3,18,1,0.0024940406,0
TXN103916,CUST12377,2025-05-23,13:21:35,8.24,Purchase,Entertainment,712,48,Chennai,Mobile,Cash,76.02,3,0,0,-67.78,0.10698519864970138,0,0,0,5,23,4,0.0017737394,0
TXN108542,CUST10388,2025-11-07,23:02:15,216.83,Deposit,Grocery,3483,56,Ahmedabad,Mobile,Debit Card,137.95,3,0,0,78.88000000000002,1.560489384670745,0,0,0,11,7,4,0.00025918442,0
TXN109854,CUST10277,2025-12-25,17:18:55,275.9,Transfer,Fuel,2077,22,Kolkata,Mobile,UPI,202.15,1,0,0,73.74999999999997,1.3581097711050947,0,0,0,12,25,3,0.0051486157,0
TXN106939,CUST11044,2025-09-10,14:30:59,765.42,Transfer,Electronics,1006,45,Chennai,Desktop,Cash,31.86,3,0,0,733.56,23.293365794278756,0,0,1,9,10,2,0.048044063,0
TXN101142,CUST11845,2025-02-11,13:45:03,78.61,Purchase,Restaurant,365,64,Bengaluru,Mobile,UPI,392.89,1,0,0,-314.28,0.1995734849831171,0,0,0,2,11,1,0.0056424597,0
TXN104583,CUST10673,2025-06-16,20:06:33,34.21,Deposit,Grocery,711,31,Nagpur,Mobile,UPI,63.05,5,0,0,-28.839999999999996,0.5341139734582357,0,0,0,6,16,0,0.00090801466,0
TXN102428,CUST11251,2025-03-30,09:18:46,77.62,Bill Payment,Healthcare,1751,18,Delhi,Mobile,Cash,379.32,1,0,0,-301.7,0.204091291543963,0,0,0,3,30,6,0.0026073882,0
TXN103002,CUST10164,2025-04-20,06:48:34,76.82,Purchase,Online Shopping,1624,41,Bengaluru,Mobile,Net Banking,89.16,2,1,0,-12.340000000000003,0.8520408163265306,0,0,0,4,20,6,0.006636015,0
TXN103626,CUST10594,2025-05-12,23:59:25,82.42,Purchase,Restaurant,2559,54,Ahmedabad,Mobile,UPI,251.42,4,0,0,-169.0,0.32651929324142304,0,0,0,5,12,0,0.00076440495,0
TXN103824,CUST10255,2025-05-20,04:58:49,461.87,Purchase,Fuel,3557,57,Chennai,Mobile,Credit Card,106.38,4,0,0,355.49,4.301266530080089,0,0,1,5,20,1,0.0031524594,0
TXN107103,CUST12074,2025-09-16,13:48:04,378.81,Transfer,Restaurant,3433,38,Mumbai,Mobile,UPI,53.96,2,0,0,324.85,6.8924672489082965,0,0,1,9,16,1,0.010474141,0
TXN104870,CUST11873,2025-06-27,06:51:26,69.79,Purchase,Other,1890,50,Chennai,ATM,Debit Card,100.32,1,0,0,-30.529999999999987,0.6888077378602449,0,0,0,6,27,4,0.0037460201,0
TXN101592,CUST12134,2025-02-27,22:54:37,83.1,Bill Payment,Travel,3097,44,Kolkata,Mobile,Credit Card,89.41,1,0,0,-6.310000000000002,0.9191461121557349,0,0,0,2,27,3,0.001021364,0
TXN100865,CUST12365,2025-02-01,11:44:22,114.26,Bill Payment,Online Shopping,2763,71,Bengaluru,Mobile,Debit Card,229.34,4,0,0,-115.08,0.4960493183988886,0,0,0,2,1,5,0.00066411047,0
TXN101928,CUST10707,2025-03-12,04:28:09,350.0,Bill Payment,Online Shopping,1805,32,Bengaluru,ATM,Debit Card,82.73,2,0,0,267.27,4.180102711095187,0,0,1,3,12,2,0.0023272776,0
TXN107608,CUST11455,2025-10-04,23:00:48,99.55,Withdrawal,Fuel,2593,50,Hyderabad,Mobile,Debit Card,33.93,2,0,0,65.62,2.8499856856570283,0,0,0,10,4,5,0.0004921019,0
TXN107490,CUST10769,2025-09-30,15:55:06,617.89,Purchase,Grocery,1306,46,Bengaluru,Mobile,Cash,48.72,1,0,0,569.17,12.42739340305712,0,0,1,9,30,1,0.0016058956,0
TXN104892,CUST11630,2025-06-28,02:04:42,23.9,Transfer,Entertainment,1405,41,Nagpur,Tablet,Wallet,93.5,1,1,1,-69.6,0.2529100529100529,0,0,0,6,28,5,0.682275,1
TXN100675,CUST10248,2025-01-25,13:44:20,137.25,Transfer,Online Shopping,380,55,Ahmedabad,Mobile,Credit Card,45.66,1,0,0,91.59,2.9414916416630947,0,0,0,1,25,5,0.0018864566,0
TXN103323,CUST10232,2025-05-01,23:15:47,239.77,Transfer,Fuel,2449,36,Nagpur,Mobile,Net Banking,335.5,4,0,0,-95.72999999999999,0.7125408618127786,0,0,0,5,1,3,0.051272243,0
TXN101359,CUST12271,2025-02-19,11:20:28,46.31,Transfer,Online Shopping,2576,59,Hyderabad,Mobile,UPI,142.29,1,0,0,-95.97999999999999,0.3231907320817922,0,0,0,2,19,2,0.0018510151,0
TXN109660,CUST11883,2025-12-18,15:49:11,97.79,Transfer,Travel,463,68,Bengaluru,Mobile,Cash,113.75,2,0,0,-15.959999999999994,0.8522004357298475,0,0,0,12,18,3,0.00093977957,0
TXN106193,CUST11184,2025-08-14,10:44:45,101.42,Transfer,Entertainment,2667,75,Ahmedabad,Mobile,Debit Card,80.91,5,0,0,20.510000000000005,1.238188255402271,0,0,0,8,14,3,0.0023605577,0
TXN102906,CUST11635,2025-04-16,18:56:07,30.33,Transfer,Fuel,239,27,Chennai,Tablet,Debit Card,316.67,0,0,0,-286.34000000000003,0.09547643781282462,0,0,0,4,16,2,0.015466173,0
TXN104848,CUST10783,2025-06-26,11:38:10,500.75,Purchase,Online Shopping,511,36,Delhi,Mobile,Credit Card,636.56,0,0,0,-135.80999999999995,0.7854162745467094,0,0,0,6,26,3,0.0063077467,0
TXN106067,CUST11410,2025-08-09,20:39:40,165.05,Purchase,Restaurant,151,46,Chennai,Desktop,Cash,50.83,2,0,0,114.22000000000001,3.1844491607177314,0,0,1,8,9,5,0.0012438317,0
TXN103330,CUST12314,2025-05-02,05:22:44,49.07,Deposit,Restaurant,481,62,Kolkata,Mobile,UPI,119.62,1,0,0,-70.55000000000001,0.40681479025037304,0,0,0,5,2,4,0.0042991512,0
TXN106014,CUST11598,2025-08-07,22:21:21,111.95,Bill Payment,Entertainment,696,28,Hyderabad,ATM,UPI,192.59,1,0,0,-80.64,0.5782840022728447,0,0,0,8,7,3,0.004138126,0
TXN102677,CUST11967,2025-04-08,10:51:39,511.88,Purchase,Utilities,2995,67,Hyderabad,Tablet,UPI,570.32,4,0,0,-58.440000000000055,0.8959602324441643,0,0,0,4,8,1,0.0010862128,0
TXN105755,CUST12208,2025-07-29,12:04:14,178.72,Purchase,Fuel,1484,32,Hyderabad,Desktop,Credit Card,257.99,4,0,0,-79.27000000000001,0.6900652534846905,0,0,0,7,29,1,0.001315768,0
TXN106899,CUST12054,2025-09-09,03:34:08,347.98,Purchase,Healthcare,2938,40,Delhi,Mobile,UPI,31.85,2,0,0,316.13,10.592998477929985,0,0,1,9,9,1,0.0016185143,0
TXN103654,CUST10127,2025-05-14,00:27:13,27.21,Deposit,Healthcare,190,45,Chennai,ATM,UPI,37.51,1,0,0,-10.299999999999997,0.706569722150091,0,0,0,5,14,2,0.0037226973,0
TXN101211,CUST11817,2025-02-14,02:02:07,573.15,Purchase,Electronics,688,28,Delhi,Mobile,Credit Card,124.94,2,0,0,448.21,4.5509766555502615,0,0,1,2,14,4,0.0014278962,0
TXN108447,CUST10941,2025-11-04,12:02:13,121.19,Purchase,Electronics,710,46,Hyderabad,Mobile,Net Banking,92.17,4,0,0,29.019999999999996,1.3007405817323172,0,0,0,11,4,1,0.0029537347,0
TXN101382,CUST10699,2025-02-20,07:26:09,231.95,Withdrawal,Travel,1766,73,Nagpur,Mobile,Net Banking,125.22,2,0,0,106.72999999999999,1.8376643954999208,0,0,0,2,20,3,0.0011088274,0
TXN107337,CUST12445,2025-09-25,02:14:39,296.21,Bill Payment,Entertainment,638,70,Ahmedabad,ATM,Debit Card,93.59,2,0,0,202.61999999999998,3.131514959298023,0,0,1,9,25,3,0.004047024,0
TXN106396,CUST10068,2025-08-21,20:06:15,131.48,Deposit,Other,2869,43,Nagpur,ATM,Debit Card,1822.43,3,0,0,-1690.95,0.0721058664165885,0,0,0,8,21,3,0.0009772112,0
TXN102269,CUST12183,2025-03-24,14:23:47,240.7,Purchase,Restaurant,2610,57,Bengaluru,Tablet,Debit Card,159.31,2,0,0,81.38999999999999,1.501465909799763,0,0,0,3,24,0,0.0006244316,0
TXN107797,CUST10395,2025-10-11,20:08:25,40.04,Bill Payment,Travel,3302,45,Kolkata,Mobile,Wallet,70.11,2,0,0,-30.07,0.5630712979890311,0,0,0,10,11,5,0.0023076553,0
TXN108405,CUST10244,2025-11-02,23:20:32,47.86,Withdrawal,Fuel,2670,35,Bengaluru,Mobile,Wallet,120.29,4,0,0,-72.43,0.39459147497732705,0,0,0,11,2,6,0.0033317695,0
TXN108827,CUST10559,2025-11-18,08:02:18,68.29,Purchase,Restaurant,58,33,Bengaluru,Mobile,Wallet,34.96,1,0,0,33.330000000000005,1.8990545050055618,0,0,0,11,18,1,0.003930948,0
TXN108157,CUST10873,2025-10-24,22:40:04,338.12,Bill Payment,Entertainment,3251,26,Delhi,Mobile,Cash,319.19,1,0,0,18.930000000000007,1.0559980011867953,0,0,0,10,24,4,0.0054540164,0
TXN107308,CUST10941,2025-09-24,00:54:26,133.99,Purchase,Travel,2666,40,Pune,ATM,Net Banking,225.35,1,0,0,-91.35999999999999,0.5919593549812239,0,0,0,9,24,2,0.0076774363,0
TXN103025,CUST11605,2025-04-21,02:54:15,292.67,Purchase,Online Shopping,2656,53,Nagpur,Mobile,Credit Card,124.06,3,0,0,168.61,2.340236686390533,0,0,0,4,21,0,0.0006152798,0
TXN106159,CUST10109,2025-08-13,05:02:25,241.05,Transfer,Grocery,3550,39,Ahmedabad,Mobile,Credit Card,284.37,2,0,0,-43.31999999999999,0.8446928548901427,0,0,0,8,13,2,0.0039531966,0
TXN100147,CUST11768,2025-01-06,08:25:55,90.71,Purchase,Utilities,613,39,Mumbai,Mobile,Debit Card,92.0,5,0,0,-1.2900000000000063,0.9753763440860215,0,0,0,1,6,0,0.0021445334,0
TXN103961,CUST12472,2025-05-25,04:40:32,205.48,Purchase,Online Shopping,3618,35,Delhi,Mobile,Wallet,154.32,2,0,0,51.16,1.3229461756373937,0,0,0,5,25,6,0.004267,0
TXN104340,CUST10405,2025-06-07,23:48:11,350.27,Withdrawal,Grocery,572,21,Bengaluru,Mobile,Debit Card,202.56,4,0,0,147.70999999999998,1.7207211632933779,0,0,0,6,7,5,0.00054029503,0
TXN102185,CUST10962,2025-03-21,13:00:24,80.0,Transfer,Healthcare,819,46,Bengaluru,Mobile,UPI,70.5,2,1,0,9.5,1.118881118881119,0,0,0,3,21,4,0.022781555,0
TXN101100,CUST11076,2025-02-10,01:03:21,70.05,Transfer,Electronics,1681,22,Mumbai,ATM,Wallet,13.53,0,0,1,56.519999999999996,4.821059876118376,0,0,1,2,10,0,0.9858094,1
TXN106181,CUST10434,2025-08-14,00:15:41,28.27,Deposit,Fuel,859,41,Ahmedabad,Mobile,Credit Card,152.76,2,0,0,-124.49,0.1838579604578564,0,0,0,8,14,3,0.0037229357,0
TXN106034,CUST11403,2025-08-08,15:49:46,495.92,Purchase,Electronics,1879,44,Ahmedabad,ATM,Credit Card,160.37,2,0,0,335.55,3.073185846191981,0,0,1,8,8,4,0.0059604924,0
TXN109254,CUST11635,2025-12-03,21:06:10,466.24,Purchase,Fuel,137,75,Hyderabad,Mobile,Debit Card,126.42,1,0,0,339.82,3.659080207188824,0,0,1,12,3,2,0.00068436924,0
TXN103966,CUST10658,2025-05-25,09:02:38,83.32,Transfer,Restaurant,554,30,Hyderabad,Mobile,Cash,89.11,2,0,0,-5.790000000000006,0.924647652868716,0,0,0,5,25,6,0.0030561776,0
TXN103318,CUST10630,2025-05-01,18:53:40,17.87,Deposit,Fuel,450,73,Delhi,Mobile,Cash,62.31,0,0,0,-44.44,0.2822618859579845,0,0,0,5,1,3,0.001270455,0
TXN105754,CUST11567,2025-07-29,11:11:49,42.86,Transfer,Entertainment,1592,55,Nagpur,Desktop,Debit Card,141.28,0,0,0,-98.42,0.3012369974697779,0,0,0,7,29,1,0.0020005628,0
TXN109879,CUST10341,2025-12-26,15:09:27,22.46,Transfer,Healthcare,1610,52,Nagpur,Mobile,Net Banking,282.59,4,0,0,-260.13,0.0791988434006841,0,0,0,12,26,4,0.0006901911,0
TXN105105,CUST11471,2025-07-05,20:10:26,210.54,Purchase,Online Shopping,2940,25,Chennai,Mobile,Credit Card,59.91,1,0,0,150.63,3.456575274995896,0,0,1,7,5,5,0.0016498521,0
TXN108545,CUST10520,2025-11-08,01:39:30,445.89,Purchase,Online Shopping,2174,35,Kolkata,Mobile,Credit Card,115.14,2,0,0,330.75,3.839245737902531,0,0,1,11,8,5,0.0022608666,0
TXN106186,CUST11565,2025-08-14,04:37:48,47.87,Deposit,Healthcare,3414,45,Jaipur,Desktop,Cash,295.27,4,0,0,-247.39999999999998,0.16157558983359774,0,0,0,8,14,3,0.00039504629,0
TXN105372,CUST11815,2025-07-15,13:26:54,150.86,Transfer,Travel,3639,42,Mumbai,Mobile,Cash,211.25,1,0,0,-60.389999999999986,0.7107656065959953,0,0,0,7,15,1,0.0040992945,0
TXN100958,CUST11639,2025-02-04,20:59:32,211.63,Transfer,Restaurant,3606,31,Nagpur,Mobile,UPI,98.97,2,0,0,112.66,2.1169350805241574,0,0,0,2,4,1,0.0051974365,0
TXN103992,CUST11874,2025-05-26,07:45:35,447.11,Transfer,Other,2841,50,Nagpur,Desktop,Net Banking,213.38,3,0,0,233.73000000000002,2.085595671237989,0,0,0,5,26,0,0.002071703,0
TXN104649,CUST11939,2025-06-19,05:46:21,127.43,Bill Payment,Travel,1932,60,Bengaluru,Mobile,Wallet,29.64,1,0,0,97.79,4.158942558746737,0,0,1,6,19,3,0.0017877298,0
TXN105955,CUST11577,2025-08-05,18:48:29,256.04,Transfer,Utilities,2079,20,Bengaluru,Mobile,UPI,87.08,2,0,0,168.96000000000004,2.906902815622162,0,0,0,8,5,1,0.0022059379,0
TXN103665,CUST11692,2025-05-14,10:03:51,190.93,Purchase,Travel,3347,38,Chennai,Desktop,Debit Card,134.19,2,0,0,56.74000000000001,1.4123086027073009,0,0,0,5,14,2,0.0019214053,0
TXN108440,CUST11741,2025-11-04,05:55:17,15.64,Bill Payment,Travel,1924,74,Mumbai,Mobile,Cash,1125.34,2,1,0,-1109.6999999999998,0.013885682831116715,0,0,0,11,4,1,0.0010246148,0
TXN102199,CUST11511,2025-03-22,01:14:18,480.7,Transfer,Fuel,1755,43,Nagpur,ATM,Debit Card,314.59,2,0,0,166.11,1.5231788079470199,0,0,0,3,22,5,0.018589742,0
TXN107747,CUST12404,2025-10-10,00:27:21,83.21,Withdrawal,Entertainment,1471,67,Pune,Desktop,Net Banking,102.97,1,0,0,-19.760000000000005,0.8003270174088679,0,0,0,10,10,4,0.0020258916,0
TXN108196,CUST11860,2025-10-26,08:44:30,96.53,Withdrawal,Restaurant,630,20,Jaipur,Mobile,Net Banking,356.33,0,0,0,-259.79999999999995,0.2701424453586321,0,0,0,10,26,6,0.0073066717,0
TXN101905,CUST11343,2025-03-11,08:22:27,180.11,Deposit,Travel,3408,33,Pune,Mobile,UPI,96.71,4,0,0,83.40000000000002,1.8433118411626244,0,0,0,3,11,1,0.00051212293,0
TXN104259,CUST11361,2025-06-05,01:02:04,53.59,Deposit,Other,682,47,Pune,ATM,Debit Card,253.01,2,0,0,-199.42,0.2109759458289044,0,0,0,6,5,3,0.002331635,0
TXN103794,CUST10869,2025-05-19,02:46:11,436.12,Purchase,Restaurant,2700,26,Pune,Mobile,Wallet,349.93,2,0,0,86.19,1.2427549653777106,0,0,0,5,19,0,0.010456961,0
TXN100132,CUST10795,2025-01-05,19:19:36,252.16,Purchase,Entertainment,3312,25,Chennai,Desktop,Cash,54.42,4,0,0,197.74,4.549981955972573,0,0,1,1,5,6,0.0012914072,0
TXN102642,CUST11838,2025-04-07,04:16:55,169.6,Purchase,Other,3054,26,Mumbai,ATM,Net Banking,202.51,3,0,0,-32.91,0.8333742813620952,0,0,0,4,7,0,0.0056648212,0
TXN109486,CUST11082,2025-12-12,07:47:54,17.46,Bill Payment,Online Shopping,694,48,Nagpur,Mobile,Cash,159.92,1,0,0,-142.45999999999998,0.10850111856823268,0,0,0,12,12,4,0.0031279293,0
TXN101794,CUST11440,2025-03-07,07:23:42,29.75,Purchase,Restaurant,398,56,Bengaluru,ATM,Wallet,50.45,3,0,0,-20.700000000000003,0.5782312925170068,0,0,0,3,7,4,0.042983722,0
TXN101035,CUST12065,2025-02-07,16:15:59,291.24,Purchase,Healthcare,3062,57,Ahmedabad,Desktop,UPI,258.2,2,0,0,33.04000000000002,1.1236111111111111,0,0,0,2,7,4,0.0012470067,0
TXN109219,CUST12041,2025-12-02,14:31:25,1017.28,Withdrawal,Utilities,1373,73,Delhi,Desktop,Wallet,144.41,2,0,0,872.87,6.995942507392889,0,0,1,12,2,1,0.10033145,0
TXN102929,CUST11463,2025-04-17,15:01:49,79.66,Transfer,Utilities,3500,72,Jaipur,Mobile,Debit Card,145.15,5,0,0,-65.49000000000001,0.5450564488539171,0,0,0,4,17,3,0.005280615,0
TXN107987,CUST10519,2025-10-18,18:08:27,33.06,Purchase,Utilities,1057,30,Nagpur,Mobile,UPI,128.12,1,0,0,-95.06,0.25604089219330856,0,0,0,10,18,5,0.0020284439,0
TXN105406,CUST12300,2025-07-16,19:09:14,395.31,Bill Payment,Restaurant,1670,43,Bengaluru,Mobile,Wallet,353.59,1,0,0,41.72000000000003,1.1148368538311855,0,0,0,7,16,2,0.0023722437,0
TXN107057,CUST10767,2025-09-14,21:36:42,487.9,Bill Payment,Fuel,477,23,Chennai,Mobile,Debit Card,111.32,2,0,0,376.58,4.343839031339032,0,0,1,9,14,6,0.002775201,0
TXN104380,CUST11134,2025-06-09,10:45:02,354.89,Transfer,Travel,2386,52,Bengaluru,Desktop,Debit Card,252.37,3,0,0,102.51999999999998,1.400678849113944,0,0,0,6,9,0,0.0014162193,0
TXN102811,CUST10855,2025-04-13,07:56:06,171.56,Withdrawal,Electronics,2194,18,Chennai,ATM,Wallet,88.04,2,0,1,83.52,1.926774483378257,0,0,0,4,13,6,0.76338446,1
TXN100086,CUST11162,2025-01-04,03:08:13,137.93,Purchase,Utilities,3126,41,Jaipur,Desktop,Wallet,65.32,1,0,0,72.61000000000001,2.079764776839566,0,0,0,1,4,5,0.0016989851,0
TXN103094,CUST12241,2025-04-23,15:11:19,244.06,Transfer,Restaurant,2323,19,Pune,ATM,UPI,49.78,2,0,1,194.28,4.806222922410398,0,0,1,4,23,2,0.87147164,1
TXN109822,CUST11941,2025-12-24,13:21:26,587.53,Deposit,Other,72,35,Ahmedabad,ATM,Net Banking,238.21,1,0,0,349.31999999999994,2.4561264161197274,0,0,0,12,24,2,0.0014041755,0
TXN108517,CUST11388,2025-11-07,01:11:43,114.05,Transfer,Online Shopping,681,19,Pune,Mobile,UPI,305.94,3,0,0,-191.89,0.37157099107317393,0,0,0,11,7,4,0.004307019,0
TXN101475,CUST11980,2025-02-23,16:41:19,546.98,Withdrawal,Utilities,2113,31,Nagpur,Mobile,Debit Card,266.57,1,0,0,280.41,2.0442501027768434,0,0,0,2,23,6,0.001054792,0
TXN104164,CUST10615,2025-06-01,14:02:03,637.26,Withdrawal,Electronics,2146,45,Pune,Mobile,UPI,113.27,4,0,0,523.99,5.57679180887372,0,0,1,6,1,6,0.07263282,0
TXN106414,CUST10079,2025-08-22,11:49:50,144.3,Purchase,Healthcare,3061,25,Ahmedabad,Tablet,Credit Card,19.84,6,0,0,124.46000000000001,6.924184261036469,0,0,1,8,22,4,0.0047072372,0
TXN103457,CUST11924,2025-05-06,20:20:14,47.97,Purchase,Utilities,3138,27,Bengaluru,ATM,Cash,438.81,6,0,0,-390.84000000000003,0.1090698256065119,0,0,0,5,6,1,0.013914058,0
TXN103263,CUST10557,2025-04-29,18:50:30,192.09,Purchase,Healthcare,30,74,Chennai,Desktop,Net Banking,60.42,2,1,0,131.67000000000002,3.1274829045913384,0,0,1,4,29,1,0.03419608,0
TXN107030,CUST10904,2025-09-13,22:01:19,78.43,Purchase,Grocery,1075,55,Nagpur,Desktop,Wallet,1028.15,6,0,0,-949.72,0.07620852159549142,0,0,0,9,13,5,0.013409228,0
TXN100613,CUST12224,2025-01-23,07:34:13,272.47,Purchase,Grocery,1708,39,Mumbai,Desktop,UPI,95.39,3,0,0,177.08000000000004,2.826745513020023,0,0,0,1,23,3,0.00044467696,0
TXN101358,CUST11324,2025-02-19,10:28:02,309.28,Purchase,Grocery,1942,38,Pune,Mobile,Net Banking,59.91,2,0,0,249.36999999999998,5.077655557379741,0,0,1,2,19,2,0.00057059055,0
TXN105070,CUST12259,2025-07-04,13:35:41,857.9,Transfer,Other,3282,56,Nagpur,Mobile,Wallet,49.06,3,0,1,808.8399999999999,17.13743507790651,0,0,1,7,4,4,0.8161256,1
TXN108521,CUST11515,2025-11-07,04:41:24,402.83,Bill Payment,Restaurant,398,29,Bengaluru,Mobile,Debit Card,1124.86,0,0,0,-722.03,0.35779759472758604,0,0,0,11,7,4,0.005085115,0
TXN103650,CUST12438,2025-05-13,20:57:32,308.74,Purchase,Electronics,439,28,Ahmedabad,Desktop,Wallet,30.63,2,0,0,278.11,9.760986405311414,0,0,1,5,13,1,0.07071701,0
TXN100950,CUST10814,2025-02-04,14:00:10,207.46,Purchase,Grocery,372,64,Jaipur,Desktop,Credit Card,297.1,5,0,0,-89.64000000000001,0.6959409594095941,0,0,0,2,4,1,0.0011073522,0
TXN103987,CUST11983,2025-05-26,03:23:29,56.32,Purchase,Fuel,1175,44,Nagpur,Mobile,Credit Card,54.03,3,0,0,2.289999999999999,1.0234417590405234,0,0,0,5,26,0,0.0016987725,0
TXN100963,CUST10126,2025-02-05,01:21:39,58.82,Withdrawal,Other,766,28,Bengaluru,Mobile,UPI,86.0,1,0,0,-27.18,0.6760919540229885,0,0,0,2,5,2,0.0009367044,0
TXN102652,CUST10392,2025-04-07,13:01:08,227.85,Bill Payment,Restaurant,3411,52,Kolkata,ATM,Credit Card,15.76,0,0,0,212.09,13.594868735083534,0,0,1,4,7,0,0.0100505985,0
TXN108824,CUST10225,2025-11-18,05:25:02,238.85,Transfer,Travel,2491,50,Nagpur,Desktop,Cash,1824.43,1,0,0,-1585.5800000000002,0.1308458828878675,0,0,0,11,18,1,0.0005064713,0
TXN101335,CUST11355,2025-02-18,14:22:21,35.98,Transfer,Restaurant,2423,68,Pune,Desktop,UPI,90.38,6,0,0,-54.4,0.393740424600569,0,0,0,2,18,1,0.0053319903,0
TXN106600,CUST10991,2025-08-29,06:20:11,288.1,Purchase,Travel,2882,37,Mumbai,Mobile,UPI,46.75,4,0,0,241.35000000000002,6.033507853403142,0,0,1,8,29,4,0.0014146038,0
TXN104847,CUST10223,2025-06-26,10:45:45,79.59,Withdrawal,Entertainment,802,57,Bengaluru,ATM,Net Banking,1855.08,3,0,0,-1775.49,0.042880694797638036,0,0,0,6,26,3,0.0016787035,0
TXN105646,CUST10615,2025-07-25,12:50:19,317.42,Transfer,Other,559,62,Ahmedabad,Mobile,Debit Card,290.49,2,0,0,26.930000000000007,1.0889567395107893,0,0,0,7,25,4,0.0032194883,0
TXN104794,CUST10430,2025-06-24,12:27:26,136.51,Deposit,Entertainment,1900,32,Pune,Mobile,Net Banking,40.61,2,0,0,95.89999999999999,3.280701754385965,0,0,1,6,24,1,0.00044405262,0
TXN103214,CUST11525,2025-04-28,00:01:52,296.32,Transfer,Restaurant,593,59,Mumbai,Mobile,Net Banking,22.72,3,0,0,273.6,12.492411467116359,0,0,1,4,28,0,0.023380246,0
TXN105941,CUST11341,2025-08-05,06:34:35,147.42,Purchase,Travel,991,24,Kolkata,Tablet,UPI,127.86,1,0,0,19.559999999999988,1.1440322830979355,0,0,0,8,5,1,0.0033709414,0
TXN101847,CUST11681,2025-03-09,05:42:02,254.9,Bill Payment,Grocery,2718,73,Delhi,Mobile,Net Banking,108.05,3,0,0,146.85000000000002,2.337459880788629,0,0,0,3,9,6,0.0005860841,0
TXN101542,CUST11951,2025-02-26,03:13:33,112.09,Bill Payment,Other,2427,18,Bengaluru,Desktop,Debit Card,80.79,2,0,0,31.299999999999997,1.3704609365448097,0,0,0,2,26,2,0.00093235966,0
TXN104517,CUST10148,2025-06-14,10:26:45,46.55,Withdrawal,Entertainment,2473,26,Kolkata,Desktop,Cash,13.35,4,0,0,33.199999999999996,3.24390243902439,0,0,1,6,14,5,0.0012276412,0
TXN101673,CUST12046,2025-03-02,21:40:44,99.05,Purchase,Travel,1121,25,Ahmedabad,Desktop,Wallet,52.31,1,0,0,46.739999999999995,1.858000375164134,0,0,0,3,2,6,0.0017822838,0
TXN101957,CUST10656,2025-03-13,05:48:22,37.5,Withdrawal,Utilities,1982,67,Chennai,Mobile,Net Banking,116.34,1,0,0,-78.84,0.31958411453894664,0,0,0,3,13,3,0.0019940047,0
TXN103139,CUST11479,2025-04-25,06:30:16,17.13,Transfer,Entertainment,2489,64,Delhi,Mobile,Debit Card,26.02,2,0,0,-8.89,0.6339748334566987,0,0,0,4,25,4,0.0021982465,0
TXN109621,CUST12403,2025-12-17,05:44:46,203.79,Purchase,Restaurant,2568,47,Pune,ATM,Debit Card,702.55,3,0,0,-498.76,0.28965958354061544,0,0,0,12,17,2,0.0009274883,0
TXN106824,CUST12272,2025-09-06,10:02:33,705.79,Purchase,Utilities,2809,52,Mumbai,Mobile,Net Banking,142.44,2,0,0,563.3499999999999,4.920454545454545,0,0,1,9,6,5,0.00917422,0
TXN101121,CUST11379,2025-02-10,19:24:12,84.16,Deposit,Grocery,2462,70,Pune,Mobile,UPI,32.24,1,0,0,51.919999999999995,2.5318892900120336,0,0,0,2,10,0,0.0004776931,0
TXN105001,CUST10122,2025-07-02,01:18:37,105.58,Bill Payment,Travel,831,47,Chennai,Mobile,UPI,494.36,4,0,0,-388.78000000000003,0.21313791989664083,0,0,0,7,2,2,0.00095019303,0
TXN107460,CUST11234,2025-09-29,13:42:27,108.81,Purchase,Grocery,3400,70,Nagpur,Mobile,Debit Card,32.73,5,0,0,76.08000000000001,3.225911651348948,0,0,1,9,29,0,0.0005613557,0
TXN106401,CUST11015,2025-08-22,00:28:22,238.64,Bill Payment,Electronics,3550,40,Mumbai,Mobile,Net Banking,77.87,6,1,0,160.76999999999998,3.02573855711931,0,0,1,8,22,4,0.009276835,0
TXN105969,CUST10154,2025-08-06,07:02:23,25.92,Purchase,Entertainment,2868,66,Ahmedabad,Mobile,UPI,75.24,4,1,0,-49.31999999999999,0.3399790136411333,0,0,0,8,6,2,0.0016240568,0
TXN105370,CUST11541,2025-07-15,11:42:04,308.06,Bill Payment,Fuel,1545,25,Hyderabad,Desktop,Net Banking,291.56,3,0,0,16.5,1.0529805851791085,0,0,0,7,15,1,0.0012983499,0
TXN108773,CUST11691,2025-11-16,08:51:33,73.83,Purchase,Travel,1877,50,Nagpur,Mobile,Credit Card,197.15,5,0,0,-123.32000000000001,0.3725965177895533,0,0,0,11,16,6,0.0016041786,0
TXN102987,CUST10358,2025-04-19,17:42:15,119.0,Purchase,Healthcare,275,50,Bengaluru,ATM,Credit Card,259.75,1,0,0,-140.75,0.4563758389261745,0,0,0,4,19,5,0.0093813585,0
TXN109802,CUST11110,2025-12-23,19:53:00,253.21,Withdrawal,Restaurant,2678,50,Nagpur,Tablet,Wallet,108.71,2,0,0,144.5,2.307993801841218,0,0,0,12,23,1,0.0016107913,0
TXN104523,CUST12493,2025-06-14,15:41:16,399.31,Purchase,Healthcare,2611,58,Delhi,Desktop,UPI,72.08,1,1,0,327.23,5.464012041598249,0,0,1,6,14,5,0.041033633,0
TXN100707,CUST10671,2025-01-26,17:41:49,706.91,Bill Payment,Healthcare,1833,46,Bengaluru,Mobile,Cash,244.71,2,0,0,462.19999999999993,2.8770094827235355,0,0,0,1,26,6,0.00060023053,0
TXN105668,CUST12050,2025-07-26,08:03:36,138.34,Deposit,Online Shopping,850,40,Delhi,Mobile,Net Banking,130.28,2,0,0,8.060000000000002,1.0537781840341256,0,0,0,7,26,5,0.002704221,0
TXN101389,CUST12410,2025-02-20,13:33:06,571.06,Purchase,Grocery,2317,55,Kolkata,Mobile,Wallet,116.57,2,0,0,454.48999999999995,4.8571914604065665,0,0,1,2,20,3,0.0014194192,0
TXN100546,CUST11996,2025-01-20,21:01:59,148.29,Purchase,Online Shopping,3390,71,Mumbai,Mobile,Debit Card,170.53,2,0,0,-22.24000000000001,0.8645134961814259,0,0,0,1,20,0,0.012850633,0
TXN102588,CUST11457,2025-04-05,05:06:10,235.14,Withdrawal,Healthcare,3108,39,Nagpur,Mobile,Cash,579.61,0,0,0,-344.47,0.4049878575980434,0,0,0,4,5,5,0.0009912598,0
TXN106656,CUST10522,2025-08-31,07:15:47,327.51,Withdrawal,Online Shopping,209,54,Pune,Mobile,Credit Card,207.92,1,0,0,119.59,1.5676335439402642,0,0,0,8,31,6,0.00068238936,0
TXN100942,CUST10793,2025-02-04,07:00:48,95.59,Bill Payment,Electronics,2270,40,Bengaluru,ATM,Wallet,373.84,1,0,0,-278.25,0.25501547326859464,0,0,0,2,4,1,0.021715382,0
TXN107810,CUST10209,2025-10-12,07:29:54,40.85,Bill Payment,Restaurant,710,27,Kolkata,Mobile,Net Banking,111.71,1,0,0,-70.85999999999999,0.3624345665868158,0,0,0,10,12,6,0.0032809912,0
TXN102526,CUST10773,2025-04-02,22:56:03,49.22,Transfer,Online Shopping,333,72,Mumbai,ATM,Net Banking,48.64,1,0,0,0.5799999999999983,0.991539081385979,0,0,0,4,2,2,0.011688239,0
TXN109367,CUST12497,2025-12-07,23:49:46,408.64,Withdrawal,Travel,2581,69,Pune,ATM,Net Banking,69.46,2,0,0,339.18,5.79960261141073,0,0,1,12,7,6,0.019113868,0
TXN101653,CUST10001,2025-03-02,04:12:18,111.67,Purchase,Restaurant,2972,29,Bengaluru,ATM,Cash,82.18,4,0,0,29.489999999999995,1.3425102188025966,0,0,0,3,2,6,0.004178361,0
TXN103602,CUST11923,2025-05-12,03:01:18,23.05,Deposit,Online Shopping,2298,70,Pune,Mobile,Net Banking,67.05,2,0,0,-44.0,0.33872152828802354,0,0,0,5,12,0,0.00096401013,0
TXN104314,CUST11932,2025-06-07,01:05:14,121.82,Withdrawal,Entertainment,1264,62,Ahmedabad,Desktop,Debit Card,151.47,3,1,0,-29.650000000000006,0.7989768479045057,0,0,0,6,7,5,0.0037152062,0
TXN109239,CUST11882,2025-12-03,07:59:51,29.29,Purchase,Electronics,2224,73,Kolkata,ATM,UPI,68.92,3,0,0,-39.63,0.41890732265446223,0,0,0,12,3,2,0.0014446155,0
TXN108478,CUST11510,2025-11-05,15:07:17,233.09,Deposit,Travel,2786,43,Ahmedabad,Desktop,Net Banking,71.34,3,0,0,161.75,3.2221454243848493,0,0,1,11,5,2,0.0010137608,0
TXN100915,CUST12035,2025-02-03,07:25:26,281.14,Purchase,Grocery,1034,35,Ahmedabad,Mobile,Net Banking,58.61,1,1,0,222.52999999999997,4.716322764636805,0,0,1,2,3,0,0.005289557,0
TXN107475,CUST10370,2025-09-30,02:48:47,26.15,Withdrawal,Grocery,3504,50,Jaipur,Mobile,UPI,263.2,3,0,0,-237.04999999999998,0.0989780469341408,0,0,0,9,30,1,0.0009111871,0
TXN105244,CUST10904,2025-07-10,21:36:59,793.42,Transfer,Healthcare,361,27,Delhi,ATM,Wallet,665.26,2,0,1,128.15999999999997,1.1908564224176748,0,0,0,7,10,3,0.93896824,1
TXN103769,CUST11389,2025-05-18,04:55:39,84.46,Purchase,Utilities,3049,64,Chennai,Mobile,Debit Card,323.49,1,0,0,-239.03000000000003,0.2602853708897038,0,0,0,5,18,6,0.0011130839,0
TXN109423,CUST10433,2025-12-10,00:45:21,129.43,Deposit,Healthcare,1366,50,Chennai,ATM,UPI,292.7,4,0,0,-163.26999999999998,0.4406877766428329,0,0,0,12,10,2,0.0024744964,0
TXN105190,CUST10501,2025-07-08,22:26:14,56.52,Purchase,Entertainment,2067,65,Jaipur,Mobile,Credit Card,99.57,1,0,0,-43.04999999999999,0.5619966192701602,0,0,0,7,8,1,0.0008670163,0
TXN104720,CUST10834,2025-06-21,19:48:15,122.72,Purchase,Online Shopping,2182,64,Jaipur,Desktop,Cash,284.13,1,0,0,-161.41,0.43040016834426403,0,0,0,6,21,5,0.0006062458,0
TXN105814,CUST12472,2025-07-31,15:37:06,487.11,Purchase,Entertainment,1055,58,Delhi,Mobile,Net Banking,171.3,2,1,0,315.81,2.827103888566454,0,0,0,7,31,3,0.0021143025,0
TXN106176,CUST11236,2025-08-13,19:53:35,195.48,Deposit,Utilities,1091,52,Jaipur,Mobile,Wallet,56.48,2,0,0,139.0,3.4008350730688934,0,0,1,8,13,2,0.015963938,0
TXN105261,CUST11706,2025-07-11,12:28:09,186.06,Purchase,Healthcare,1188,57,Bengaluru,Tablet,Credit Card,451.85,2,0,0,-265.79,0.4108645246770454,0,0,0,7,11,4,0.0014984915,0
TXN100356,CUST10773,2025-01-13,23:01:57,105.34,Purchase,Fuel,2730,60,Ahmedabad,Mobile,Net Banking,378.68,1,0,0,-273.34000000000003,0.2774441635061104,0,0,0,1,13,0,0.00035303147,0
TXN105220,CUST12269,2025-07-10,00:38:53,190.73,Bill Payment,Online Shopping,2028,65,Kolkata,ATM,Net Banking,484.54,1,0,0,-293.81000000000006,0.39282036495448364,0,0,0,7,10,3,0.0016031037,0
TXN104610,CUST10848,2025-06-17,19:41:55,321.01,Purchase,Healthcare,2190,57,Mumbai,Tablet,Cash,99.18,2,0,0,221.82999999999998,3.2043322020363343,0,0,1,6,17,1,0.00071706186,0
TXN109371,CUST11458,2025-12-08,03:19:27,52.76,Purchase,Online Shopping,2188,57,Jaipur,Desktop,UPI,218.81,5,0,0,-166.05,0.24002547654792775,0,0,0,12,8,0,0.0012251029,0
TXN100332,CUST10971,2025-01-13,02:03:51,1124.52,Purchase,Healthcare,3302,62,Chennai,Mobile,Debit Card,50.62,2,0,0,1073.9,21.78457962030221,0,0,1,1,13,0,0.002701505,0
TXN100913,CUST11692,2025-02-03,05:40:35,251.3,Transfer,Online Shopping,3305,70,Chennai,ATM,Cash,41.85,2,1,1,209.45000000000002,5.864644107351225,0,0,1,2,3,0,0.988389,1
TXN108220,CUST11051,2025-10-27,05:42:36,56.54,Purchase,Utilities,2953,37,Mumbai,ATM,UPI,53.21,2,0,0,3.3299999999999983,1.0429809998155322,0,0,0,10,27,0,0.009761003,0
TXN109096,CUST12333,2025-11-28,03:03:37,318.22,Bill Payment,Healthcare,1393,25,Delhi,Desktop,Wallet,27.62,1,1,1,290.6,11.118798043326345,0,0,1,11,28,4,0.7987745,1
TXN108182,CUST10036,2025-10-25,20:30:36,72.31,Bill Payment,Online Shopping,2723,44,Nagpur,Mobile,Wallet,97.86,3,0,0,-25.549999999999997,0.7314383977341695,0,0,0,10,25,5,0.005704336,0
TXN108568,CUST10987,2025-11-08,21:45:12,181.49,Transfer,Restaurant,2745,49,Ahmedabad,ATM,Wallet,158.54,2,0,1,22.950000000000017,1.1375830512724083,0,0,0,11,8,5,0.9355401,1
TXN102762,CUST12007,2025-04-11,13:07:28,63.54,Purchase,Other,45,37,Nagpur,Mobile,Wallet,50.91,3,0,0,12.630000000000003,1.2240416104796765,0,0,0,4,11,4,0.008019884,0
TXN103655,CUST11845,2025-05-14,01:19:38,272.91,Transfer,Grocery,3296,39,Ahmedabad,Mobile,Debit Card,1164.16,4,0,0,-891.25,0.2342253424422397,0,0,0,5,14,2,0.0014377676,0
TXN102655,CUST12257,2025-04-07,15:38:23,178.97,Transfer,Utilities,3233,42,Jaipur,Mobile,Credit Card,205.97,2,0,0,-27.0,0.8647146929506692,0,0,0,4,7,0,0.006198213,0
TXN108054,CUST11822,2025-10-21,04:40:41,81.39,Purchase,Electronics,1620,55,Jaipur,Mobile,Credit Card,3428.54,1,0,0,-3347.15,0.023732045697090573,0,0,0,10,21,1,0.0012758917,0
TXN100176,CUST11661,2025-01-07,09:46:08,107.85,Deposit,Other,1319,42,Ahmedabad,ATM,Debit Card,56.82,2,0,0,51.029999999999994,1.8652715323417501,0,0,0,1,7,1,0.0021967366,0
TXN108227,CUST11124,2025-10-27,11:49:33,46.8,Purchase,Fuel,2787,68,Ahmedabad,Mobile,Net Banking,198.89,1,0,0,-152.08999999999997,0.23412877082395317,0,0,0,10,27,0,0.0037590263,0
TXN100548,CUST10189,2025-01-20,22:46:50,210.38,Purchase,Travel,2558,75,Jaipur,ATM,Credit Card,155.1,1,0,0,55.28,1.3477258167841129,0,0,0,1,20,0,0.007876874,0
TXN102774,CUST11490,2025-04-11,23:36:31,81.54,Bill Payment,Utilities,2877,32,Hyderabad,ATM,Wallet,1032.36,4,0,0,-950.8199999999999,0.0789076410931331,0,0,0,4,11,4,0.10784163,0
TXN107229,CUST10282,2025-09-21,03:53:09,323.94,Purchase,Electronics,3285,46,Nagpur,Mobile,UPI,180.67,2,1,0,143.27,1.7831232454450379,0,0,0,9,21,6,0.006782424,0
TXN109316,CUST10358,2025-12-06,03:16:17,125.32,Bill Payment,Online Shopping,1764,28,Hyderabad,ATM,Net Banking,319.99,0,0,0,-194.67000000000002,0.3904171469516184,0,0,0,12,6,5,0.0067628254,0
TXN103230,CUST11123,2025-04-28,14:00:36,682.26,Purchase,Restaurant,1501,18,Kolkata,Mobile,Debit Card,70.31,1,0,0,611.95,9.567522086663862,0,0,1,4,28,0,0.0053664157,0
TXN102876,CUST11856,2025-04-15,16:43:29,495.37,Withdrawal,Grocery,2840,44,Mumbai,Mobile,Credit Card,245.25,2,0,0,250.12,2.0116548223350255,0,0,0,4,15,1,0.0004554327,0
TXN106077,CUST10546,2025-08-10,05:23:53,509.07,Withdrawal,Healthcare,1141,30,Chennai,Mobile,Net Banking,91.74,1,0,0,417.33,5.489217166271296,0,0,1,8,10,6,0.0026353837,0
TXN103265,CUST12005,2025-04-29,20:35:21,215.0,Purchase,Grocery,578,64,Nagpur,ATM,UPI,11.21,4,0,0,203.79,17.60851760851761,0,0,1,4,29,1,0.029451229,0
TXN102991,CUST11982,2025-04-19,21:11:56,209.21,Purchase,Grocery,1246,49,Mumbai,ATM,Net Banking,238.12,0,0,0,-28.909999999999997,0.8749163599866177,0,0,0,4,19,5,0.017395655,0
TXN103368,CUST12097,2025-05-03,14:34:44,158.56,Transfer,Online Shopping,1443,56,Mumbai,Tablet,UPI,98.71,2,0,0,59.85000000000001,1.5902116136796711,0,0,0,5,3,5,0.008157151,0
TXN100778,CUST12158,2025-01-29,07:43:43,123.33,Bill Payment,Electronics,2409,26,Bengaluru,Mobile,Credit Card,146.93,4,0,0,-23.60000000000001,0.8337051308051104,0,0,0,1,29,2,0.0017194082,0
TXN104378,CUST11799,2025-06-09,09:00:11,330.57,Purchase,Restaurant,268,66,Jaipur,Mobile,UPI,241.65,1,1,0,88.91999999999999,1.362332577786936,0,0,0,6,9,0,0.003254084,0
TXN109637,CUST12313,2025-12-17,19:43:30,70.87,Transfer,Online Shopping,104,59,Chennai,ATM,Cash,83.71,2,0,0,-12.83999999999999,0.8366190532404676,0,0,0,12,17,2,0.002337331,0
TXN103070,CUST10276,2025-04-22,18:13:12,681.05,Transfer,Fuel,1018,26,Delhi,Mobile,Credit Card,70.04,1,0,0,611.01,9.586852477477477,0,0,1,4,22,1,0.02223385,0
TXN109560,CUST10165,2025-12-15,00:27:04,59.94,Transfer,Other,316,58,Pune,Desktop,Credit Card,130.3,1,0,0,-70.36000000000001,0.45651180502665645,0,0,0,12,15,0,0.003908332,0
TXN108024,CUST12410,2025-10-20,02:28:02,76.3,Purchase,Entertainment,239,35,Kolkata,Desktop,Cash,295.9,1,0,0,-219.59999999999997,0.25698888514651397,0,0,0,10,20,0,0.003821208,0
TXN108193,CUST11646,2025-10-26,06:07:14,291.98,Purchase,Utilities,1667,36,Ahmedabad,Tablet,Cash,142.29,2,0,0,149.69000000000003,2.0376858119896717,0,0,0,10,26,6,0.003453581,0
TXN103180,CUST11946,2025-04-26,18:19:32,229.42,Bill Payment,Fuel,675,64,Pune,Desktop,Wallet,120.28,1,0,0,109.13999999999999,1.8916556728232188,0,0,0,4,26,5,0.0028041159,0
TXN105532,CUST11411,2025-07-21,09:14:18,168.16,Purchase,Healthcare,2590,27,Jaipur,Mobile,Cash,111.49,1,1,0,56.67,1.4948884345275135,0,0,0,7,21,0,0.012494418,0
TXN103521,CUST10341,2025-05-09,04:15:11,83.04,Bill Payment,Healthcare,1628,54,Pune,ATM,Cash,48.14,3,0,0,34.900000000000006,1.68986568986569,0,0,0,5,9,4,0.003843546,0
TXN102168,CUST11234,2025-03-20,22:09:15,278.84,Bill Payment,Travel,397,27,Mumbai,Mobile,Net Banking,881.63,0,1,0,-602.79,0.31591946795372916,0,0,0,3,20,3,0.0054008365,0
TXN101195,CUST10338,2025-02-13,12:03:23,101.66,Purchase,Entertainment,3003,57,Nagpur,Tablet,Credit Card,73.71,0,0,0,27.950000000000003,1.3607281488421898,0,0,0,2,13,3,0.00092228304,0
TXN104074,CUST11093,2025-05-29,07:24:08,849.61,Transfer,Healthcare,3626,60,Ahmedabad,Desktop,Wallet,233.15,1,0,0,616.46,3.6284860132393764,0,0,1,5,29,3,0.025306787,0
TXN102283,CUST12278,2025-03-25,02:37:41,147.99,Transfer,Electronics,1878,43,Mumbai,Mobile,Wallet,85.92,2,0,0,62.07000000000001,1.7026000920386564,0,0,0,3,25,1,0.01970266,0
TXN105411,CUST10126,2025-07-16,23:31:20,1085.7,Withdrawal,Fuel,249,54,Bengaluru,ATM,Net Banking,105.53,2,0,0,980.1700000000001,10.19149535342157,0,0,1,7,16,2,0.035451584,0
TXN108010,CUST10702,2025-10-19,14:14:08,551.84,Withdrawal,Utilities,2609,67,Delhi,Desktop,Net Banking,55.69,3,0,0,496.15000000000003,9.734344681601694,0,0,1,10,19,6,0.0027017659,0
TXN102579,CUST11560,2025-04-04,21:14:23,41.4,Deposit,Entertainment,2122,49,Bengaluru,Mobile,Wallet,173.97,3,0,0,-132.57,0.2366119906269646,0,0,0,4,4,4,0.00603424,0
TXN107352,CUST10994,2025-09-25,15:20:58,215.04,Purchase,Electronics,3637,70,Ahmedabad,Mobile,Debit Card,262.81,0,0,0,-47.77000000000001,0.8151321026496342,0,0,0,9,25,3,0.0030572966,0
TXN106506,CUST11099,2025-08-25,20:12:36,661.85,Bill Payment,Online Shopping,890,64,Delhi,ATM,Wallet,102.96,3,0,1,558.89,6.366390919584457,0,0,1,8,25,0,0.8059294,1
TXN100450,CUST11649,2025-01-17,09:09:33,102.27,Transfer,Travel,1913,64,Mumbai,Mobile,Credit Card,84.48,2,0,0,17.789999999999992,1.1964202152550303,0,0,0,1,17,4,0.0011428425,0
TXN106342,CUST11834,2025-08-19,20:55:31,114.38,Transfer,Grocery,3542,34,Hyderabad,ATM,Cash,30.84,0,0,0,83.53999999999999,3.592336683417085,0,0,1,8,19,1,0.0075784787,0
TXN101815,CUST12390,2025-03-08,01:44:33,788.7,Purchase,Fuel,3019,69,Kolkata,ATM,UPI,858.92,4,0,0,-70.21999999999991,0.9171783421713648,0,0,0,3,8,5,0.0019488605,0
TXN106019,CUST10619,2025-08-08,02:43:27,514.75,Bill Payment,Restaurant,79,61,Delhi,Mobile,Net Banking,67.6,1,0,0,447.15,7.503644314868805,0,0,1,8,8,4,0.004274225,0
TXN109391,CUST10985,2025-12-08,20:47:53,477.78,Purchase,Travel,2430,34,Bengaluru,Tablet,Wallet,80.14,4,0,0,397.64,5.888341138772492,0,0,1,12,8,0,0.015182687,0
TXN106376,CUST11729,2025-08-21,02:37:50,122.1,Purchase,Other,1035,37,Delhi,Mobile,Cash,100.9,2,0,0,21.19999999999999,1.1982335623159959,0,0,0,8,21,3,0.0020260043,0
TXN106182,CUST10881,2025-08-14,01:08:07,44.79,Transfer,Online Shopping,2352,45,Jaipur,Desktop,Net Banking,138.48,2,0,0,-93.69,0.32112130771436764,0,0,0,8,14,3,0.007959092,0
TXN104238,CUST12040,2025-06-04,06:41:13,93.21,Purchase,Restaurant,3060,18,Delhi,Desktop,Cash,250.92,2,0,0,-157.70999999999998,0.3699984121943474,0,0,0,6,4,2,0.00048862875,0
TXN103006,CUST12211,2025-04-20,10:18:15,139.19,Purchase,Grocery,237,21,Bengaluru,Mobile,Cash,128.67,2,0,0,10.52000000000001,1.0734171358062776,0,0,0,4,20,6,0.00062929513,0
TXN103042,CUST11972,2025-04-21,17:45:25,39.5,Withdrawal,Healthcare,1642,50,Bengaluru,Mobile,Wallet,202.57,1,0,0,-163.07,0.19403644937859213,0,0,0,4,21,0,0.0023672015,0
TXN106560,CUST10177,2025-08-27,19:23:20,79.48,Bill Payment,Fuel,2318,54,Mumbai,Mobile,Wallet,213.91,3,0,0,-134.43,0.3698292308408171,0,0,0,8,27,2,0.0015058633,0
TXN101412,CUST10585,2025-02-21,09:38:47,193.84,Purchase,Utilities,328,70,Hyderabad,Desktop,Wallet,1248.78,1,0,0,-1054.94,0.15509929747635584,0,0,0,2,21,4,0.009855294,0
TXN103561,CUST10103,2025-05-10,15:12:02,252.04,Withdrawal,Grocery,3204,73,Jaipur,Mobile,Credit Card,93.06,2,0,0,158.98,2.67956623431852,0,0,0,5,10,5,0.00074854924,0
TXN104634,CUST10753,2025-06-18,16:40:02,172.09,Deposit,Restaurant,687,41,Mumbai,Mobile,Wallet,39.26,1,0,0,132.83,4.274465971187283,0,0,1,6,18,2,0.010105568,0
TXN108299,CUST10849,2025-10-30,02:43:53,92.73,Deposit,Restaurant,532,20,Hyderabad,Desktop,Credit Card,143.45,2,0,0,-50.719999999999985,0.6419522326064383,0,0,0,10,30,3,0.0065305415,0
TXN108903,CUST10236,2025-11-21,02:26:19,246.09,Transfer,Restaurant,1329,43,Nagpur,Mobile,UPI,334.15,2,0,0,-88.05999999999997,0.7342682381023423,0,0,0,11,21,4,0.004079453,0
TXN100840,CUST11828,2025-01-31,13:53:50,122.75,Deposit,Grocery,645,62,Nagpur,ATM,Debit Card,53.88,2,0,0,68.87,2.236698250728863,0,0,0,1,31,4,0.00086667936,0
TXN103838,CUST12032,2025-05-20,17:12:43,36.74,Bill Payment,Electronics,356,56,Pune,ATM,UPI,63.61,4,0,0,-26.869999999999997,0.5686426249806532,0,0,0,5,20,1,0.007864878,0
TXN109516,CUST10381,2025-12-13,10:00:32,124.59,Purchase,Other,327,57,Kolkata,Mobile,Net Banking,58.24,1,0,0,66.35,2.103139770425388,0,0,0,12,13,5,0.0023872615,0
TXN101813,CUST10042,2025-03-07,23:59:42,475.46,Purchase,Electronics,1910,38,Pune,ATM,Net Banking,242.04,2,0,0,233.42,1.9563034891375906,0,0,0,3,7,4,0.004373196,0
TXN102037,CUST10127,2025-03-16,03:42:04,149.69,Purchase,Restaurant,1598,65,Ahmedabad,Desktop,Credit Card,138.93,3,0,0,10.759999999999991,1.069749160294433,0,0,0,3,16,6,0.0008999698,0
TXN109431,CUST10832,2025-12-10,07:44:44,88.37,Deposit,Healthcare,1845,54,Chennai,Desktop,Net Banking,422.3,2,0,0,-333.93,0.208764469643279,0,0,0,12,10,2,0.00059361564,0
TXN102347,CUST10830,2025-03-27,10:32:39,217.5,Transfer,Electronics,883,42,Jaipur,Mobile,Debit Card,56.79,2,1,0,160.71,3.763626925073542,0,0,1,3,27,3,0.02363295,0
TXN104765,CUST10115,2025-06-23,11:07:13,140.28,Purchase,Fuel,243,48,Pune,Desktop,Debit Card,244.43,1,0,0,-104.15,0.5715682679379049,0,0,0,6,23,0,0.010258396,0
TXN108984,CUST10565,2025-11-24,01:12:26,319.74,Transfer,Healthcare,3131,32,Delhi,Desktop,Wallet,162.93,2,0,0,156.81,1.95046666259989,0,0,0,11,24,0,0.002994692,0
TXN101348,CUST11199,2025-02-19,01:43:50,787.36,Purchase,Utilities,2277,51,Hyderabad,Mobile,Wallet,64.28,2,0,0,723.08,12.061274509803921,0,0,1,2,19,2,0.013391495,0
TXN100402,CUST10452,2025-01-15,15:13:20,102.35,Purchase,Travel,2352,20,Jaipur,ATM,UPI,215.98,4,0,0,-113.63,0.4717024610563186,0,0,0,1,15,2,0.030074416,0
TXN102350,CUST10475,2025-03-27,13:09:55,145.64,Purchase,Electronics,887,68,Pune,Desktop,Net Banking,70.15,3,0,0,75.48999999999998,2.046943078004216,0,0,0,3,27,3,0.0005499167,0
TXN102190,CUST10216,2025-03-21,17:22:31,124.92,Purchase,Fuel,842,40,Chennai,Mobile,Debit Card,39.21,3,0,0,85.71000000000001,3.106689878139766,0,0,1,3,21,4,0.0003729275,0
TXN108970,CUST12438,2025-11-23,12:58:32,122.83,Purchase,Entertainment,3115,22,Hyderabad,Mobile,Credit Card,49.09,1,0,0,73.74,2.452186065082851,0,0,0,11,23,6,0.0011951359,0
TXN100490,CUST11492,2025-01-18,20:06:24,93.9,Withdrawal,Healthcare,429,68,Ahmedabad,Mobile,Wallet,346.06,2,0,0,-252.16,0.27055840488676314,0,0,0,1,18,5,0.014717665,0
TXN103748,CUST10643,2025-05-17,10:34:48,43.5,Purchase,Online Shopping,2067,75,Delhi,Mobile,UPI,36.12,0,0,0,7.380000000000003,1.171875,0,0,0,5,17,5,0.0028194496,0
TXN109335,CUST12131,2025-12-06,19:52:17,142.18,Purchase,Travel,3375,51,Chennai,Mobile,Wallet,372.48,8,0,0,-230.3,0.38068972903502196,0,1,0,12,6,5,0.019445848,0
TXN102038,CUST10091,2025-03-16,04:34:29,441.78,Withdrawal,Healthcare,900,36,Pune,Mobile,Cash,105.63,0,0,0,336.15,4.143111694645034,0,0,1,3,16,6,0.00074152637,0
TXN102169,CUST11414,2025-03-20,23:01:40,136.63,Transfer,Utilities,1976,36,Delhi,Desktop,Net Banking,62.19,2,0,0,74.44,2.162209210318088,0,0,0,3,20,3,0.0022527378,0
TXN102279,CUST11855,2025-03-24,23:08:00,53.31,Purchase,Travel,390,38,Bengaluru,Mobile,Debit Card,132.59,1,0,0,-79.28,0.3990568156299124,0,0,0,3,24,0,0.007689525,0
TXN108061,CUST12175,2025-10-21,10:47:37,163.85,Transfer,Entertainment,2274,43,Hyderabad,Mobile,Wallet,103.43,4,0,0,60.41999999999999,1.568993584219094,0,0,0,10,21,1,0.012837151,0
TXN108192,CUST10699,2025-10-26,05:14:48,825.66,Transfer,Fuel,3323,20,Kolkata,Mobile,Wallet,72.41,4,1,1,753.25,11.247241520228851,0,0,1,10,26,6,0.9835649,1
TXN100209,CUST11663,2025-01-08,14:36:02,539.63,Transfer,Online Shopping,3648,53,Jaipur,Mobile,Net Banking,376.13,1,0,0,163.5,1.4308859014133057,0,0,0,1,8,2,0.006707706,0
TXN109303,CUST11443,2025-12-05,15:54:48,363.95,Transfer,Online Shopping,204,63,Kolkata,ATM,Wallet,88.04,4,0,1,275.90999999999997,4.087488769092542,0,0,1,12,5,4,0.92286295,1
TXN107739,CUST11979,2025-10-09,17:27:59,24.13,Deposit,Healthcare,1768,25,Bengaluru,Desktop,Credit Card,66.45,1,0,0,-42.32000000000001,0.3577464788732394,0,0,0,10,9,3,0.0006252284,0
TXN103191,CUST10470,2025-04-27,03:56:11,132.13,Purchase,Online Shopping,3535,28,Chennai,Mobile,Net Banking,78.53,2,0,0,53.599999999999994,1.6613856406387526,0,0,0,4,27,6,0.0031704667,0
TXN108708,CUST10122,2025-11-14,00:04:10,23.28,Transfer,Grocery,2200,56,Hyderabad,Mobile,UPI,268.74,1,0,0,-245.46,0.08630533105953882,0,0,0,11,14,4,0.0005256961,0
TXN100162,CUST11520,2025-01-06,21:32:14,140.2,Purchase,Fuel,2051,44,Hyderabad,Mobile,Net Banking,41.36,3,0,0,98.83999999999999,3.3097261567516525,0,0,1,1,6,0,0.00023058915,0
TXN109626,CUST10901,2025-12-17,10:06:52,34.58,Purchase,Grocery,2922,57,Jaipur,Mobile,Net Banking,32.89,2,0,0,1.6899999999999977,1.0203599881971082,0,0,0,12,17,2,0.0008519304,0
TXN108700,CUST10081,2025-11-13,17:04:48,195.98,Withdrawal,Online Shopping,1093,50,Hyderabad,Mobile,Wallet,99.97,0,0,0,96.00999999999999,1.9409725661087451,0,0,0,11,13,3,0.00466545,0
TXN107354,CUST10595,2025-09-25,17:05:48,233.41,Transfer,Travel,3492,19,Hyderabad,ATM,Cash,475.59,2,0,1,-242.17999999999998,0.48975009966637995,0,0,0,9,25,3,0.6171719,1
TXN103770,CUST10068,2025-05-18,05:48:04,88.56,Bill Payment,Grocery,1486,34,Kolkata,Mobile,Credit Card,670.94,2,0,0,-582.3800000000001,0.1317974819180284,0,0,0,5,18,6,0.0010348847,0
TXN101966,CUST11271,2025-03-13,13:40:09,166.1,Purchase,Online Shopping,413,41,Delhi,Mobile,Debit Card,205.94,3,0,1,-39.84,0.8026481105634483,0,0,0,3,13,3,0.0010531057,0
TXN105484,CUST11264,2025-07-19,15:18:05,94.42,Transfer,Grocery,2687,25,Delhi,Desktop,UPI,27.87,0,0,0,66.55,3.270523034291652,0,0,1,7,19,5,0.0017107925,0
TXN107113,CUST10790,2025-09-16,22:32:17,184.24,Deposit,Electronics,468,27,Chennai,Desktop,Credit Card,30.98,3,1,0,153.26000000000002,5.761100687929956,0,0,1,9,16,1,0.114833996,0
TXN106258,CUST11959,2025-08-16,19:32:07,214.37,Purchase,Travel,631,71,Chennai,Mobile,Wallet,52.82,3,0,0,161.55,3.9830917874396135,0,0,1,8,16,5,0.00824425,0
TXN107627,CUST10748,2025-10-05,15:36:48,107.85,Transfer,Fuel,1284,31,Mumbai,Mobile,Debit Card,117.58,2,0,0,-9.730000000000004,0.9095125653567212,0,0,0,10,5,6,0.014032045,0
TXN104420,CUST11690,2025-06-10,21:41:53,154.42,Deposit,Online Shopping,795,75,Mumbai,Mobile,Net Banking,111.0,2,0,0,43.41999999999999,1.37875,0,0,0,6,10,1,0.0063845473,0
TXN103998,CUST12106,2025-05-26,13:00:07,536.33,Purchase,Travel,648,45,Delhi,Desktop,Wallet,508.8,4,0,0,27.53000000000003,1.0520400156924286,0,0,0,5,26,0,0.0016367042,0
TXN101134,CUST12315,2025-02-11,06:45:41,511.08,Deposit,Restaurant,540,32,Pune,Mobile,Wallet,713.29,0,0,0,-202.20999999999998,0.7155077069537583,0,0,0,2,11,1,0.01155804,0
TXN107487,CUST10611,2025-09-30,13:17:50,352.57,Transfer,Fuel,2095,43,Nagpur,Mobile,Debit Card,123.8,1,0,0,228.76999999999998,2.825080128205128,0,0,0,9,30,1,0.0021875903,0
TXN104205,CUST12202,2025-06-03,01:51:19,314.38,Transfer,Travel,1996,75,Chennai,Tablet,Net Banking,136.77,3,0,0,177.60999999999999,2.2819191405966466,0,0,0,6,3,1,0.0047670486,0
TXN103636,CUST10516,2025-05-13,08:43:38,163.08,Deposit,Online Shopping,2444,63,Bengaluru,Mobile,Net Banking,39.41,2,0,0,123.67000000000002,4.035634743875279,0,0,1,5,13,1,0.0004094494,0
TXN108582,CUST10718,2025-11-09,09:59:05,880.51,Bill Payment,Healthcare,3144,33,Hyderabad,Mobile,Credit Card,472.25,0,0,0,408.26,1.8605599577390386,0,0,0,11,9,6,0.0018048966,0
TXN104988,CUST10035,2025-07-01,13:57:09,173.29,Withdrawal,Online Shopping,385,45,Chennai,Mobile,UPI,228.62,1,0,0,-55.33000000000001,0.7546816479400749,0,0,0,7,1,1,0.01168016,0
TXN109232,CUST10494,2025-12-03,01:52:54,456.76,Purchase,Fuel,3200,18,Hyderabad,Mobile,Cash,504.08,3,0,0,-47.31999999999999,0.9043319870119585,0,0,0,12,3,2,0.001994463,0
TXN106536,CUST10593,2025-08-26,22:25:14,179.77,Withdrawal,Restaurant,2475,37,Mumbai,ATM,Wallet,78.59,2,0,0,101.18,2.2587008418142984,0,0,0,8,26,1,0.015580641,0
TXN101111,CUST11304,2025-02-10,10:40:00,201.08,Withdrawal,Grocery,2172,68,Hyderabad,Mobile,Wallet,334.97,4,0,0,-133.89000000000001,0.598505818971932,0,0,0,2,10,0,0.00055242283,0
TXN107933,CUST10966,2025-10-16,18:57:42,68.58,Transfer,Restaurant,2800,43,Delhi,Mobile,UPI,98.2,3,0,0,-29.620000000000005,0.6913306451612903,0,0,0,10,16,3,0.0040433165,0
TXN103153,CUST11489,2025-04-25,18:44:10,95.79,Transfer,Utilities,479,26,Mumbai,Mobile,Debit Card,275.0,1,0,0,-179.20999999999998,0.34706521739130436,0,0,0,4,25,4,0.024771964,0
TXN109078,CUST10471,2025-11-27,11:20:02,340.56,Transfer,Utilities,2409,67,Ahmedabad,Mobile,Cash,380.44,3,1,0,-39.879999999999995,0.8928271812080537,0,0,0,11,27,3,0.0063034385,0
TXN107180,CUST10328,2025-09-19,09:04:31,154.47,Deposit,Fuel,2946,24,Delhi,Tablet,Debit Card,98.06,3,0,0,56.41,1.5593579648697757,0,0,0,9,19,4,0.0018605368,0
TXN104218,CUST12413,2025-06-03,13:12:47,117.37,Deposit,Grocery,2625,75,Mumbai,Tablet,Cash,213.38,3,0,0,-96.00999999999999,0.547485772926579,0,0,0,6,3,1,0.00092815445,0
TXN103953,CUST11403,2025-05-24,21:41:10,141.69,Withdrawal,Travel,3147,71,Nagpur,Mobile,Credit Card,54.61,6,0,0,87.08,2.547923035425283,0,0,0,5,24,5,0.00097123004,0
TXN108205,CUST11032,2025-10-26,16:36:17,355.41,Transfer,Fuel,3450,72,Hyderabad,ATM,Net Banking,100.83,2,0,0,254.58000000000004,3.4902288127270946,0,0,1,10,26,6,0.07032562,0
TXN102055,CUST10689,2025-03-16,19:25:39,52.83,Deposit,Restaurant,3527,22,Delhi,Mobile,Net Banking,564.88,3,1,0,-512.05,0.09335901604580477,0,0,0,3,16,6,0.010117801,0
TXN106866,CUST11354,2025-09-07,22:44:14,524.22,Transfer,Online Shopping,262,40,Delhi,Mobile,Credit Card,66.39,1,0,0,457.83000000000004,7.778898946431221,0,0,1,9,7,6,0.01858379,0
TXN106976,CUST11872,2025-09-11,22:50:35,90.87,Purchase,Electronics,1133,19,Mumbai,Desktop,Cash,100.22,1,0,0,-9.349999999999994,0.8977474807350326,0,0,0,9,11,3,0.005231831,0
TXN104442,CUST11256,2025-06-11,16:55:09,666.98,Transfer,Electronics,1010,22,Chennai,Mobile,UPI,174.66,3,0,0,492.32000000000005,3.79699419332802,0,0,1,6,11,2,0.004057776,0
TXN109463,CUST11462,2025-12-11,11:42:12,109.95,Bill Payment,Fuel,880,53,Bengaluru,Mobile,Debit Card,60.0,3,0,0,49.95,1.8024590163934426,0,0,0,12,11,3,0.0015372473,0
TXN109118,CUST11708,2025-11-28,22:16:53,351.03,Withdrawal,Healthcare,117,61,Chennai,Mobile,Credit Card,458.17,2,0,0,-107.14000000000004,0.7644880980900319,0,0,0,11,28,4,0.00082043465,0
TXN101781,CUST12444,2025-03-06,20:02:13,75.42,Transfer,Online Shopping,795,24,Bengaluru,Desktop,Wallet,45.0,0,0,0,30.42,1.6395652173913045,0,0,0,3,6,3,0.031108541,0
TXN105428,CUST12112,2025-07-17,14:22:30,730.38,Transfer,Other,1270,43,Ahmedabad,Mobile,Cash,180.86,4,1,0,549.52,4.016166281755196,0,0,1,7,17,3,0.16632448,0
TXN104339,CUST10719,2025-06-07,22:55:46,151.33,Purchase,Electronics,768,41,Bengaluru,Desktop,UPI,134.53,0,0,0,16.80000000000001,1.1165793551243268,0,0,0,6,7,5,0.0039143846,0
TXN104682,CUST11310,2025-06-20,10:36:15,87.08,Bill Payment,Grocery,3021,34,Delhi,Tablet,Credit Card,221.24,1,0,0,-134.16000000000003,0.39182865370770337,0,0,0,6,20,4,0.0031912937,0
TXN103408,CUST11629,2025-05-05,01:31:35,140.3,Bill Payment,Online Shopping,3467,25,Kolkata,Mobile,Credit Card,88.59,4,0,0,51.71000000000001,1.5660229936376828,0,0,0,5,5,0,0.00067882775,0
TXN107375,CUST11808,2025-09-26,11:26:39,255.48,Deposit,Online Shopping,3283,30,Hyderabad,ATM,Credit Card,88.13,3,0,0,167.35,2.8663749579266242,0,0,0,9,26,4,0.0028357545,0
TXN108834,CUST10037,2025-11-18,14:09:15,28.76,Transfer,Healthcare,269,25,Jaipur,Desktop,Cash,131.39,3,0,0,-102.62999999999998,0.21723695143137703,0,0,0,11,18,1,0.0030087524,0
TXN100735,CUST10624,2025-01-27,18:09:36,299.19,Deposit,Grocery,3281,32,Chennai,Mobile,Wallet,24.63,3,0,0,274.56,11.67342957471713,0,0,1,1,27,0,0.021981817,0
TXN101667,CUST10837,2025-03-02,16:26:12,175.07,Purchase,Utilities,2279,59,Pune,Desktop,Net Banking,11.55,5,0,0,163.51999999999998,13.949800796812747,0,0,1,3,2,6,0.012480288,0
TXN108327,CUST11070,2025-10-31,03:11:40,128.61,Purchase,Entertainment,2638,66,Hyderabad,Desktop,Net Banking,291.89,0,0,0,-163.27999999999997,0.4391068319164192,0,0,0,10,31,4,0.0017018035,0
TXN109612,CUST11909,2025-12-16,21:52:58,44.61,Transfer,Fuel,1060,64,Kolkata,Tablet,Cash,38.86,2,0,0,5.75,1.1191670847967887,0,0,0,12,16,1,0.0017395448,0
TXN100994,CUST10954,2025-02-06,04:26:42,117.29,Transfer,Grocery,2190,53,Pune,Desktop,Cash,161.92,0,0,0,-44.62999999999998,0.7199238890252886,0,0,0,2,6,3,0.0005836992,0
TXN104402,CUST10564,2025-06-10,05:58:18,116.45,Purchase,Online Shopping,1895,19,Kolkata,Mobile,Cash,178.63,2,0,0,-62.17999999999999,0.6482770138618271,0,0,0,6,10,1,0.0010537358,0
TXN102065,CUST11352,2025-03-17,04:09:51,842.34,Purchase,Healthcare,2342,54,Kolkata,Mobile,Credit Card,162.01,1,0,0,680.33,5.167413042144654,0,0,1,3,17,0,0.0035398635,0
TXN108075,CUST11445,2025-10-21,23:01:31,559.7,Bill Payment,Online Shopping,3305,35,Chennai,Mobile,Credit Card,171.41,1,0,0,388.2900000000001,3.246331419291225,0,0,1,10,21,1,0.0010721842,0
TXN102336,CUST10997,2025-03-27,00:56:01,100.22,Purchase,Online Shopping,744,71,Delhi,Desktop,Credit Card,408.52,2,0,0,-308.29999999999995,0.24472553233053332,0,0,0,3,27,3,0.003034279,0
TXN102326,CUST12206,2025-03-26,16:11:48,229.6,Purchase,Other,2083,25,Ahmedabad,ATM,Cash,414.62,5,0,0,-185.02,0.5524276983783263,0,0,0,3,26,2,0.0012734921,0
TXN100634,CUST11901,2025-01-24,01:55:04,205.91,Purchase,Travel,894,34,Mumbai,Desktop,Wallet,196.6,10,0,0,9.310000000000002,1.0420546558704453,0,1,0,1,24,4,0.01773953,0
TXN109728,CUST11264,2025-12-21,03:13:50,121.42,Deposit,Entertainment,2522,18,Chennai,Mobile,Debit Card,161.96,2,0,0,-40.540000000000006,0.7450908198330879,0,0,0,12,21,6,0.0025586854,0
TXN101721,CUST10489,2025-03-04,15:36:57,291.91,Withdrawal,Restaurant,2044,58,Hyderabad,ATM,Credit Card,65.48,2,0,0,226.43,4.390944645006017,0,0,1,3,4,1,0.0011116936,0
TXN105135,CUST10259,2025-07-06,22:23:04,89.4,Bill Payment,Utilities,2363,52,Hyderabad,Mobile,Wallet,27.87,3,0,0,61.53,3.096640110841704,0,0,1,7,6,6,0.0020520282,0
TXN100392,CUST12294,2025-01-15,06:29:07,91.52,Purchase,Grocery,2752,37,Mumbai,Desktop,Credit Card,179.82,0,1,0,-88.3,0.5061387014710762,0,0,0,1,15,2,0.011594646,0
TXN107982,CUST11167,2025-10-18,13:46:21,391.16,Bill Payment,Fuel,2458,54,Nagpur,Mobile,UPI,35.62,4,0,0,355.54,10.68159475696341,0,0,1,10,18,5,0.0028035867,0
